Estimating Reweighted RIF-OAXACA using RIF:q(100)
invalid numlist has elements outside of allowed range
r(125);

end of do-file

r(125);

. do "/var/folders/14/04v4h4t52rq0_5mkppfg4bp40000gn/T//SD05543.000000"

. clear

. 
end of do-file

. do "/var/folders/14/04v4h4t52rq0_5mkppfg4bp40000gn/T//SD05543.000000"

. clear

. set more off

. cd "/Users/sandeepsharma/Desktop/Research/Data Analysis/Formal informal wage/Formal_informal_wage/Data/Cleaned/Pooled"
/Users/sandeepsharma/Desktop/Research/Data Analysis/Formal Informal wage/Formal_informal_wage/Data/Cleaned/Pooled

. //cd "D:/Work/Sandeep_research/Data/Cleaned/Pooled"
. use Pooled.dta

. gen ln_wage = ln(hourly_wage)

. label define formal_employment 0 "Informal Employment" 1 "Formal Employment"

. 
. sort psu hhid year

. by psu hhid year: egen total_formal = total(formal_employment)

. gen HH_formal = total_formal - formal_employment

. 
. 
. global exp "experience experience_sq"

. global education "education_Below_primary education_Primary education_Tenth_grade education_Secondary education_Bachelor education_Masters_above" 

. global caste "caste_group_6_Janajati caste_group_6_Adhibasi caste_group_6_Madhesi caste_group_6_Dalit caste_group_6_Others"

. 
. local quantiles = "5 95"

. 
end of do-file

. do "/var/folders/14/04v4h4t52rq0_5mkppfg4bp40000gn/T//SD05543.000000"

. foreach q of local quantiles {
  2.     * Perform Oaxaca-RIF decomposition and save results using asdoc
. oaxaca_rif ln_wage $exp $education $caste hh_size female ///
> married child_12 voc_train migrated_fr_job tot_chores_hrs urban overtime_40 ///
> $class_5 if year == 2008, by(formal_employment) wgt(1) rif(q(`q')) rwlogit(HH_formal dep_ratio $exp $education $caste) swap
  3. }

. 
end of do-file

. do "/var/folders/14/04v4h4t52rq0_5mkppfg4bp40000gn/T//SD05543.000000"

. foreach q of local quantiles {
  2. 
unexpected end of file
r(612);

end of do-file

r(612);
. do "/var/folders/14/04v4h4t52rq0_5mkppfg4bp40000gn/T//SD05543.000000"

. foreach q of local quantiles {
  2.     * Perform Oaxaca-RIF decomposition and save results using asdoc
. oaxaca_rif ln_wage $exp $education $caste hh_size female ///
> married child_12 voc_train migrated_fr_job tot_chores_hrs urban overtime_40 ///
> $class_5 if year == 2008, by(formal_employment) wgt(1) rif(q(`q')) rwlogit(HH_formal dep_ratio $exp $education $caste) swap
  3. }

. 
end of do-file

. do "/var/folders/14/04v4h4t52rq0_5mkppfg4bp40000gn/T//SD05543.000000"

. local quantiles "5 95"

. 
end of do-file

. do "/var/folders/14/04v4h4t52rq0_5mkppfg4bp40000gn/T//SD05543.000000"

. foreach q of local quantiles {
  2.     * Perform Oaxaca-RIF decomposition and save results using asdoc
. oaxaca_rif ln_wage $exp $education $caste hh_size female ///
> married child_12 voc_train migrated_fr_job tot_chores_hrs urban overtime_40 ///
> $class_5 if year == 2008, by(formal_employment) wgt(1) rif(q(`q')) rwlogit(HH_formal dep_ratio $exp $education $caste) swap
  3. }

. 
end of do-file

. oaxaca_rif ln_wage $exp $education $caste hh_size female married child_12 voc_train migrated_fr_job tot_chores_hrs urban overtime_40 $class_5 if year == 2008, by(formal_employment) wgt(1) rif(q(10))
>  rwlogit(HH_formal dep_ratio $exp $education $caste) swap
Estimating Reweighted RIF-OAXACA using RIF:q(10)
Model  : Blinder-Oaxaca RIF-decomposition
Type   : Reweighted
RIF    : q(10)
Scale  : 1
Group 1: formal_employment = 1 x1*b1             N of obs 1      = 2379
Group c: X1~>rw~>X2 or x2*b1                     N of obs C      = 2379
Group 2: formal_employment = 0 x2*b2             N of obs 2      = 4339

-----------------------------------------------------------------------------------------
                ln_wage |      Coef.   Std. Err.      z    P>|z|     [95% Conf. Interval]
------------------------+----------------------------------------------------------------
Overall                 |
                group_1 |   2.869244   .0263404   108.93   0.000     2.817618     2.92087
                group_c |   2.541777   .0170283   149.27   0.000     2.508403    2.575152
                group_2 |   2.197824   .0188961   116.31   0.000     2.160789     2.23486
            tdifference |   .6714195   .0324173    20.71   0.000     .6078828    .7349562
            t_explained |   .3274664   .0313653    10.44   0.000     .2659916    .3889413
          t_unexplained |   .3439531   .0254367    13.52   0.000      .294098    .3938081
------------------------+----------------------------------------------------------------
explained               |
                  total |   .3274664   .0313653    10.44   0.000     .2659916    .3889413
            p_explained |   .5242302   .0378831    13.84   0.000     .4499808    .5984797
             specif_err |  -.1967638   .0463149    -4.25   0.000    -.2875394   -.1059882
------------------------+----------------------------------------------------------------
p_explained             |
             experience |    .035156   .0168505     2.09   0.037     .0021296    .0681825
          experience_sq |   .0062052    .010454     0.59   0.553    -.0142843    .0266947
education_Below_primary |  -.0361676   .0129756    -2.79   0.005    -.0615994   -.0107359
      education_Primary |  -.0743898   .0225167    -3.30   0.001    -.1185217   -.0302579
  education_Tenth_grade |   .0591809   .0146284     4.05   0.000     .0305097    .0878521
    education_Secondary |   .1395828   .0230192     6.06   0.000     .0944659    .1846997
     education_Bachelor |   .1490483   .0229668     6.49   0.000     .1040341    .1940625
education_Masters_above |   .0900463   .0158112     5.70   0.000     .0590569    .1210356
 caste_group_6_Janajati |   .0070776   .0044778     1.58   0.114    -.0016987    .0158539
 caste_group_6_Adhibasi |   .0329828    .008413     3.92   0.000     .0164936    .0494719
  caste_group_6_Madhesi |   .0024958   .0020114     1.24   0.215    -.0014465    .0064381
    caste_group_6_Dalit |  -.0069017   .0121337    -0.57   0.569    -.0306834      .01688
   caste_group_6_Others |   .0072826     .00885     0.82   0.411     -.010063    .0246283
                hh_size |   .0026891   .0023187     1.16   0.246    -.0018554    .0072336
                 female |  -.0004803   .0009675    -0.50   0.620    -.0023766    .0014159
                married |   .0316833   .0103302     3.07   0.002     .0114364    .0519302
               child_12 |   .0065397   .0063333     1.03   0.302    -.0058733    .0189527
              voc_train |   .0167052   .0053091     3.15   0.002     .0062995    .0271109
        migrated_fr_job |   .0050578   .0029183     1.73   0.083    -.0006619    .0107776
         tot_chores_hrs |  -.0015589   .0016288    -0.96   0.339    -.0047513    .0016336
                  urban |   .0210885    .005815     3.63   0.000     .0096913    .0324857
            overtime_40 |   .0309066   .0071767     4.31   0.000     .0168405    .0449727
------------------------+----------------------------------------------------------------
specif_err              |
             experience |   .4302428   .1742312     2.47   0.014      .088756    .7717296
          experience_sq |  -.1557289   .1004377    -1.55   0.121    -.3525831    .0411254
education_Below_primary |   .0956591   .0265998     3.60   0.000     .0435245    .1477938
      education_Primary |   .2290509   .0462426     4.95   0.000     .1384171    .3196848
  education_Tenth_grade |   .1574367    .029861     5.27   0.000     .0989102    .2159631
    education_Secondary |   .0766913   .0148231     5.17   0.000     .0476385    .1057441
     education_Bachelor |   .0576253   .0110243     5.23   0.000     .0360181    .0792326
education_Masters_above |   .0222245   .0054054     4.11   0.000     .0116302    .0328188
 caste_group_6_Janajati |  -.0344452   .0274358    -1.26   0.209    -.0882183    .0193279
 caste_group_6_Adhibasi |  -.0508971    .014038    -3.63   0.000    -.0784111   -.0233831
  caste_group_6_Madhesi |  -.0095252   .0112986    -0.84   0.399      -.03167    .0126197
    caste_group_6_Dalit |  -.0039048   .0180797    -0.22   0.829    -.0393403    .0315307
   caste_group_6_Others |   .0037236   .0137967     0.27   0.787    -.0233173    .0307646
                hh_size |  -.1310612   .0869362    -1.51   0.132    -.3014529    .0393306
                 female |  -.0099861   .0195059    -0.51   0.609    -.0482169    .0282448
                married |   .0902627   .0690216     1.31   0.191    -.0450171    .2255426
               child_12 |   .0576877   .0413268     1.40   0.163    -.0233113    .1386866
              voc_train |   .0056242   .0128234     0.44   0.661    -.0195092    .0307575
        migrated_fr_job |  -.0185928   .0242154    -0.77   0.443    -.0660542    .0288685
         tot_chores_hrs |  -.0307294   .0250366    -1.23   0.220    -.0798003    .0183415
                  urban |   .1300834   .0480333     2.71   0.007     .0359398     .224227
            overtime_40 |  -.1001235   .0343664    -2.91   0.004    -.1674804   -.0327666
                  _cons |  -1.008082   .2122776    -4.75   0.000    -1.424138   -.5920255
------------------------+----------------------------------------------------------------
unexplained             |
                  total |   .3439531   .0254367    13.52   0.000      .294098    .3938081
              rwg_error |   .0273459   .0096244     2.84   0.004     .0084825    .0462093
          p_unexplained |   .3166072   .0258302    12.26   0.000      .265981    .3672333
------------------------+----------------------------------------------------------------
p_unexplained           |
             experience |   .2091853   .1457031     1.44   0.151    -.0763876    .4947582
          experience_sq |  -.1134661   .0748749    -1.52   0.130    -.2602182     .033286
education_Below_primary |  -.0630014   .0146749    -4.29   0.000    -.0917636   -.0342392
      education_Primary |  -.1307373   .0225259    -5.80   0.000    -.1748873   -.0865873
  education_Tenth_grade |  -.0739386   .0163905    -4.51   0.000    -.1060634   -.0418138
    education_Secondary |  -.0318594   .0096571    -3.30   0.001     -.050787   -.0129318
     education_Bachelor |  -.0262364   .0075273    -3.49   0.000    -.0409896   -.0114831
education_Masters_above |  -.0071391   .0039628    -1.80   0.072     -.014906    .0006279
 caste_group_6_Janajati |   .0026861   .0250173     0.11   0.914     -.046347    .0517191
 caste_group_6_Adhibasi |  -.0014176   .0084352    -0.17   0.867    -.0179502    .0151151
  caste_group_6_Madhesi |   .0093347   .0109714     0.85   0.395    -.0121688    .0308382
    caste_group_6_Dalit |   .0235688   .0109554     2.15   0.031     .0020967    .0450409
   caste_group_6_Others |  -.0027311   .0078681    -0.35   0.729    -.0181522    .0126901
                hh_size |   .0541648    .074272     0.73   0.466    -.0914056    .1997352
                 female |   .0782942   .0170286     4.60   0.000     .0449186    .1116697
                married |  -.0842954   .0504178    -1.67   0.095    -.1831126    .0145218
               child_12 |  -.0668404   .0342927    -1.95   0.051    -.1340528     .000372
              voc_train |   .0159195   .0107374     1.48   0.138    -.0051255    .0369644
        migrated_fr_job |   .0365468     .01743     2.10   0.036     .0023846     .070709
         tot_chores_hrs |   .0723383   .0205579     3.52   0.000     .0320456     .112631
                  urban |   .0116386   .0411291     0.28   0.777    -.0689729    .0922501
            overtime_40 |   .0723593   .0402199     1.80   0.072    -.0064702    .1511888
                  _cons |   .3322336   .1453382     2.29   0.022     .0473759    .6170913
------------------------+----------------------------------------------------------------
rwg_error               |
             experience |  -.0091782   .0069832    -1.31   0.189    -.0228651    .0045087
          experience_sq |   .0068147   .0053842     1.27   0.206    -.0037381    .0173675
education_Below_primary |   .0028649   .0017433     1.64   0.100     -.000552    .0062818
      education_Primary |  -.0035667   .0033777    -1.06   0.291    -.0101869    .0030534
  education_Tenth_grade |   -.000751   .0010046    -0.75   0.455    -.0027201     .001218
    education_Secondary |   .0001593   .0006376     0.25   0.803    -.0010903    .0014089
     education_Bachelor |   .0000888   .0005187     0.17   0.864    -.0009278    .0011053
education_Masters_above |   .0000166   .0001242     0.13   0.894    -.0002268    .0002599
 caste_group_6_Janajati |   9.66e-07    .000059     0.02   0.987    -.0001146    .0001165
 caste_group_6_Adhibasi |   -.000431   .0006521    -0.66   0.509    -.0017091    .0008471
  caste_group_6_Madhesi |   .0015033   .0012214     1.23   0.218    -.0008906    .0038973
    caste_group_6_Dalit |  -.0006768   .0010472    -0.65   0.518    -.0027293    .0013758
   caste_group_6_Others |  -.0008173   .0013069    -0.63   0.532    -.0033787    .0017442
                hh_size |    -.00131   .0040027    -0.33   0.743    -.0091552    .0065352
                 female |     .00022   .0005614     0.39   0.695    -.0008803    .0013203
                married |    .001434   .0016906     0.85   0.396    -.0018794    .0047475
               child_12 |   .0066652   .0030051     2.22   0.027     .0007753    .0125551
              voc_train |   .0040177   .0019485     2.06   0.039     .0001988    .0078367
        migrated_fr_job |   .0097662   .0030622     3.19   0.001     .0037645    .0157679
         tot_chores_hrs |   .0000879   .0005418     0.16   0.871     -.000974    .0011497
                  urban |  -.0027853   .0015821    -1.76   0.078    -.0058862    .0003156
            overtime_40 |   .0132226   .0060348     2.19   0.028     .0013946    .0250506
-----------------------------------------------------------------------------------------

. 
. do "/var/folders/14/04v4h4t52rq0_5mkppfg4bp40000gn/T//SD05543.000000"

. clear

. set more off

. cd "/Users/sandeepsharma/Desktop/Research/Data Analysis/Formal informal wage/Formal_informal_wage/Data/Cleaned/Pooled"
/Users/sandeepsharma/Desktop/Research/Data Analysis/Formal Informal wage/Formal_informal_wage/Data/Cleaned/Pooled

. //cd "D:/Work/Sandeep_research/Data/Cleaned/Pooled"
. use Pooled.dta

. gen ln_wage = ln(hourly_wage)

. label define formal_employment 0 "Informal Employment" 1 "Formal Employment"

. 
. sort psu hhid year

. by psu hhid year: egen total_formal = total(formal_employment)

. gen HH_formal = total_formal - formal_employment

. 
. 
. global exp "experience experience_sq"

. global education "education_Below_primary education_Primary education_Tenth_grade education_Secondary education_Bachelor education_Masters_above" 

. global caste "caste_group_6_Janajati caste_group_6_Adhibasi caste_group_6_Madhesi caste_group_6_Dalit caste_group_6_Others"

. 
end of do-file

. do "/var/folders/14/04v4h4t52rq0_5mkppfg4bp40000gn/T//SD05543.000000"

. 
. local quantiles "5 95"

. 
end of do-file

. do "/var/folders/14/04v4h4t52rq0_5mkppfg4bp40000gn/T//SD05543.000000"

. foreach q of local quantiles {
  2.     * Perform Oaxaca-RIF decomposition and save results using asdoc
. oaxaca_rif ln_wage $exp $education $caste hh_size female ///
> married child_12 voc_train migrated_fr_job tot_chores_hrs urban overtime_40 ///
> $class_5 if year == 2008, by(formal_employment) wgt(1) rif(q(`q')) rwlogit(HH_formal dep_ratio $exp $education $caste) swap ///
> }
program error:  matching close brace not found

. 
end of do-file

. do "/var/folders/14/04v4h4t52rq0_5mkppfg4bp40000gn/T//SD05543.000000"

. foreach q of local quantiles {
  2.     * Perform Oaxaca-RIF decomposition and save results using asdoc
.     oaxaca_rif ln_wage $exp $education $caste hh_size female ///
>     married child_12 voc_train migrated_fr_job tot_chores_hrs urban overtime_40 ///
>     $class_5 if year == 2008 , by(formal_employment) wgt(1) rif(q(`q')) rwlogit(HH_formal dep_ratio $exp $education $caste) swap ///
>     //save(asdoc.doc)
  3. }

. 
end of do-file

. do "/var/folders/14/04v4h4t52rq0_5mkppfg4bp40000gn/T//SD05543.000000"

. clear

. set more off

. cd "/Users/sandeepsharma/Desktop/Research/Data Analysis/Formal informal wage/Formal_informal_wage/Data/Cleaned/Pooled"
/Users/sandeepsharma/Desktop/Research/Data Analysis/Formal Informal wage/Formal_informal_wage/Data/Cleaned/Pooled

. //cd "D:/Work/Sandeep_research/Data/Cleaned/Pooled"
. use Pooled.dta

. gen ln_wage = ln(hourly_wage)

. label define formal_employment 0 "Informal Employment" 1 "Formal Employment"

. 
. sort psu hhid year

. by psu hhid year: egen total_formal = total(formal_employment)

. gen HH_formal = total_formal - formal_employment

. 
. 
. global exp "experience experience_sq"

. global education "education_Below_primary education_Primary education_Tenth_grade education_Secondary education_Bachelor education_Masters_above" 

. global caste "caste_group_6_Janajati caste_group_6_Adhibasi caste_group_6_Madhesi caste_group_6_Dalit caste_group_6_Others"

. 
end of do-file

. do "/var/folders/14/04v4h4t52rq0_5mkppfg4bp40000gn/T//SD05543.000000"

. local quantiles ""

. 
. * Loop through even numbers from 2 to 100 and add them to the local macro
. forvalues i = 1(50)100 {
  2.     local quantiles "`quantiles' `i'"
  3. }

. 
. * Display the local macro to verify (optional)
. di "`quantiles'"
 1 51

. 
. * Loop through quantiles and perform Oaxaca-RIF decomposition
. foreach q of local quantiles {
  2.     * Perform Oaxaca-RIF decomposition and save results using asdoc
.     oaxaca_rif ln_wage $exp $education $caste hh_size female ///
>     married child_12 voc_train migrated_fr_job tot_chores_hrs urban overtime_40 ///
>     $class_5 if year == 2008 , by(formal_employment) wgt(1) rif(q(`q')) rwlogit(HH_formal dep_ratio $exp $education $caste) swap ///
>     //save(asdoc.doc)
  3. }
Estimating Reweighted RIF-OAXACA using RIF:q(1)
Model  : Blinder-Oaxaca RIF-decomposition
Type   : Reweighted
RIF    : q(1)
Scale  : 1
Group 1: formal_employment = 1 x1*b1             N of obs 1      = 2379
Group c: X1~>rw~>X2 or x2*b1                     N of obs C      = 2379
Group 2: formal_employment = 0 x2*b2             N of obs 2      = 4339

-----------------------------------------------------------------------------------------
                ln_wage |      Coef.   Std. Err.      z    P>|z|     [95% Conf. Interval]
------------------------+----------------------------------------------------------------
Overall                 |
                group_1 |   1.849282   .1013713    18.24   0.000     1.650598    2.047966
                group_c |   1.655726   .0764928    21.65   0.000     1.505803     1.80565
                group_2 |   1.025067   .0573041    17.89   0.000     .9127535    1.137381
            tdifference |    .824215    .116447     7.08   0.000     .5959832    1.052447
            t_explained |   .1935559   .1269933     1.52   0.127    -.0553463    .4424582
          t_unexplained |   .6306591   .0955767     6.60   0.000     .4433321     .817986
------------------------+----------------------------------------------------------------
explained               |
                  total |   .1935559   .1269933     1.52   0.127    -.0553463    .4424582
            p_explained |   .5253431   .1450467     3.62   0.000     .2410569    .8096293
             specif_err |  -.3317872   .1899212    -1.75   0.081    -.7040258    .0404515
------------------------+----------------------------------------------------------------
p_explained             |
             experience |    .073749   .0423658     1.74   0.082    -.0092866    .1567845
          experience_sq |   .0180383   .0308327     0.59   0.559    -.0423928    .0784693
education_Below_primary |   .0150407   .0501839     0.30   0.764    -.0833179    .1133994
      education_Primary |   .1891904   .0901673     2.10   0.036     .0124657    .3659151
  education_Tenth_grade |  -.0287273   .0457965    -0.63   0.530    -.1184868    .0610323
    education_Secondary |  -.0158584   .0836869    -0.19   0.850    -.1798818    .1481649
     education_Bachelor |  -.0036383   .0832365    -0.04   0.965    -.1667788    .1595022
education_Masters_above |   .0031098   .0568386     0.05   0.956    -.1082919    .1145114
 caste_group_6_Janajati |   .0073944   .0175959     0.42   0.674    -.0270928    .0418817
 caste_group_6_Adhibasi |   .1459621   .0352505     4.14   0.000     .0768723    .2150518
  caste_group_6_Madhesi |   .0050283   .0057924     0.87   0.385    -.0063247    .0163813
    caste_group_6_Dalit |   .0096503   .0496608     0.19   0.846    -.0876832    .1069837
   caste_group_6_Others |   .0247423   .0362104     0.68   0.494    -.0462289    .0957135
                hh_size |    .006136   .0077686     0.79   0.430    -.0090901    .0213621
                 female |   .0016874   .0035767     0.47   0.637    -.0053229    .0086976
                married |  -.0080836   .0403453    -0.20   0.841    -.0871588    .0709917
               child_12 |   .0158642   .0257143     0.62   0.537    -.0345348    .0662633
              voc_train |   .0224995   .0196078     1.15   0.251    -.0159311    .0609301
        migrated_fr_job |   .0103312   .0102847     1.00   0.315    -.0098265    .0304889
         tot_chores_hrs |  -.0007918   .0046463    -0.17   0.865    -.0098983    .0083147
                  urban |   .0058722   .0184676     0.32   0.751    -.0303236    .0420679
            overtime_40 |   .0281466   .0253848     1.11   0.268    -.0216067    .0778998
------------------------+----------------------------------------------------------------
specif_err              |
             experience |   1.487974    .742129     2.01   0.045     .0334284     2.94252
          experience_sq |  -.7069589   .4245989    -1.67   0.096    -1.539157    .1252396
education_Below_primary |   .0756631   .1091322     0.69   0.488     -.138232    .2895582
      education_Primary |  -.0919865   .1900201    -0.48   0.628    -.4644191     .280446
  education_Tenth_grade |    .100643   .1216634     0.83   0.408    -.1378128    .3390988
    education_Secondary |   .0372746   .0583723     0.64   0.523     -.077133    .1516822
     education_Bachelor |   .0293855   .0417815     0.70   0.482    -.0525047    .1112758
education_Masters_above |   .0136075    .019011     0.72   0.474    -.0236534    .0508684
 caste_group_6_Janajati |  -.0620969   .1180293    -0.53   0.599    -.2934301    .1692363
 caste_group_6_Adhibasi |   -.070933   .0576317    -1.23   0.218    -.1838891    .0420231
  caste_group_6_Madhesi |  -.0293565   .0483685    -0.61   0.544    -.1241571    .0654441
    caste_group_6_Dalit |   -.010692   .0756218    -0.14   0.888     -.158908    .1375241
   caste_group_6_Others |  -.0345583   .0578888    -0.60   0.551    -.1480182    .0789016
                hh_size |  -.4606625   .3724613    -1.24   0.216    -1.190673    .2693482
                 female |   .1313812    .083584     1.57   0.116    -.0324404    .2952029
                married |   .1418264   .2922645     0.49   0.627    -.4310014    .7146542
               child_12 |  -.0825914   .1760876    -0.47   0.639    -.4277168    .2625339
              voc_train |   .0258989   .0552989     0.47   0.640    -.0824849    .1342827
        migrated_fr_job |   .0164357   .1037546     0.16   0.874    -.1869197     .219791
         tot_chores_hrs |  -.1172243   .1073231    -1.09   0.275    -.3275737    .0931251
                  urban |  -.0623977   .2044736    -0.31   0.760    -.4631587    .3383633
            overtime_40 |   .0221054    .146823     0.15   0.880    -.2656625    .3098732
                  _cons |  -.6845249   .8938689    -0.77   0.444    -2.436476    1.067426
------------------------+----------------------------------------------------------------
unexplained             |
                  total |   .6306591   .0955767     6.60   0.000     .4433321     .817986
              rwg_error |   .0273598   .0371283     0.74   0.461    -.0454104      .10013
          p_unexplained |   .6032993   .1004994     6.00   0.000     .4063241    .8002745
------------------------+----------------------------------------------------------------
p_unexplained           |
             experience |  -.0104342   .5604759    -0.02   0.985    -1.108947    1.088078
          experience_sq |  -.1979259   .2896397    -0.68   0.494    -.7656094    .3697575
education_Below_primary |  -.1081101   .0565762    -1.91   0.056    -.2189975    .0027772
      education_Primary |  -.2912985   .0863848    -3.37   0.001    -.4606097   -.1219874
  education_Tenth_grade |  -.1365435   .0630009    -2.17   0.030    -.2600229   -.0130641
    education_Secondary |  -.0586884   .0367326    -1.60   0.110     -.130683    .0133061
     education_Bachelor |  -.0307385    .028389    -1.08   0.279    -.0863799    .0249029
education_Masters_above |  -.0161393   .0151101    -1.07   0.285    -.0457546    .0134761
 caste_group_6_Janajati |   .0999056   .0965735     1.03   0.301    -.0893751    .2891862
 caste_group_6_Adhibasi |   -.160317   .0335848    -4.77   0.000    -.2261421    -.094492
  caste_group_6_Madhesi |   .0378229   .0426119     0.89   0.375     -.045695    .1213408
    caste_group_6_Dalit |   .0469741   .0423357     1.11   0.267    -.0360023    .1299504
   caste_group_6_Others |  -.0054967   .0305268    -0.18   0.857    -.0653281    .0543347
                hh_size |   .1566481   .2964408     0.53   0.597    -.4243651    .7376614
                 female |  -.0552509   .0658517    -0.84   0.401    -.1843177     .073816
                married |  -.3404266   .1945724    -1.75   0.080    -.7217814    .0409282
               child_12 |   .1054711   .1345863     0.78   0.433    -.1583132    .3692554
              voc_train |   .0287819   .0408965     0.70   0.482    -.0513737    .1089375
        migrated_fr_job |   .0203723   .0675595     0.30   0.763     -.112042    .1527865
         tot_chores_hrs |   .1608824   .0799037     2.01   0.044      .004274    .3174908
                  urban |  -.1692001   .1579239    -1.07   0.284    -.4787253    .1403251
            overtime_40 |  -.1026947   .1526813    -0.67   0.501    -.4019446    .1965552
                  _cons |   1.629705   .5572429     2.92   0.003     .5375295    2.721881
------------------------+----------------------------------------------------------------
rwg_error               |
             experience |  -.0039308   .0116201    -0.34   0.735    -.0267058    .0188442
          experience_sq |    .008126   .0117229     0.69   0.488    -.0148504    .0311025
education_Below_primary |   .0134699    .008158     1.65   0.099    -.0025196    .0294593
      education_Primary |    -.01236   .0118885    -1.04   0.298    -.0356611    .0109411
  education_Tenth_grade |   -.008344   .0096223    -0.87   0.386    -.0272034    .0105154
    education_Secondary |  -.0010398     .00411    -0.25   0.800    -.0090953    .0070157
     education_Bachelor |  -.0005776   .0033481    -0.17   0.863    -.0071399    .0059846
education_Masters_above |  -.0004244   .0022853    -0.19   0.853    -.0049036    .0040547
 caste_group_6_Janajati |  -.0000132   .0007944    -0.02   0.987    -.0015702    .0015439
 caste_group_6_Adhibasi |  -.0144974   .0144461    -1.00   0.316    -.0428111    .0138164
  caste_group_6_Madhesi |   .0015626    .004388     0.36   0.722    -.0070377     .010163
    caste_group_6_Dalit |   .0001314   .0016363     0.08   0.936    -.0030756    .0033384
   caste_group_6_Others |  -.0000502   .0015019    -0.03   0.973    -.0029939    .0028935
                hh_size |  -.0159943    .018747    -0.85   0.394    -.0527377    .0207491
                 female |    .003742   .0045518     0.82   0.411    -.0051794    .0126635
                married |  -.0026481   .0037014    -0.72   0.474    -.0099028    .0046065
               child_12 |   .0004252   .0072808     0.06   0.953     -.013845    .0146953
              voc_train |   .0029759   .0050069     0.59   0.552    -.0068374    .0127892
        migrated_fr_job |   .0112541   .0105853     1.06   0.288    -.0094927    .0320009
         tot_chores_hrs |   .0038181   .0044868     0.85   0.395    -.0049758    .0126121
                  urban |  -.0053236   .0058311    -0.91   0.361    -.0167524    .0061053
            overtime_40 |   .0470579   .0278944     1.69   0.092    -.0076142      .10173
-----------------------------------------------------------------------------------------
Estimating Reweighted RIF-OAXACA using RIF:q(51)
Model  : Blinder-Oaxaca RIF-decomposition
Type   : Reweighted
RIF    : q(51)
Scale  : 1
Group 1: formal_employment = 1 x1*b1             N of obs 1      = 2379
Group c: X1~>rw~>X2 or x2*b1                     N of obs C      = 2379
Group 2: formal_employment = 0 x2*b2             N of obs 2      = 4339

-----------------------------------------------------------------------------------------
                ln_wage |      Coef.   Std. Err.      z    P>|z|     [95% Conf. Interval]
------------------------+----------------------------------------------------------------
Overall                 |
                group_1 |   3.771828   .0137286   274.74   0.000     3.744921    3.798736
                group_c |   3.290779   .0179963   182.86   0.000     3.255507    3.326051
                group_2 |   2.978699   .0112475   264.83   0.000     2.956654    3.000743
            tdifference |   .7931297   .0177477    44.69   0.000     .7583448    .8279145
            t_explained |   .4810493    .022635    21.25   0.000     .4366856     .525413
          t_unexplained |   .3120804    .021222    14.71   0.000     .2704861    .3536747
------------------------+----------------------------------------------------------------
explained               |
                  total |   .4810493    .022635    21.25   0.000     .4366856     .525413
            p_explained |   .3861372   .0190891    20.23   0.000     .3487232    .4235512
             specif_err |   .0949121   .0249892     3.80   0.000     .0459341      .14389
------------------------+----------------------------------------------------------------
p_explained             |
             experience |    .024597   .0112589     2.18   0.029       .00253     .046664
          experience_sq |   .0034848    .005842     0.60   0.551    -.0079654    .0149349
education_Below_primary |  -.0011287    .005632    -0.20   0.841    -.0121672    .0099098
      education_Primary |  -.0199119   .0101047    -1.97   0.049    -.0397167   -.0001071
  education_Tenth_grade |   .0341032   .0074947     4.55   0.000     .0194139    .0487925
    education_Secondary |   .0832273   .0113308     7.35   0.000     .0610193    .1054353
     education_Bachelor |    .112243   .0123478     9.09   0.000     .0880417    .1364443
education_Masters_above |   .0877511   .0097683     8.98   0.000     .0686054    .1068967
 caste_group_6_Janajati |  -.0005288   .0019719    -0.27   0.789    -.0043935     .003336
 caste_group_6_Adhibasi |   .0029694   .0033219     0.89   0.371    -.0035415    .0094802
  caste_group_6_Madhesi |   .0010458   .0008712     1.20   0.230    -.0006616    .0027533
    caste_group_6_Dalit |   .0097225   .0056459     1.72   0.085    -.0013432    .0207883
   caste_group_6_Others |   .0031208   .0040688     0.77   0.443    -.0048539    .0110954
                hh_size |  -.0011088    .001015    -1.09   0.275    -.0030982    .0008806
                 female |  -.0012858   .0021833    -0.59   0.556    -.0055651    .0029934
                married |  -.0032347   .0045398    -0.71   0.476    -.0121326    .0056631
               child_12 |   .0054642   .0030062     1.82   0.069    -.0004278    .0113563
              voc_train |   .0058113   .0023298     2.49   0.013      .001245    .0103776
        migrated_fr_job |   .0035903   .0016323     2.20   0.028     .0003909    .0067896
         tot_chores_hrs |   .0003585    .000584     0.61   0.539    -.0007861     .001503
                  urban |   .0035469   .0021608     1.64   0.101    -.0006882     .007782
            overtime_40 |      .0323   .0048024     6.73   0.000     .0228876    .0417125
------------------------+----------------------------------------------------------------
specif_err              |
             experience |  -.3212896   .1079249    -2.98   0.003    -.5328185   -.1097606
          experience_sq |   .1718121   .0593341     2.90   0.004     .0555193    .2881049
education_Below_primary |  -.0432308   .0139683    -3.09   0.002    -.0706082   -.0158534
      education_Primary |  -.0777178   .0243046    -3.20   0.001     -.125354   -.0300817
  education_Tenth_grade |  -.0090848   .0160394    -0.57   0.571    -.0405213    .0223518
    education_Secondary |  -.0131119   .0081089    -1.62   0.106    -.0290051    .0027812
     education_Bachelor |  -.0102627   .0059996    -1.71   0.087    -.0220216    .0014962
education_Masters_above |  -.0002233   .0028893    -0.08   0.938    -.0058862    .0054395
 caste_group_6_Janajati |   .0271049    .018007     1.51   0.132    -.0081882    .0623979
 caste_group_6_Adhibasi |   .0330781   .0081471     4.06   0.000     .0171102    .0490461
  caste_group_6_Madhesi |   .0183999   .0072956     2.52   0.012     .0041009    .0326989
    caste_group_6_Dalit |   .0127772   .0099421     1.29   0.199    -.0067089    .0322634
   caste_group_6_Others |    .005568   .0077046     0.72   0.470    -.0095328    .0206688
                hh_size |   .0795762   .0556261     1.43   0.153    -.0294488    .1886013
                 female |  -.0217558   .0123989    -1.75   0.079    -.0460572    .0025455
                married |  -.0775185   .0411899    -1.88   0.060    -.1582493    .0032123
               child_12 |   .0138406   .0256571     0.54   0.590    -.0364463    .0641275
              voc_train |  -.0095577    .008511    -1.12   0.261     -.026239    .0071236
        migrated_fr_job |  -.0532033   .0155866    -3.41   0.001    -.0837525   -.0226541
         tot_chores_hrs |   .0300309   .0160912     1.87   0.062    -.0015073    .0615691
                  urban |    -.06823   .0297209    -2.30   0.022    -.1264819    -.009978
            overtime_40 |    .128341   .0219099     5.86   0.000     .0853984    .1712835
                  _cons |   .2795692   .1220139     2.29   0.022     .0404262    .5187121
------------------------+----------------------------------------------------------------
unexplained             |
                  total |   .3120804    .021222    14.71   0.000     .2704861    .3536747
              rwg_error |   .1055013    .014135     7.46   0.000     .0777971    .1332054
          p_unexplained |   .2065791   .0192772    10.72   0.000     .1687966    .2443617
------------------------+----------------------------------------------------------------
p_unexplained           |
             experience |   .5181584   .1061273     4.88   0.000     .3101527     .726164
          experience_sq |   -.228736   .0549978    -4.16   0.000    -.3365298   -.1209423
education_Below_primary |   .0220216   .0107208     2.05   0.040     .0010092     .043034
      education_Primary |   .0616819   .0163603     3.77   0.000     .0296162    .0937476
  education_Tenth_grade |   .0335015    .011952     2.80   0.005      .010076    .0569271
    education_Secondary |   .0146996   .0069642     2.11   0.035     .0010501    .0283492
     education_Bachelor |   .0142456   .0054373     2.62   0.009     .0035886    .0249025
education_Masters_above |   .0052589   .0028952     1.82   0.069    -.0004155    .0109334
 caste_group_6_Janajati |   -.060138    .018305    -3.29   0.001    -.0960151   -.0242609
 caste_group_6_Adhibasi |  -.0272189   .0063188    -4.31   0.000    -.0396036   -.0148342
  caste_group_6_Madhesi |  -.0194157   .0081054    -2.40   0.017     -.035302   -.0035294
    caste_group_6_Dalit |  -.0260325   .0080825    -3.22   0.001     -.041874    -.010191
   caste_group_6_Others |  -.0078594   .0057974    -1.36   0.175    -.0192222    .0035034
                hh_size |   .0909205   .0564281     1.61   0.107    -.0196765    .2015175
                 female |   .0392707   .0125265     3.14   0.002     .0147193    .0638221
                married |  -.0120401   .0368066    -0.33   0.744    -.0841798    .0600995
               child_12 |   -.069516   .0255647    -2.72   0.007     -.119622   -.0194101
              voc_train |   .0072805   .0077216     0.94   0.346    -.0078536    .0224146
        migrated_fr_job |   .0338933   .0128199     2.64   0.008     .0087668    .0590199
         tot_chores_hrs |    .008641   .0151286     0.57   0.568    -.0210104    .0382924
                  urban |   .0656197   .0298546     2.20   0.028     .0071058    .1241336
            overtime_40 |  -.1840083   .0288472    -6.38   0.000    -.2405479   -.1274687
                  _cons |  -.0736491   .1052968    -0.70   0.484     -.280027    .1327289
------------------------+----------------------------------------------------------------
rwg_error               |
             experience |  -.0227097   .0163493    -1.39   0.165    -.0547538    .0093343
          experience_sq |   .0157411   .0115375     1.36   0.172    -.0068721    .0383542
education_Below_primary |    -.00578   .0029031    -1.99   0.046    -.0114699   -.0000901
      education_Primary |   .0051192   .0047895     1.07   0.285    -.0042681    .0145065
  education_Tenth_grade |   .0044761    .004995     0.90   0.370     -.005314    .0142662
    education_Secondary |   .0014023   .0054729     0.26   0.798    -.0093245    .0121291
     education_Bachelor |   .0010697   .0061497     0.17   0.862    -.0109834    .0131228
education_Masters_above |   .0007404   .0039235     0.19   0.850    -.0069495    .0084303
 caste_group_6_Janajati |   .0000132   .0007983     0.02   0.987    -.0015513    .0015778
 caste_group_6_Adhibasi |  -.0031116   .0030935    -1.01   0.314    -.0091748    .0029517
  caste_group_6_Madhesi |   .0038591   .0022055     1.75   0.080    -.0004637    .0081818
    caste_group_6_Dalit |   .0013204   .0019518     0.68   0.499    -.0025049    .0051458
   caste_group_6_Others |  -.0005796   .0009444    -0.61   0.539    -.0024306    .0012713
                hh_size |   .0025952   .0036376     0.71   0.476    -.0045345    .0097248
                 female |   .0008222   .0009701     0.85   0.397    -.0010792    .0027236
                married |   .0007992   .0009989     0.80   0.424    -.0011587    .0027571
               child_12 |   .0031382   .0018612     1.69   0.092    -.0005097    .0067861
              voc_train |    .002928   .0015262     1.92   0.055    -.0000632    .0059192
        migrated_fr_job |   .0133247   .0035102     3.80   0.000      .006445    .0202045
         tot_chores_hrs |   -.000873   .0009815    -0.89   0.374    -.0027968    .0010508
                  urban |   -.004624   .0020521    -2.25   0.024    -.0086459    -.000602
            overtime_40 |   .0858302   .0081713    10.50   0.000     .0698147    .1018456
-----------------------------------------------------------------------------------------

. 
end of do-file

. do "/var/folders/14/04v4h4t52rq0_5mkppfg4bp40000gn/T//SD05543.000000"

. * Initialize an empty local macro
. local quantiles ""

. 
. * Loop through even numbers from 2 to 100 and add them to the local macro
. forvalues i = 1(50)100 {
  2.     local quantiles "`quantiles' `i'"
  3. }

. 
. * Display the local macro to verify (optional)
. di "`quantiles'"
 1 51

. 
. * Loop through quantiles and perform Oaxaca-RIF decomposition
. foreach q of local quantiles {
  2.     * Perform Oaxaca-RIF decomposition and save results using asdoc
.     oaxaca_rif ln_wage $exp $education $caste hh_size female ///
>     married child_12 voc_train migrated_fr_job tot_chores_hrs urban overtime_40 ///
>     $class_5 if year == 2008 , by(formal_employment) wgt(1) rif(q(`q')) rwlogit(HH_formal dep_ratio $exp $education $caste) swap ///
>     //save(asdoc.doc)
  3. putexcel set test2.xlsx, sheet(xyz) modify
  4.         putexcel A1 = matrix(r(table)')
  5.         }
Estimating Reweighted RIF-OAXACA using RIF:q(1)
Model  : Blinder-Oaxaca RIF-decomposition
Type   : Reweighted
RIF    : q(1)
Scale  : 1
Group 1: formal_employment = 1 x1*b1             N of obs 1      = 2379
Group c: X1~>rw~>X2 or x2*b1                     N of obs C      = 2379
Group 2: formal_employment = 0 x2*b2             N of obs 2      = 4339

-----------------------------------------------------------------------------------------
                ln_wage |      Coef.   Std. Err.      z    P>|z|     [95% Conf. Interval]
------------------------+----------------------------------------------------------------
Overall                 |
                group_1 |   1.849282   .1013713    18.24   0.000     1.650598    2.047966
                group_c |   1.655726   .0764928    21.65   0.000     1.505803     1.80565
                group_2 |   1.025067   .0573041    17.89   0.000     .9127535    1.137381
            tdifference |    .824215    .116447     7.08   0.000     .5959832    1.052447
            t_explained |   .1935559   .1269933     1.52   0.127    -.0553463    .4424582
          t_unexplained |   .6306591   .0955767     6.60   0.000     .4433321     .817986
------------------------+----------------------------------------------------------------
explained               |
                  total |   .1935559   .1269933     1.52   0.127    -.0553463    .4424582
            p_explained |   .5253431   .1450467     3.62   0.000     .2410569    .8096293
             specif_err |  -.3317872   .1899212    -1.75   0.081    -.7040258    .0404515
------------------------+----------------------------------------------------------------
p_explained             |
             experience |    .073749   .0423658     1.74   0.082    -.0092866    .1567845
          experience_sq |   .0180383   .0308327     0.59   0.559    -.0423928    .0784693
education_Below_primary |   .0150407   .0501839     0.30   0.764    -.0833179    .1133994
      education_Primary |   .1891904   .0901673     2.10   0.036     .0124657    .3659151
  education_Tenth_grade |  -.0287273   .0457965    -0.63   0.530    -.1184868    .0610323
    education_Secondary |  -.0158584   .0836869    -0.19   0.850    -.1798818    .1481649
     education_Bachelor |  -.0036383   .0832365    -0.04   0.965    -.1667788    .1595022
education_Masters_above |   .0031098   .0568386     0.05   0.956    -.1082919    .1145114
 caste_group_6_Janajati |   .0073944   .0175959     0.42   0.674    -.0270928    .0418817
 caste_group_6_Adhibasi |   .1459621   .0352505     4.14   0.000     .0768723    .2150518
  caste_group_6_Madhesi |   .0050283   .0057924     0.87   0.385    -.0063247    .0163813
    caste_group_6_Dalit |   .0096503   .0496608     0.19   0.846    -.0876832    .1069837
   caste_group_6_Others |   .0247423   .0362104     0.68   0.494    -.0462289    .0957135
                hh_size |    .006136   .0077686     0.79   0.430    -.0090901    .0213621
                 female |   .0016874   .0035767     0.47   0.637    -.0053229    .0086976
                married |  -.0080836   .0403453    -0.20   0.841    -.0871588    .0709917
               child_12 |   .0158642   .0257143     0.62   0.537    -.0345348    .0662633
              voc_train |   .0224995   .0196078     1.15   0.251    -.0159311    .0609301
        migrated_fr_job |   .0103312   .0102847     1.00   0.315    -.0098265    .0304889
         tot_chores_hrs |  -.0007918   .0046463    -0.17   0.865    -.0098983    .0083147
                  urban |   .0058722   .0184676     0.32   0.751    -.0303236    .0420679
            overtime_40 |   .0281466   .0253848     1.11   0.268    -.0216067    .0778998
------------------------+----------------------------------------------------------------
specif_err              |
             experience |   1.487974    .742129     2.01   0.045     .0334284     2.94252
          experience_sq |  -.7069589   .4245989    -1.67   0.096    -1.539157    .1252396
education_Below_primary |   .0756631   .1091322     0.69   0.488     -.138232    .2895582
      education_Primary |  -.0919865   .1900201    -0.48   0.628    -.4644191     .280446
  education_Tenth_grade |    .100643   .1216634     0.83   0.408    -.1378128    .3390988
    education_Secondary |   .0372746   .0583723     0.64   0.523     -.077133    .1516822
     education_Bachelor |   .0293855   .0417815     0.70   0.482    -.0525047    .1112758
education_Masters_above |   .0136075    .019011     0.72   0.474    -.0236534    .0508684
 caste_group_6_Janajati |  -.0620969   .1180293    -0.53   0.599    -.2934301    .1692363
 caste_group_6_Adhibasi |   -.070933   .0576317    -1.23   0.218    -.1838891    .0420231
  caste_group_6_Madhesi |  -.0293565   .0483685    -0.61   0.544    -.1241571    .0654441
    caste_group_6_Dalit |   -.010692   .0756218    -0.14   0.888     -.158908    .1375241
   caste_group_6_Others |  -.0345583   .0578888    -0.60   0.551    -.1480182    .0789016
                hh_size |  -.4606625   .3724613    -1.24   0.216    -1.190673    .2693482
                 female |   .1313812    .083584     1.57   0.116    -.0324404    .2952029
                married |   .1418264   .2922645     0.49   0.627    -.4310014    .7146542
               child_12 |  -.0825914   .1760876    -0.47   0.639    -.4277168    .2625339
              voc_train |   .0258989   .0552989     0.47   0.640    -.0824849    .1342827
        migrated_fr_job |   .0164357   .1037546     0.16   0.874    -.1869197     .219791
         tot_chores_hrs |  -.1172243   .1073231    -1.09   0.275    -.3275737    .0931251
                  urban |  -.0623977   .2044736    -0.31   0.760    -.4631587    .3383633
            overtime_40 |   .0221054    .146823     0.15   0.880    -.2656625    .3098732
                  _cons |  -.6845249   .8938689    -0.77   0.444    -2.436476    1.067426
------------------------+----------------------------------------------------------------
unexplained             |
                  total |   .6306591   .0955767     6.60   0.000     .4433321     .817986
              rwg_error |   .0273598   .0371283     0.74   0.461    -.0454104      .10013
          p_unexplained |   .6032993   .1004994     6.00   0.000     .4063241    .8002745
------------------------+----------------------------------------------------------------
p_unexplained           |
             experience |  -.0104342   .5604759    -0.02   0.985    -1.108947    1.088078
          experience_sq |  -.1979259   .2896397    -0.68   0.494    -.7656094    .3697575
education_Below_primary |  -.1081101   .0565762    -1.91   0.056    -.2189975    .0027772
      education_Primary |  -.2912985   .0863848    -3.37   0.001    -.4606097   -.1219874
  education_Tenth_grade |  -.1365435   .0630009    -2.17   0.030    -.2600229   -.0130641
    education_Secondary |  -.0586884   .0367326    -1.60   0.110     -.130683    .0133061
     education_Bachelor |  -.0307385    .028389    -1.08   0.279    -.0863799    .0249029
education_Masters_above |  -.0161393   .0151101    -1.07   0.285    -.0457546    .0134761
 caste_group_6_Janajati |   .0999056   .0965735     1.03   0.301    -.0893751    .2891862
 caste_group_6_Adhibasi |   -.160317   .0335848    -4.77   0.000    -.2261421    -.094492
  caste_group_6_Madhesi |   .0378229   .0426119     0.89   0.375     -.045695    .1213408
    caste_group_6_Dalit |   .0469741   .0423357     1.11   0.267    -.0360023    .1299504
   caste_group_6_Others |  -.0054967   .0305268    -0.18   0.857    -.0653281    .0543347
                hh_size |   .1566481   .2964408     0.53   0.597    -.4243651    .7376614
                 female |  -.0552509   .0658517    -0.84   0.401    -.1843177     .073816
                married |  -.3404266   .1945724    -1.75   0.080    -.7217814    .0409282
               child_12 |   .1054711   .1345863     0.78   0.433    -.1583132    .3692554
              voc_train |   .0287819   .0408965     0.70   0.482    -.0513737    .1089375
        migrated_fr_job |   .0203723   .0675595     0.30   0.763     -.112042    .1527865
         tot_chores_hrs |   .1608824   .0799037     2.01   0.044      .004274    .3174908
                  urban |  -.1692001   .1579239    -1.07   0.284    -.4787253    .1403251
            overtime_40 |  -.1026947   .1526813    -0.67   0.501    -.4019446    .1965552
                  _cons |   1.629705   .5572429     2.92   0.003     .5375295    2.721881
------------------------+----------------------------------------------------------------
rwg_error               |
             experience |  -.0039308   .0116201    -0.34   0.735    -.0267058    .0188442
          experience_sq |    .008126   .0117229     0.69   0.488    -.0148504    .0311025
education_Below_primary |   .0134699    .008158     1.65   0.099    -.0025196    .0294593
      education_Primary |    -.01236   .0118885    -1.04   0.298    -.0356611    .0109411
  education_Tenth_grade |   -.008344   .0096223    -0.87   0.386    -.0272034    .0105154
    education_Secondary |  -.0010398     .00411    -0.25   0.800    -.0090953    .0070157
     education_Bachelor |  -.0005776   .0033481    -0.17   0.863    -.0071399    .0059846
education_Masters_above |  -.0004244   .0022853    -0.19   0.853    -.0049036    .0040547
 caste_group_6_Janajati |  -.0000132   .0007944    -0.02   0.987    -.0015702    .0015439
 caste_group_6_Adhibasi |  -.0144974   .0144461    -1.00   0.316    -.0428111    .0138164
  caste_group_6_Madhesi |   .0015626    .004388     0.36   0.722    -.0070377     .010163
    caste_group_6_Dalit |   .0001314   .0016363     0.08   0.936    -.0030756    .0033384
   caste_group_6_Others |  -.0000502   .0015019    -0.03   0.973    -.0029939    .0028935
                hh_size |  -.0159943    .018747    -0.85   0.394    -.0527377    .0207491
                 female |    .003742   .0045518     0.82   0.411    -.0051794    .0126635
                married |  -.0026481   .0037014    -0.72   0.474    -.0099028    .0046065
               child_12 |   .0004252   .0072808     0.06   0.953     -.013845    .0146953
              voc_train |   .0029759   .0050069     0.59   0.552    -.0068374    .0127892
        migrated_fr_job |   .0112541   .0105853     1.06   0.288    -.0094927    .0320009
         tot_chores_hrs |   .0038181   .0044868     0.85   0.395    -.0049758    .0126121
                  urban |  -.0053236   .0058311    -0.91   0.361    -.0167524    .0061053
            overtime_40 |   .0470579   .0278944     1.69   0.092    -.0076142      .10173
-----------------------------------------------------------------------------------------
file test2.xlsx saved
Estimating Reweighted RIF-OAXACA using RIF:q(51)
Model  : Blinder-Oaxaca RIF-decomposition
Type   : Reweighted
RIF    : q(51)
Scale  : 1
Group 1: formal_employment = 1 x1*b1             N of obs 1      = 2379
Group c: X1~>rw~>X2 or x2*b1                     N of obs C      = 2379
Group 2: formal_employment = 0 x2*b2             N of obs 2      = 4339

-----------------------------------------------------------------------------------------
                ln_wage |      Coef.   Std. Err.      z    P>|z|     [95% Conf. Interval]
------------------------+----------------------------------------------------------------
Overall                 |
                group_1 |   3.771828   .0137286   274.74   0.000     3.744921    3.798736
                group_c |   3.290779   .0179963   182.86   0.000     3.255507    3.326051
                group_2 |   2.978699   .0112475   264.83   0.000     2.956654    3.000743
            tdifference |   .7931297   .0177477    44.69   0.000     .7583448    .8279145
            t_explained |   .4810493    .022635    21.25   0.000     .4366856     .525413
          t_unexplained |   .3120804    .021222    14.71   0.000     .2704861    .3536747
------------------------+----------------------------------------------------------------
explained               |
                  total |   .4810493    .022635    21.25   0.000     .4366856     .525413
            p_explained |   .3861372   .0190891    20.23   0.000     .3487232    .4235512
             specif_err |   .0949121   .0249892     3.80   0.000     .0459341      .14389
------------------------+----------------------------------------------------------------
p_explained             |
             experience |    .024597   .0112589     2.18   0.029       .00253     .046664
          experience_sq |   .0034848    .005842     0.60   0.551    -.0079654    .0149349
education_Below_primary |  -.0011287    .005632    -0.20   0.841    -.0121672    .0099098
      education_Primary |  -.0199119   .0101047    -1.97   0.049    -.0397167   -.0001071
  education_Tenth_grade |   .0341032   .0074947     4.55   0.000     .0194139    .0487925
    education_Secondary |   .0832273   .0113308     7.35   0.000     .0610193    .1054353
     education_Bachelor |    .112243   .0123478     9.09   0.000     .0880417    .1364443
education_Masters_above |   .0877511   .0097683     8.98   0.000     .0686054    .1068967
 caste_group_6_Janajati |  -.0005288   .0019719    -0.27   0.789    -.0043935     .003336
 caste_group_6_Adhibasi |   .0029694   .0033219     0.89   0.371    -.0035415    .0094802
  caste_group_6_Madhesi |   .0010458   .0008712     1.20   0.230    -.0006616    .0027533
    caste_group_6_Dalit |   .0097225   .0056459     1.72   0.085    -.0013432    .0207883
   caste_group_6_Others |   .0031208   .0040688     0.77   0.443    -.0048539    .0110954
                hh_size |  -.0011088    .001015    -1.09   0.275    -.0030982    .0008806
                 female |  -.0012858   .0021833    -0.59   0.556    -.0055651    .0029934
                married |  -.0032347   .0045398    -0.71   0.476    -.0121326    .0056631
               child_12 |   .0054642   .0030062     1.82   0.069    -.0004278    .0113563
              voc_train |   .0058113   .0023298     2.49   0.013      .001245    .0103776
        migrated_fr_job |   .0035903   .0016323     2.20   0.028     .0003909    .0067896
         tot_chores_hrs |   .0003585    .000584     0.61   0.539    -.0007861     .001503
                  urban |   .0035469   .0021608     1.64   0.101    -.0006882     .007782
            overtime_40 |      .0323   .0048024     6.73   0.000     .0228876    .0417125
------------------------+----------------------------------------------------------------
specif_err              |
             experience |  -.3212896   .1079249    -2.98   0.003    -.5328185   -.1097606
          experience_sq |   .1718121   .0593341     2.90   0.004     .0555193    .2881049
education_Below_primary |  -.0432308   .0139683    -3.09   0.002    -.0706082   -.0158534
      education_Primary |  -.0777178   .0243046    -3.20   0.001     -.125354   -.0300817
  education_Tenth_grade |  -.0090848   .0160394    -0.57   0.571    -.0405213    .0223518
    education_Secondary |  -.0131119   .0081089    -1.62   0.106    -.0290051    .0027812
     education_Bachelor |  -.0102627   .0059996    -1.71   0.087    -.0220216    .0014962
education_Masters_above |  -.0002233   .0028893    -0.08   0.938    -.0058862    .0054395
 caste_group_6_Janajati |   .0271049    .018007     1.51   0.132    -.0081882    .0623979
 caste_group_6_Adhibasi |   .0330781   .0081471     4.06   0.000     .0171102    .0490461
  caste_group_6_Madhesi |   .0183999   .0072956     2.52   0.012     .0041009    .0326989
    caste_group_6_Dalit |   .0127772   .0099421     1.29   0.199    -.0067089    .0322634
   caste_group_6_Others |    .005568   .0077046     0.72   0.470    -.0095328    .0206688
                hh_size |   .0795762   .0556261     1.43   0.153    -.0294488    .1886013
                 female |  -.0217558   .0123989    -1.75   0.079    -.0460572    .0025455
                married |  -.0775185   .0411899    -1.88   0.060    -.1582493    .0032123
               child_12 |   .0138406   .0256571     0.54   0.590    -.0364463    .0641275
              voc_train |  -.0095577    .008511    -1.12   0.261     -.026239    .0071236
        migrated_fr_job |  -.0532033   .0155866    -3.41   0.001    -.0837525   -.0226541
         tot_chores_hrs |   .0300309   .0160912     1.87   0.062    -.0015073    .0615691
                  urban |    -.06823   .0297209    -2.30   0.022    -.1264819    -.009978
            overtime_40 |    .128341   .0219099     5.86   0.000     .0853984    .1712835
                  _cons |   .2795692   .1220139     2.29   0.022     .0404262    .5187121
------------------------+----------------------------------------------------------------
unexplained             |
                  total |   .3120804    .021222    14.71   0.000     .2704861    .3536747
              rwg_error |   .1055013    .014135     7.46   0.000     .0777971    .1332054
          p_unexplained |   .2065791   .0192772    10.72   0.000     .1687966    .2443617
------------------------+----------------------------------------------------------------
p_unexplained           |
             experience |   .5181584   .1061273     4.88   0.000     .3101527     .726164
          experience_sq |   -.228736   .0549978    -4.16   0.000    -.3365298   -.1209423
education_Below_primary |   .0220216   .0107208     2.05   0.040     .0010092     .043034
      education_Primary |   .0616819   .0163603     3.77   0.000     .0296162    .0937476
  education_Tenth_grade |   .0335015    .011952     2.80   0.005      .010076    .0569271
    education_Secondary |   .0146996   .0069642     2.11   0.035     .0010501    .0283492
     education_Bachelor |   .0142456   .0054373     2.62   0.009     .0035886    .0249025
education_Masters_above |   .0052589   .0028952     1.82   0.069    -.0004155    .0109334
 caste_group_6_Janajati |   -.060138    .018305    -3.29   0.001    -.0960151   -.0242609
 caste_group_6_Adhibasi |  -.0272189   .0063188    -4.31   0.000    -.0396036   -.0148342
  caste_group_6_Madhesi |  -.0194157   .0081054    -2.40   0.017     -.035302   -.0035294
    caste_group_6_Dalit |  -.0260325   .0080825    -3.22   0.001     -.041874    -.010191
   caste_group_6_Others |  -.0078594   .0057974    -1.36   0.175    -.0192222    .0035034
                hh_size |   .0909205   .0564281     1.61   0.107    -.0196765    .2015175
                 female |   .0392707   .0125265     3.14   0.002     .0147193    .0638221
                married |  -.0120401   .0368066    -0.33   0.744    -.0841798    .0600995
               child_12 |   -.069516   .0255647    -2.72   0.007     -.119622   -.0194101
              voc_train |   .0072805   .0077216     0.94   0.346    -.0078536    .0224146
        migrated_fr_job |   .0338933   .0128199     2.64   0.008     .0087668    .0590199
         tot_chores_hrs |    .008641   .0151286     0.57   0.568    -.0210104    .0382924
                  urban |   .0656197   .0298546     2.20   0.028     .0071058    .1241336
            overtime_40 |  -.1840083   .0288472    -6.38   0.000    -.2405479   -.1274687
                  _cons |  -.0736491   .1052968    -0.70   0.484     -.280027    .1327289
------------------------+----------------------------------------------------------------
rwg_error               |
             experience |  -.0227097   .0163493    -1.39   0.165    -.0547538    .0093343
          experience_sq |   .0157411   .0115375     1.36   0.172    -.0068721    .0383542
education_Below_primary |    -.00578   .0029031    -1.99   0.046    -.0114699   -.0000901
      education_Primary |   .0051192   .0047895     1.07   0.285    -.0042681    .0145065
  education_Tenth_grade |   .0044761    .004995     0.90   0.370     -.005314    .0142662
    education_Secondary |   .0014023   .0054729     0.26   0.798    -.0093245    .0121291
     education_Bachelor |   .0010697   .0061497     0.17   0.862    -.0109834    .0131228
education_Masters_above |   .0007404   .0039235     0.19   0.850    -.0069495    .0084303
 caste_group_6_Janajati |   .0000132   .0007983     0.02   0.987    -.0015513    .0015778
 caste_group_6_Adhibasi |  -.0031116   .0030935    -1.01   0.314    -.0091748    .0029517
  caste_group_6_Madhesi |   .0038591   .0022055     1.75   0.080    -.0004637    .0081818
    caste_group_6_Dalit |   .0013204   .0019518     0.68   0.499    -.0025049    .0051458
   caste_group_6_Others |  -.0005796   .0009444    -0.61   0.539    -.0024306    .0012713
                hh_size |   .0025952   .0036376     0.71   0.476    -.0045345    .0097248
                 female |   .0008222   .0009701     0.85   0.397    -.0010792    .0027236
                married |   .0007992   .0009989     0.80   0.424    -.0011587    .0027571
               child_12 |   .0031382   .0018612     1.69   0.092    -.0005097    .0067861
              voc_train |    .002928   .0015262     1.92   0.055    -.0000632    .0059192
        migrated_fr_job |   .0133247   .0035102     3.80   0.000      .006445    .0202045
         tot_chores_hrs |   -.000873   .0009815    -0.89   0.374    -.0027968    .0010508
                  urban |   -.004624   .0020521    -2.25   0.024    -.0086459    -.000602
            overtime_40 |   .0858302   .0081713    10.50   0.000     .0698147    .1018456
-----------------------------------------------------------------------------------------
file test2.xlsx saved

. 
end of do-file

. list matrix r(table)
variable matrix not found
r(111);

. matrix list r(table)

r(table)[9,102]
             Overall:      Overall:      Overall:      Overall:      Overall:      Overall:    explained:    explained:    explained:  p_explained:  p_explained:  p_explained:  p_explained:
             group_1       group_c       group_2   tdifference   t_explained  t_unexplai~d         total   p_explained    specif_err    experience  experience~q  educ~primary  educ~Primary
     b     3.7718284     3.2907791     2.9786987     .79312968     .48104928     .31208041     .48104928      .3861372     .09491208       .024597     .00348476    -.00112871     -.0199119
    se     .01372861      .0179963     .01124749     .01774769     .02263496     .02122199     .02263496      .0190891     .02498921     .01125889     .00584202     .00563199     .01010465
     z     274.74222     182.85862     264.83239     44.689168     21.252487      14.70552     21.252487      20.22815     3.7981219     2.1846735     .59649943    -.20041128    -1.9705675
pvalue             0             0             0             0     3.13e-100     5.941e-49     3.13e-100     5.534e-91      .0001458     .02891279     .55084163     .84115894     .04877336
    ll     3.7449208      3.255507      2.956654     .75834484     .43668556     .27048607     .43668556     .34872325     .04593412     .00252998    -.00796539     -.0121672    -.03971665
    ul      3.798736     3.3260512     3.0007434     .82791452     .52541299     .35367474     .52541299     .42355115     .14389003     .04666402     .01493492     .00990978    -.00010715
    df             .             .             .             .             .             .             .             .             .             .             .             .             .
  crit      1.959964      1.959964      1.959964      1.959964      1.959964      1.959964      1.959964      1.959964      1.959964      1.959964      1.959964      1.959964      1.959964
 eform             0             0             0             0             0             0             0             0             0             0             0             0             0

         p_explained:  p_explained:  p_explained:  p_explained:  p_explained:  p_explained:  p_explained:  p_explained:  p_explained:  p_explained:  p_explained:  p_explained:  p_explained:
        education~de  educati~dary  education_~r  education~ve  caste_gro~ti  caste_gr~asi  caste_gr~esi  caste_grou~t  caste_gro~rs       hh_size        female       married      child_12
     b     .03410318      .0832273     .11224297     .08775105    -.00052877     .00296937     .00104583     .00972252     .00312077    -.00110879    -.00128583    -.00323473     .00546421
    se     .00749468     .01133082     .01234782     .00976835     .00197185     .00332193     .00087115     .00564589     .00406877     .00101503     .00218332     .00453982      .0030062
     z     4.5503202     7.3452151     9.0901014      8.983205    -.26815784     .89386862     1.2005165     1.7220545     .76700589    -1.0923629    -.58893491    -.71252422     1.8176456
pvalue     5.356e-06     2.054e-13     9.895e-20     2.630e-19     .78857783     .37139219     .22993879     .08505964     .44307802     .27467362     .55590494     .47614022     .06911832
    ll     .01941388      .0610193     .08804168     .06860545    -.00439353     -.0035415    -.00066159    -.00134321    -.00485387    -.00309822    -.00556507     -.0121326    -.00042784
    ul     .04879247      .1054353     .13644426     .10689666       .003336     .00948024     .00275325     .02078825      .0110954     .00088064      .0029934     .00566315     .01135627
    df             .             .             .             .             .             .             .             .             .             .             .             .             .
  crit      1.959964      1.959964      1.959964      1.959964      1.959964      1.959964      1.959964      1.959964      1.959964      1.959964      1.959964      1.959964      1.959964
 eform             0             0             0             0             0             0             0             0             0             0             0             0             0

         p_explained:  p_explained:  p_explained:  p_explained:  p_explained:   specif_err:   specif_err:   specif_err:   specif_err:   specif_err:   specif_err:   specif_err:   specif_err:
           voc_train  migrated_f~b  tot_chores~s         urban   overtime_40    experience  experience~q  educ~primary  educ~Primary  education~de  educati~dary  education_~r  education~ve
     b     .00581131     .00359026     .00035849     .00354688     .03230001    -.32128955     .17181211    -.04323079    -.07771783    -.00908476    -.01311191    -.01026268    -.00022331
    se     .00232979     .00163235     .00058397     .00216079     .00480235     .10792494     .05933414     .01396833      .0243046     .01603936      .0081089     .00599956     .00288927
     z     2.4943544     2.1994482     .61388328     1.6414735     6.7258693    -2.9769724     2.8956705    -3.0949152    -3.1976593    -.56640413    -1.6169787    -1.7105729    -.07729002
pvalue     .01261865     .02784607     .53929246     .10069917     1.745e-11      .0029111     .00378349     .00196869     .00138548     .57111909     .10588287     .08715999     .93839283
    ll     .00124502     .00039092    -.00078607    -.00068819     .02288757    -.53281854     .05551934    -.07060821    -.12535397    -.04052133    -.02900506     -.0220216    -.00588617
    ul     .01037761     .00678961     .00150304     .00778196     .04171245    -.10976056     .28810488    -.01585337    -.03008169     .02235181     .00278123     .00149624     .00543955
    df             .             .             .             .             .             .             .             .             .             .             .             .             .
  crit      1.959964      1.959964      1.959964      1.959964      1.959964      1.959964      1.959964      1.959964      1.959964      1.959964      1.959964      1.959964      1.959964
 eform             0             0             0             0             0             0             0             0             0             0             0             0             0

          specif_err:   specif_err:   specif_err:   specif_err:   specif_err:   specif_err:   specif_err:   specif_err:   specif_err:   specif_err:   specif_err:   specif_err:   specif_err:
        caste_gro~ti  caste_gr~asi  caste_gr~esi  caste_grou~t  caste_gro~rs       hh_size        female       married      child_12     voc_train  migrated_f~b  tot_chores~s         urban
     b     .02710487     .03307814     .01839991     .01277724     .00556803     .07957622    -.02175581    -.07751849      .0138406    -.00955769    -.05320329     .03003089    -.06822998
    se     .01800698     .00814708     .00729556     .00994209     .00770464     .05562605     .01239887     .04118994     .02565706     .00851103     .01558662      .0160912     .02972094
     z     1.5052426     4.0601215     2.5220701     1.2851664       .722685     1.4305566    -1.7546609    -1.8819764     .53944619    -1.1229761    -3.4133943     1.8662933    -2.2956875
pvalue     .13226171     .00004905     .01166665     .19873413     .46987343     .15255733     .07931733     .05983922     .58957902     .26144766     .00064159     .06200034     .02169376
    ll    -.00818816     .01711016     .00410088     -.0067089    -.00953279    -.02944884    -.04605715    -.15824928    -.03644631      -.026239    -.08375251    -.00150727    -.12648194
    ul     .06239791     .04904613     .03269893     .03226339     .02066884     .18860128     .00254553      .0032123     .06412752     .00712363    -.02265407     .06156906    -.00997802
    df             .             .             .             .             .             .             .             .             .             .             .             .             .
  crit      1.959964      1.959964      1.959964      1.959964      1.959964      1.959964      1.959964      1.959964      1.959964      1.959964      1.959964      1.959964      1.959964
 eform             0             0             0             0             0             0             0             0             0             0             0             0             0

          specif_err:   specif_err:  unexplained:  unexplained:  unexplained:  p_unexpla~d:  p_unexpla~d:  p_unexpla~d:  p_unexpla~d:  p_unexpla~d:  p_unexpla~d:  p_unexpla~d:  p_unexpla~d:
         overtime_40         _cons         total     rwg_error  p_unexplai~d    experience  experience~q  educ~primary  educ~Primary  education~de  educati~dary  education_~r  education~ve
     b     .12834097     .27956919     .31208041     .10550128     .20657913     .51815837    -.22873603      .0220216     .06168189      .0335015     .01469963     .01424556     .00525893
    se     .02190986     .12201395     .02122199     .01413502     .01927716      .1061273     .05499783     .01072083     .01636033     .01195203     .00696418     .00543732     .00289519
     z     5.8576812     2.2912888      14.70552     7.4638207     10.716264     4.8824231    -4.1590014     2.0540942       3.77021     2.8029964     2.1107462     2.6199608     1.8164376
pvalue     4.694e-09     .02194672     5.941e-49     8.405e-14     8.538e-27     1.048e-06     .00003196     .03996658     .00016311     .00506302     .03479413     .00879399     .06930327
    ll     .08539844     .04042625     .27048607     .07779714     .16879659     .31015269    -.33652979     .00100915     .02961623     .01007595     .00105008     .00358861    -.00041554
    ul     .17128351     .51871213     .35367474     .13320542     .24436166     .72616405    -.12094228     .04303404     .09374756     .05692706     .02834918      .0249025     .01093339
    df             .             .             .             .             .             .             .             .             .             .             .             .             .
  crit      1.959964      1.959964      1.959964      1.959964      1.959964      1.959964      1.959964      1.959964      1.959964      1.959964      1.959964      1.959964      1.959964
 eform             0             0             0             0             0             0             0             0             0             0             0             0             0

         p_unexpla~d:  p_unexpla~d:  p_unexpla~d:  p_unexpla~d:  p_unexpla~d:  p_unexpla~d:  p_unexpla~d:  p_unexpla~d:  p_unexpla~d:  p_unexpla~d:  p_unexpla~d:  p_unexpla~d:  p_unexpla~d:
        caste_gro~ti  caste_gr~asi  caste_gr~esi  caste_grou~t  caste_gro~rs       hh_size        female       married      child_12     voc_train  migrated_f~b  tot_chores~s         urban
     b      -.060138    -.02721886    -.01941572    -.02603251    -.00785942     .09092051     .03927069    -.01204014    -.06951602     .00728053     .03389333     .00864098     .06561972
    se       .018305     .00631884     .00810542     .00808254     .00579745     .05642807     .01252645     .03680661     .02556473     .00772162     .01281992     .01512855     .02985459
     z    -3.2853328    -4.3075711    -2.3954014    -3.2208332    -1.3556684     1.6112639     3.1350211    -.32711895    -2.7192156     .94287582     2.6438025     .57117043     2.1979779
pvalue     .00101862     .00001651     .01660218     .00127819     .17520471     .10712222     .00171842     .74357792     .00654369     .34574442     .00819805     .56788412     .02795068
    ll    -.09601514    -.03960356    -.03530205      -.041874    -.01922221    -.01967647     .01471929    -.08417977    -.11962198    -.00785357     .00876675    -.02101044     .00710581
    ul    -.02426087    -.01483416     -.0035294    -.01019103     .00350337      .2015175     .06382208     .06009949    -.01941007     .02241463      .0590199      .0382924     .12413363
    df             .             .             .             .             .             .             .             .             .             .             .             .             .
  crit      1.959964      1.959964      1.959964      1.959964      1.959964      1.959964      1.959964      1.959964      1.959964      1.959964      1.959964      1.959964      1.959964
 eform             0             0             0             0             0             0             0             0             0             0             0             0             0

         p_unexpla~d:  p_unexpla~d:    rwg_error:    rwg_error:    rwg_error:    rwg_error:    rwg_error:    rwg_error:    rwg_error:    rwg_error:    rwg_error:    rwg_error:    rwg_error:
         overtime_40         _cons    experience  experience~q  educ~primary  educ~Primary  education~de  educati~dary  education_~r  education~ve  caste_gro~ti  caste_gr~asi  caste_gr~esi
     b    -.18400831    -.07364908    -.02270975     .01574108    -.00577998     .00511919     .00447606     .00140229     .00106969     .00074042     .00001323    -.00311155     .00385907
    se     .02884725     .10529681     .01634931     .01153754     .00290306     .00478953     .00499504     .00547294     .00614967      .0039235     .00079827     .00309353     .00220552
     z    -6.3787132    -.69944261    -1.3890341     1.3643362    -1.9909964     1.0688301     .89610261     .25622246     .17394224     .18871442     .01657551    -1.0058262     1.7497317
pvalue     1.786e-10     .48427546     .16482239     .17246177     .04648129     .28514624     .37019796     .79777907     .86191085     .85031665     .98677526     .31449919     .08016462
    ll    -.24054788    -.28002703     -.0547538    -.00687208    -.01146988    -.00426811    -.00531403    -.00932448    -.01098344     -.0069495    -.00155134    -.00917476    -.00046367
    ul    -.12746875     .13272888     .00933431     .03835423    -.00009009      .0145065     .01426615     .01212906     .01312282     .00843034      .0015778     .00295165     .00818182
    df             .             .             .             .             .             .             .             .             .             .             .             .             .
  crit      1.959964      1.959964      1.959964      1.959964      1.959964      1.959964      1.959964      1.959964      1.959964      1.959964      1.959964      1.959964      1.959964
 eform             0             0             0             0             0             0             0             0             0             0             0             0             0

           rwg_error:    rwg_error:    rwg_error:    rwg_error:    rwg_error:    rwg_error:    rwg_error:    rwg_error:    rwg_error:    rwg_error:    rwg_error:
        caste_grou~t  caste_gro~rs       hh_size        female       married      child_12     voc_train  migrated_f~b  tot_chores~s         urban   overtime_40
     b     .00132045    -.00057962     .00259515     .00082221     .00079917      .0031382       .002928     .01332474    -.00087298    -.00462397     .08583018
    se     .00195176     .00094439     .00363764     .00097013     .00099894     .00186121     .00152616     .00351016     .00098153     .00205206      .0081713
     z      .6765424    -.61375549     .71341623      .8475283     .80001493     1.6861039     1.9185412     3.7960541    -.88940982    -2.2533301     10.503863
pvalue     .49869634     .53937691     .47558823     .39670072     .42370215     .09177578     .05504243     .00014702     .37378287     .02423834     8.292e-26
    ll    -.00250493    -.00243059     -.0045345    -.00107921    -.00115872    -.00050971    -.00006322     .00644496    -.00279675    -.00864594     .06981473
    ul     .00514582     .00127134      .0097248     .00272364     .00275706     .00678611     .00591922     .02020452     .00105078    -.00060201     .10184563
    df             .             .             .             .             .             .             .             .             .             .             .
  crit      1.959964      1.959964      1.959964      1.959964      1.959964      1.959964      1.959964      1.959964      1.959964      1.959964      1.959964
 eform             0             0             0             0             0             0             0             0             0             0             0

. do "/var/folders/14/04v4h4t52rq0_5mkppfg4bp40000gn/T//SD05543.000000"

. clear

. set more off

. cd "/Users/sandeepsharma/Desktop/Research/Data Analysis/Formal informal wage/Formal_informal_wage/Data/Cleaned/Pooled"
/Users/sandeepsharma/Desktop/Research/Data Analysis/Formal Informal wage/Formal_informal_wage/Data/Cleaned/Pooled

. //cd "D:/Work/Sandeep_research/Data/Cleaned/Pooled"
. use Pooled.dta

. gen ln_wage = ln(hourly_wage)

. label define formal_employment 0 "Informal Employment" 1 "Formal Employment"

. 
. sort psu hhid year

. by psu hhid year: egen total_formal = total(formal_employment)

. gen HH_formal = total_formal - formal_employment

. 
. 
. global exp "experience experience_sq"

. global education "education_Below_primary education_Primary education_Tenth_grade education_Secondary education_Bachelor education_Masters_above" 

. global caste "caste_group_6_Janajati caste_group_6_Adhibasi caste_group_6_Madhesi caste_group_6_Dalit caste_group_6_Others"

. 
end of do-file

. do "/var/folders/14/04v4h4t52rq0_5mkppfg4bp40000gn/T//SD05543.000000"

. 
. * Initialize an empty local macro
. local quantiles ""

. 
. * Loop through the specific quantiles and add them to the local macro
. forvalues i = 1(49)100 {
  2.     local quantiles "`quantiles' `i'"
  3. }

. 
. * Display the local macro to verify (optional)
. di "`quantiles'"
 1 50 99

. 
. * Initialize Excel sheet
. putexcel set test2.xlsx, sheet(xyz) modify

. 
. * Loop through quantiles and perform Oaxaca-RIF decomposition
. foreach q of local quantiles {
  2.     * Perform Oaxaca-RIF decomposition and save results using putexcel
.     oaxaca_rif ln_wage $exp $education $caste hh_size female ///
>     married child_12 voc_train migrated_fr_job tot_chores_hrs urban overtime_40 ///
>     if year == 2008 , by(formal_employment) wgt(1) rif(q(`q')) rwlogit(HH_formal dep_ratio $exp $education $caste) swap
  3.     
.     * Save the results to the Excel sheet
.     matrix results = r(table)
  4.     local row = int(`q'/49) + 1
  5.     local col = mod(`q', 50) + 1
  6.     putexcel A`row' = ("Quantile `q'") B`row' = matrix(results)
  7. }
Estimating Reweighted RIF-OAXACA using RIF:q(1)
Model  : Blinder-Oaxaca RIF-decomposition
Type   : Reweighted
RIF    : q(1)
Scale  : 1
Group 1: formal_employment = 1 x1*b1             N of obs 1      = 2379
Group c: X1~>rw~>X2 or x2*b1                     N of obs C      = 2379
Group 2: formal_employment = 0 x2*b2             N of obs 2      = 4339

-----------------------------------------------------------------------------------------
                ln_wage |      Coef.   Std. Err.      z    P>|z|     [95% Conf. Interval]
------------------------+----------------------------------------------------------------
Overall                 |
                group_1 |   1.849282   .1013713    18.24   0.000     1.650598    2.047966
                group_c |   1.655726   .0764928    21.65   0.000     1.505803     1.80565
                group_2 |   1.025067   .0573041    17.89   0.000     .9127535    1.137381
            tdifference |    .824215    .116447     7.08   0.000     .5959832    1.052447
            t_explained |   .1935559   .1269933     1.52   0.127    -.0553463    .4424582
          t_unexplained |   .6306591   .0955767     6.60   0.000     .4433321     .817986
------------------------+----------------------------------------------------------------
explained               |
                  total |   .1935559   .1269933     1.52   0.127    -.0553463    .4424582
            p_explained |   .5253431   .1450467     3.62   0.000     .2410569    .8096293
             specif_err |  -.3317872   .1899212    -1.75   0.081    -.7040258    .0404515
------------------------+----------------------------------------------------------------
p_explained             |
             experience |    .073749   .0423658     1.74   0.082    -.0092866    .1567845
          experience_sq |   .0180383   .0308327     0.59   0.559    -.0423928    .0784693
education_Below_primary |   .0150407   .0501839     0.30   0.764    -.0833179    .1133994
      education_Primary |   .1891904   .0901673     2.10   0.036     .0124657    .3659151
  education_Tenth_grade |  -.0287273   .0457965    -0.63   0.530    -.1184868    .0610323
    education_Secondary |  -.0158584   .0836869    -0.19   0.850    -.1798818    .1481649
     education_Bachelor |  -.0036383   .0832365    -0.04   0.965    -.1667788    .1595022
education_Masters_above |   .0031098   .0568386     0.05   0.956    -.1082919    .1145114
 caste_group_6_Janajati |   .0073944   .0175959     0.42   0.674    -.0270928    .0418817
 caste_group_6_Adhibasi |   .1459621   .0352505     4.14   0.000     .0768723    .2150518
  caste_group_6_Madhesi |   .0050283   .0057924     0.87   0.385    -.0063247    .0163813
    caste_group_6_Dalit |   .0096503   .0496608     0.19   0.846    -.0876832    .1069837
   caste_group_6_Others |   .0247423   .0362104     0.68   0.494    -.0462289    .0957135
                hh_size |    .006136   .0077686     0.79   0.430    -.0090901    .0213621
                 female |   .0016874   .0035767     0.47   0.637    -.0053229    .0086976
                married |  -.0080836   .0403453    -0.20   0.841    -.0871588    .0709917
               child_12 |   .0158642   .0257143     0.62   0.537    -.0345348    .0662633
              voc_train |   .0224995   .0196078     1.15   0.251    -.0159311    .0609301
        migrated_fr_job |   .0103312   .0102847     1.00   0.315    -.0098265    .0304889
         tot_chores_hrs |  -.0007918   .0046463    -0.17   0.865    -.0098983    .0083147
                  urban |   .0058722   .0184676     0.32   0.751    -.0303236    .0420679
            overtime_40 |   .0281466   .0253848     1.11   0.268    -.0216067    .0778998
------------------------+----------------------------------------------------------------
specif_err              |
             experience |   1.487974    .742129     2.01   0.045     .0334284     2.94252
          experience_sq |  -.7069589   .4245989    -1.67   0.096    -1.539157    .1252396
education_Below_primary |   .0756631   .1091322     0.69   0.488     -.138232    .2895582
      education_Primary |  -.0919865   .1900201    -0.48   0.628    -.4644191     .280446
  education_Tenth_grade |    .100643   .1216634     0.83   0.408    -.1378128    .3390988
    education_Secondary |   .0372746   .0583723     0.64   0.523     -.077133    .1516822
     education_Bachelor |   .0293855   .0417815     0.70   0.482    -.0525047    .1112758
education_Masters_above |   .0136075    .019011     0.72   0.474    -.0236534    .0508684
 caste_group_6_Janajati |  -.0620969   .1180293    -0.53   0.599    -.2934301    .1692363
 caste_group_6_Adhibasi |   -.070933   .0576317    -1.23   0.218    -.1838891    .0420231
  caste_group_6_Madhesi |  -.0293565   .0483685    -0.61   0.544    -.1241571    .0654441
    caste_group_6_Dalit |   -.010692   .0756218    -0.14   0.888     -.158908    .1375241
   caste_group_6_Others |  -.0345583   .0578888    -0.60   0.551    -.1480182    .0789016
                hh_size |  -.4606625   .3724613    -1.24   0.216    -1.190673    .2693482
                 female |   .1313812    .083584     1.57   0.116    -.0324404    .2952029
                married |   .1418264   .2922645     0.49   0.627    -.4310014    .7146542
               child_12 |  -.0825914   .1760876    -0.47   0.639    -.4277168    .2625339
              voc_train |   .0258989   .0552989     0.47   0.640    -.0824849    .1342827
        migrated_fr_job |   .0164357   .1037546     0.16   0.874    -.1869197     .219791
         tot_chores_hrs |  -.1172243   .1073231    -1.09   0.275    -.3275737    .0931251
                  urban |  -.0623977   .2044736    -0.31   0.760    -.4631587    .3383633
            overtime_40 |   .0221054    .146823     0.15   0.880    -.2656625    .3098732
                  _cons |  -.6845249   .8938689    -0.77   0.444    -2.436476    1.067426
------------------------+----------------------------------------------------------------
unexplained             |
                  total |   .6306591   .0955767     6.60   0.000     .4433321     .817986
              rwg_error |   .0273598   .0371283     0.74   0.461    -.0454104      .10013
          p_unexplained |   .6032993   .1004994     6.00   0.000     .4063241    .8002745
------------------------+----------------------------------------------------------------
p_unexplained           |
             experience |  -.0104342   .5604759    -0.02   0.985    -1.108947    1.088078
          experience_sq |  -.1979259   .2896397    -0.68   0.494    -.7656094    .3697575
education_Below_primary |  -.1081101   .0565762    -1.91   0.056    -.2189975    .0027772
      education_Primary |  -.2912985   .0863848    -3.37   0.001    -.4606097   -.1219874
  education_Tenth_grade |  -.1365435   .0630009    -2.17   0.030    -.2600229   -.0130641
    education_Secondary |  -.0586884   .0367326    -1.60   0.110     -.130683    .0133061
     education_Bachelor |  -.0307385    .028389    -1.08   0.279    -.0863799    .0249029
education_Masters_above |  -.0161393   .0151101    -1.07   0.285    -.0457546    .0134761
 caste_group_6_Janajati |   .0999056   .0965735     1.03   0.301    -.0893751    .2891862
 caste_group_6_Adhibasi |   -.160317   .0335848    -4.77   0.000    -.2261421    -.094492
  caste_group_6_Madhesi |   .0378229   .0426119     0.89   0.375     -.045695    .1213408
    caste_group_6_Dalit |   .0469741   .0423357     1.11   0.267    -.0360023    .1299504
   caste_group_6_Others |  -.0054967   .0305268    -0.18   0.857    -.0653281    .0543347
                hh_size |   .1566481   .2964408     0.53   0.597    -.4243651    .7376614
                 female |  -.0552509   .0658517    -0.84   0.401    -.1843177     .073816
                married |  -.3404266   .1945724    -1.75   0.080    -.7217814    .0409282
               child_12 |   .1054711   .1345863     0.78   0.433    -.1583132    .3692554
              voc_train |   .0287819   .0408965     0.70   0.482    -.0513737    .1089375
        migrated_fr_job |   .0203723   .0675595     0.30   0.763     -.112042    .1527865
         tot_chores_hrs |   .1608824   .0799037     2.01   0.044      .004274    .3174908
                  urban |  -.1692001   .1579239    -1.07   0.284    -.4787253    .1403251
            overtime_40 |  -.1026947   .1526813    -0.67   0.501    -.4019446    .1965552
                  _cons |   1.629705   .5572429     2.92   0.003     .5375295    2.721881
------------------------+----------------------------------------------------------------
rwg_error               |
             experience |  -.0039308   .0116201    -0.34   0.735    -.0267058    .0188442
          experience_sq |    .008126   .0117229     0.69   0.488    -.0148504    .0311025
education_Below_primary |   .0134699    .008158     1.65   0.099    -.0025196    .0294593
      education_Primary |    -.01236   .0118885    -1.04   0.298    -.0356611    .0109411
  education_Tenth_grade |   -.008344   .0096223    -0.87   0.386    -.0272034    .0105154
    education_Secondary |  -.0010398     .00411    -0.25   0.800    -.0090953    .0070157
     education_Bachelor |  -.0005776   .0033481    -0.17   0.863    -.0071399    .0059846
education_Masters_above |  -.0004244   .0022853    -0.19   0.853    -.0049036    .0040547
 caste_group_6_Janajati |  -.0000132   .0007944    -0.02   0.987    -.0015702    .0015439
 caste_group_6_Adhibasi |  -.0144974   .0144461    -1.00   0.316    -.0428111    .0138164
  caste_group_6_Madhesi |   .0015626    .004388     0.36   0.722    -.0070377     .010163
    caste_group_6_Dalit |   .0001314   .0016363     0.08   0.936    -.0030756    .0033384
   caste_group_6_Others |  -.0000502   .0015019    -0.03   0.973    -.0029939    .0028935
                hh_size |  -.0159943    .018747    -0.85   0.394    -.0527377    .0207491
                 female |    .003742   .0045518     0.82   0.411    -.0051794    .0126635
                married |  -.0026481   .0037014    -0.72   0.474    -.0099028    .0046065
               child_12 |   .0004252   .0072808     0.06   0.953     -.013845    .0146953
              voc_train |   .0029759   .0050069     0.59   0.552    -.0068374    .0127892
        migrated_fr_job |   .0112541   .0105853     1.06   0.288    -.0094927    .0320009
         tot_chores_hrs |   .0038181   .0044868     0.85   0.395    -.0049758    .0126121
                  urban |  -.0053236   .0058311    -0.91   0.361    -.0167524    .0061053
            overtime_40 |   .0470579   .0278944     1.69   0.092    -.0076142      .10173
-----------------------------------------------------------------------------------------
file test2.xlsx saved
Estimating Reweighted RIF-OAXACA using RIF:q(50)
Model  : Blinder-Oaxaca RIF-decomposition
Type   : Reweighted
RIF    : q(50)
Scale  : 1
Group 1: formal_employment = 1 x1*b1             N of obs 1      = 2379
Group c: X1~>rw~>X2 or x2*b1                     N of obs C      = 2379
Group 2: formal_employment = 0 x2*b2             N of obs 2      = 4339

-----------------------------------------------------------------------------------------
                ln_wage |      Coef.   Std. Err.      z    P>|z|     [95% Conf. Interval]
------------------------+----------------------------------------------------------------
Overall                 |
                group_1 |   3.751492   .0138971   269.95   0.000     3.724254     3.77873
                group_c |    3.27065   .0178437   183.29   0.000     3.235677    3.305623
                group_2 |   2.943632   .0111356   264.34   0.000     2.921807    2.965458
            tdifference |   .8078595   .0178082    45.36   0.000     .7729561    .8427629
            t_explained |   .4808423   .0226169    21.26   0.000     .4365139    .5251707
          t_unexplained |   .3270171   .0210332    15.55   0.000     .2857927    .3682416
------------------------+----------------------------------------------------------------
explained               |
                  total |   .4808423   .0226169    21.26   0.000     .4365139    .5251707
            p_explained |   .3912942   .0193789    20.19   0.000     .3533122    .4292761
             specif_err |   .0895481   .0250922     3.57   0.000     .0403684    .1387279
------------------------+----------------------------------------------------------------
p_explained             |
             experience |   .0242411   .0111211     2.18   0.029     .0024442     .046038
          experience_sq |   .0033237   .0055796     0.60   0.551     -.007612    .0142595
education_Below_primary |  -.0023617   .0057243    -0.41   0.680    -.0135811    .0088576
      education_Primary |   -.023752   .0103114    -2.30   0.021    -.0439619   -.0035421
  education_Tenth_grade |    .036038   .0077773     4.63   0.000     .0207948    .0512811
    education_Secondary |   .0846044   .0115097     7.35   0.000     .0620458    .1071631
     education_Bachelor |   .1136377   .0125226     9.07   0.000     .0890938    .1381816
education_Masters_above |   .0883255   .0098695     8.95   0.000     .0689817    .1076693
 caste_group_6_Janajati |  -.0005502   .0020024    -0.27   0.783    -.0044749    .0033745
 caste_group_6_Adhibasi |   .0041972   .0033957     1.24   0.216    -.0024582    .0108526
  caste_group_6_Madhesi |   .0011103   .0009099     1.22   0.222    -.0006732    .0028937
    caste_group_6_Dalit |   .0110044   .0057506     1.91   0.056    -.0002665    .0222753
   caste_group_6_Others |   .0024416   .0041246     0.59   0.554    -.0056424    .0105256
                hh_size |  -.0010532   .0010029    -1.05   0.294    -.0030188    .0009124
                 female |  -.0013106   .0022252    -0.59   0.556     -.005672    .0030508
                married |  -.0016517   .0046014    -0.36   0.720    -.0106702    .0073669
               child_12 |   .0059342   .0030717     1.93   0.053    -.0000862    .0119546
              voc_train |   .0059786   .0023699     2.52   0.012     .0013337    .0106236
        migrated_fr_job |   .0040672    .001767     2.30   0.021     .0006039    .0075305
         tot_chores_hrs |   .0005313   .0006613     0.80   0.422    -.0007647    .0018274
                  urban |   .0027476   .0021561     1.27   0.203    -.0014784    .0069735
            overtime_40 |   .0337906   .0049735     6.79   0.000     .0240428    .0435385
------------------------+----------------------------------------------------------------
specif_err              |
             experience |  -.2344452   .1076294    -2.18   0.029    -.4453949   -.0234955
          experience_sq |   .1412275   .0592777     2.38   0.017     .0250453    .2574098
education_Below_primary |  -.0399872   .0140295    -2.85   0.004    -.0674846   -.0124899
      education_Primary |  -.0746978    .024433    -3.06   0.002    -.1225856     -.02681
  education_Tenth_grade |   .0011269   .0160886     0.07   0.944    -.0304063      .03266
    education_Secondary |  -.0083643   .0080824    -1.03   0.301    -.0242055    .0074769
     education_Bachelor |  -.0062772   .0059515    -1.05   0.292     -.017942    .0053876
education_Masters_above |   .0011565   .0028799     0.40   0.688    -.0044881     .006801
 caste_group_6_Janajati |   .0146108   .0179125     0.82   0.415    -.0204971    .0497188
 caste_group_6_Adhibasi |   .0279192   .0080729     3.46   0.001     .0120965    .0437418
  caste_group_6_Madhesi |   .0177812   .0072642     2.45   0.014     .0035437    .0320187
    caste_group_6_Dalit |   .0103631   .0099696     1.04   0.299     -.009177    .0299032
   caste_group_6_Others |   .0067895   .0077315     0.88   0.380     -.008364     .021943
                hh_size |   .0836001   .0554221     1.51   0.131    -.0250253    .1922255
                 female |  -.0146185   .0123421    -1.18   0.236    -.0388086    .0095716
                married |  -.0895704   .0411697    -2.18   0.030    -.1702615   -.0088792
               child_12 |   .0159419   .0255958     0.62   0.533    -.0342249    .0661088
              voc_train |  -.0140719   .0084803    -1.66   0.097     -.030693    .0025491
        migrated_fr_job |    -.04188   .0155012    -2.70   0.007    -.0722618   -.0114981
         tot_chores_hrs |   .0240148   .0160213     1.50   0.134    -.0073863    .0554159
                  urban |  -.0921652    .029667    -3.11   0.002    -.1503115   -.0340188
            overtime_40 |   .1327526   .0218464     6.08   0.000     .0899344    .1755708
                  _cons |   .2283417   .1221668     1.87   0.062    -.0111007    .4677842
------------------------+----------------------------------------------------------------
unexplained             |
                  total |   .3270171   .0210332    15.55   0.000     .2857927    .3682416
              rwg_error |   .1102881   .0141163     7.81   0.000     .0826207    .1379555
          p_unexplained |    .216729   .0190546    11.37   0.000     .1793828    .2540753
------------------------+----------------------------------------------------------------
p_unexplained           |
             experience |   .4103548   .1047481     3.92   0.000     .2050524    .6156573
          experience_sq |  -.1851047     .05425    -3.41   0.001    -.2914327   -.0787767
education_Below_primary |   .0212718   .0105848     2.01   0.044     .0005261    .0420176
      education_Primary |   .0653119    .016166     4.04   0.000     .0336271    .0969968
  education_Tenth_grade |   .0280994    .011787     2.38   0.017     .0049973    .0512015
    education_Secondary |   .0106488   .0068577     1.55   0.120    -.0027921    .0240896
     education_Bachelor |   .0115216   .0053437     2.16   0.031     .0010482     .021995
education_Masters_above |   .0043399   .0028427     1.53   0.127    -.0012316    .0099114
 caste_group_6_Janajati |  -.0477037   .0180626    -2.64   0.008    -.0831057   -.0123017
 caste_group_6_Adhibasi |  -.0238227   .0062076    -3.84   0.000    -.0359895    -.011656
  caste_group_6_Madhesi |  -.0197247   .0080056    -2.46   0.014    -.0354155   -.0040339
    caste_group_6_Dalit |   -.027417   .0079911    -3.43   0.001    -.0430793   -.0117548
   caste_group_6_Others |  -.0079307   .0057252    -1.39   0.166     -.019152    .0032905
                hh_size |    .079359   .0557016     1.42   0.154    -.0298142    .1885322
                 female |   .0292339   .0123478     2.37   0.018     .0050326    .0534351
                married |   .0085833   .0363455     0.24   0.813    -.0626526    .0798192
               child_12 |  -.0732568   .0252433    -2.90   0.004    -.1227328   -.0237808
              voc_train |   .0118852   .0076335     1.56   0.119    -.0030761    .0268465
        migrated_fr_job |   .0251251   .0126477     1.99   0.047      .000336    .0499141
         tot_chores_hrs |   .0173913   .0149416     1.16   0.244    -.0118937    .0466762
                  urban |   .0865022   .0294875     2.93   0.003     .0287077    .1442968
            overtime_40 |  -.2052525   .0285049    -7.20   0.000    -.2611211    -.149384
                  _cons |  -.0026862   .1039851    -0.03   0.979    -.2064932    .2011208
------------------------+----------------------------------------------------------------
rwg_error               |
             experience |  -.0202298   .0145934    -1.39   0.166    -.0488324    .0083728
          experience_sq |   .0139731   .0102767     1.36   0.174    -.0061688     .034115
education_Below_primary |  -.0056845    .002856    -1.99   0.047    -.0112822   -.0000869
      education_Primary |   .0053197   .0049731     1.07   0.285    -.0044274    .0150668
  education_Tenth_grade |   .0042024   .0046921     0.90   0.370     -.004994    .0133989
    education_Secondary |   .0013152   .0051332     0.26   0.798    -.0087456     .011376
     education_Bachelor |   .0010061   .0057842     0.17   0.862    -.0103307     .012343
education_Masters_above |   .0006995    .003707     0.19   0.850     -.006566    .0079651
 caste_group_6_Janajati |   6.40e-06    .000386     0.02   0.987    -.0007501    .0007629
 caste_group_6_Adhibasi |  -.0028613   .0028491    -1.00   0.315    -.0084455     .002723
  caste_group_6_Madhesi |   .0038441   .0021937     1.75   0.080    -.0004555    .0081438
    caste_group_6_Dalit |   .0012878    .001904     0.68   0.499     -.002444    .0050195
   caste_group_6_Others |   -.000594   .0009644    -0.62   0.538    -.0024841    .0012961
                hh_size |     .00311   .0035977     0.86   0.387    -.0039415    .0101614
                 female |   .0011923   .0013175     0.90   0.365      -.00139    .0037745
                married |   .0011001   .0013141     0.84   0.402    -.0014754    .0036756
               child_12 |   .0034726   .0019327     1.80   0.072    -.0003155    .0072606
              voc_train |   .0035757   .0017349     2.06   0.039     .0001754    .0069761
        migrated_fr_job |   .0121562   .0032889     3.70   0.000     .0057101    .0186023
         tot_chores_hrs |  -.0005328   .0007064    -0.75   0.451    -.0019174    .0008518
                  urban |  -.0053948   .0023002    -2.35   0.019    -.0099032   -.0008864
            overtime_40 |   .0893241   .0083123    10.75   0.000     .0730322     .105616
-----------------------------------------------------------------------------------------
file test2.xlsx saved
Estimating Reweighted RIF-OAXACA using RIF:q(99)
Model  : Blinder-Oaxaca RIF-decomposition
Type   : Reweighted
RIF    : q(99)
Scale  : 1
Group 1: formal_employment = 1 x1*b1             N of obs 1      = 2379
Group c: X1~>rw~>X2 or x2*b1                     N of obs C      = 2379
Group 2: formal_employment = 0 x2*b2             N of obs 2      = 4339

-----------------------------------------------------------------------------------------
                ln_wage |      Coef.   Std. Err.      z    P>|z|     [95% Conf. Interval]
------------------------+----------------------------------------------------------------
Overall                 |
                group_1 |   5.710972   .1676648    34.06   0.000     5.382355    6.039589
                group_c |   5.251636    .191071    27.49   0.000     4.877143    5.626128
                group_2 |   4.949139   .0690196    71.71   0.000     4.813863    5.084415
            tdifference |    .761833   .1813152     4.20   0.000     .4064618    1.117204
            t_explained |    .459336   .2542038     1.81   0.071    -.0388944    .9575663
          t_unexplained |    .302497   .2031547     1.49   0.136    -.0956788    .7006728
------------------------+----------------------------------------------------------------
explained               |
                  total |    .459336   .2542038     1.81   0.071    -.0388944    .9575663
            p_explained |   .3078769   .2387857     1.29   0.197    -.1601346    .7758883
             specif_err |   .1514591   .3452398     0.44   0.661    -.5251984    .8281166
------------------------+----------------------------------------------------------------
p_explained             |
             experience |   .0108578   .0454939     0.24   0.811    -.0783087    .1000243
          experience_sq |   .0077163   .0177564     0.43   0.664    -.0270856    .0425183
education_Below_primary |   .1023106   .0843487     1.21   0.225    -.0630097    .2676309
      education_Primary |   .2018792    .148746     1.36   0.175    -.0896576     .493416
  education_Tenth_grade |  -.0904436   .0772058    -1.17   0.241    -.2417642     .060877
    education_Secondary |  -.1294201   .1396054    -0.93   0.354    -.4030416    .1442014
     education_Bachelor |  -.0903287   .1386737    -0.65   0.515    -.3621242    .1814668
education_Masters_above |   .0781252   .0948188     0.82   0.410    -.1077162    .2639666
 caste_group_6_Janajati |  -.0208942   .0294501    -0.71   0.478    -.0786154     .036827
 caste_group_6_Adhibasi |    .026396   .0490183     0.54   0.590    -.0696781      .12247
  caste_group_6_Madhesi |   .0051231   .0085992     0.60   0.551    -.0117311    .0219773
    caste_group_6_Dalit |   .0167858   .0826468     0.20   0.839    -.1451991    .1787706
   caste_group_6_Others |  -.0525002   .0603868    -0.87   0.385    -.1708561    .0658557
                hh_size |   .0040822   .0116555     0.35   0.726    -.0187621    .0269265
                 female |  -.0054954   .0099482    -0.55   0.581    -.0249936    .0140028
                married |    .111104   .0680224     1.63   0.102    -.0222176    .2444255
               child_12 |   .0396107   .0430614     0.92   0.358    -.0447881    .1240095
              voc_train |   -.005916   .0321831    -0.18   0.854    -.0689937    .0571616
        migrated_fr_job |    .018336   .0172521     1.06   0.288    -.0154775    .0521495
         tot_chores_hrs |   .0000925   .0076682     0.01   0.990    -.0149369    .0151219
                  urban |   .0229843   .0309478     0.74   0.458    -.0376722    .0836408
            overtime_40 |   .0574715   .0424347     1.35   0.176     -.025699     .140642
------------------------+----------------------------------------------------------------
specif_err              |
             experience |   .1526927   1.466564     0.10   0.917     -2.72172    3.027106
          experience_sq |   .2766096   .8143095     0.34   0.734    -1.319408    1.872627
education_Below_primary |   .1773544   .1962085     0.90   0.366    -.2072072    .5619159
      education_Primary |   .5112284    .342834     1.49   0.136    -.1607139    1.183171
  education_Tenth_grade |   .3325548    .224985     1.48   0.139    -.1084076    .7735172
    education_Secondary |    .113508   .1114849     1.02   0.309    -.1049983    .3320143
     education_Bachelor |  -.0050353   .0811952    -0.06   0.951    -.1641751    .1541044
education_Masters_above |  -.0367387   .0391263    -0.94   0.348    -.1134249    .0399475
 caste_group_6_Janajati |  -.5064148   .2419941    -2.09   0.036    -.9807145   -.0321151
 caste_group_6_Adhibasi |  -.0264018   .1087659    -0.24   0.808     -.239579    .1867755
  caste_group_6_Madhesi |  -.0538115   .0974518    -0.55   0.581    -.2448135    .1371905
    caste_group_6_Dalit |  -.0053399   .1390711    -0.04   0.969    -.2779142    .2672344
   caste_group_6_Others |   .0468992   .1074851     0.44   0.663    -.1637677    .2575661
                hh_size |  -.1174798   .7509922    -0.16   0.876    -1.589398    1.354438
                 female |  -.0076574   .1673454    -0.05   0.964    -.3356484    .3203335
                married |  -.1575149   .5650849    -0.28   0.780    -1.265061    .9500313
               child_12 |   .3043802   .3487919     0.87   0.383    -.3792395    .9879998
              voc_train |  -.0332369   .1139141    -0.29   0.770    -.2565045    .1900307
        migrated_fr_job |   -.335498   .2096187    -1.60   0.109    -.7463431     .075347
         tot_chores_hrs |    .131169   .2168086     0.60   0.545    -.2937681     .556106
                  urban |  -.0892794     .40411    -0.22   0.825    -.8813204    .7027616
            overtime_40 |    .764209   .2949626     2.59   0.010      .186093    1.342325
                  _cons |  -1.284738   1.690193    -0.76   0.447    -4.597455     2.02798
------------------------+----------------------------------------------------------------
unexplained             |
                  total |    .302497   .2031547     1.49   0.136    -.0956788    .7006728
              rwg_error |   .4472109    .096651     4.63   0.000     .2577783    .6366434
          p_unexplained |  -.1447139   .2158333    -0.67   0.503    -.5677394    .2783117
------------------------+----------------------------------------------------------------
p_unexplained           |
             experience |  -.7680298   1.171216    -0.66   0.512    -3.063571    1.527512
          experience_sq |  -.3923566   .6097597    -0.64   0.520    -1.587464    .8027505
education_Below_primary |  -.4242188   .1203067    -3.53   0.000    -.6600156    -.188422
      education_Primary |  -.9201908   .1822271    -5.05   0.000    -1.277349   -.5630323
  education_Tenth_grade |  -.6014731   .1342066    -4.48   0.000    -.8645131   -.3384331
    education_Secondary |   -.268665   .0778008    -3.45   0.001    -.4211518   -.1161783
     education_Bachelor |  -.1321794   .0600805    -2.20   0.028     -.249935   -.0144238
education_Masters_above |   -.008653   .0315191    -0.27   0.784    -.0704294    .0531234
 caste_group_6_Janajati |   .4514235   .2027847     2.23   0.026     .0539727    .8488742
 caste_group_6_Adhibasi |   -.036973   .0684848    -0.54   0.589    -.1712006    .0972547
  caste_group_6_Madhesi |  -.0291121   .0900658    -0.32   0.747    -.2056378    .1474137
    caste_group_6_Dalit |  -.0413865   .0892361    -0.46   0.643    -.2162859     .133513
   caste_group_6_Others |   .0269603   .0645041     0.42   0.676    -.0994655    .1533861
                hh_size |   .1021822   .6473093     0.16   0.875    -1.166521    1.370885
                 female |  -.1360951   .1399236    -0.97   0.331    -.4103403    .1381501
                married |   .8320884   .4082349     2.04   0.042     .0319627    1.632214
               child_12 |  -.5819415   .2885358    -2.02   0.044    -1.147461   -.0164217
              voc_train |   .0025805   .0844272     0.03   0.976    -.1628939    .1680548
        migrated_fr_job |   .3713226   .1430112     2.60   0.009     .0910257    .6516194
         tot_chores_hrs |  -.0576587   .1694276    -0.34   0.734    -.3897307    .2744133
                  urban |   .2518324   .3291386     0.77   0.444    -.3932675    .8969323
            overtime_40 |   -1.07546   .3136085    -3.43   0.001    -1.690121   -.4607984
                  _cons |   3.291289   1.159266     2.84   0.005      1.01917    5.563409
------------------------+----------------------------------------------------------------
rwg_error               |
             experience |   -.002316   .0280059    -0.08   0.934    -.0572065    .0525745
          experience_sq |    .030084   .0332415     0.91   0.365    -.0350681    .0952362
education_Below_primary |   .0487854   .0262798     1.86   0.063    -.0027221    .1002928
      education_Primary |   -.039812   .0377503    -1.05   0.292    -.1138012    .0341772
  education_Tenth_grade |  -.0270418   .0307075    -0.88   0.379    -.0872275    .0331439
    education_Secondary |  -.0042495   .0166603    -0.26   0.799     -.036903     .028404
     education_Bachelor |  -.0006124   .0036771    -0.17   0.868    -.0078194    .0065946
education_Masters_above |   .0018687   .0099516     0.19   0.851    -.0176362    .0213735
 caste_group_6_Janajati |  -.0003326   .0200672    -0.02   0.987    -.0396636    .0389983
 caste_group_6_Adhibasi |  -.0015142    .005898    -0.26   0.797     -.013074    .0100456
  caste_group_6_Madhesi |  -.0018547   .0107292    -0.17   0.863    -.0228836    .0191741
    caste_group_6_Dalit |   .0008974    .004236     0.21   0.832     -.007405    .0091999
   caste_group_6_Others |   .0016328   .0044977     0.36   0.717    -.0071825    .0104481
                hh_size |   .0045681   .0460462     0.10   0.921    -.0856808    .0948169
                 female |   .0075141   .0097751     0.77   0.442    -.0116448     .026673
                married |   .0115913   .0141908     0.82   0.414    -.0162222    .0394048
               child_12 |    .037185    .023029     1.61   0.106    -.0079511     .082321
              voc_train |   .0027299   .0120919     0.23   0.821    -.0209697    .0264295
        migrated_fr_job |   .0782427    .030636     2.55   0.011     .0181971    .1382882
         tot_chores_hrs |  -.0048085    .007752    -0.62   0.535    -.0200022    .0103851
                  urban |  -.0136913   .0145224    -0.94   0.346    -.0421547    .0147722
            overtime_40 |   .3183447    .072332     4.40   0.000     .1765765    .4601128
-----------------------------------------------------------------------------------------
file test2.xlsx saved

. 
end of do-file

. matrix results = r(table)

. matrix results
matrix operation not found
r(501);

. do "/var/folders/14/04v4h4t52rq0_5mkppfg4bp40000gn/T//SD05543.000000"

. clear

. set more off

. cd "/Users/sandeepsharma/Desktop/Research/Data Analysis/Formal informal wage/Formal_informal_wage/Data/Cleaned/Pooled"
/Users/sandeepsharma/Desktop/Research/Data Analysis/Formal Informal wage/Formal_informal_wage/Data/Cleaned/Pooled

. //cd "D:/Work/Sandeep_research/Data/Cleaned/Pooled"
. use Pooled.dta

. gen ln_wage = ln(hourly_wage)

. label define formal_employment 0 "Informal Employment" 1 "Formal Employment"

. 
. sort psu hhid year

. by psu hhid year: egen total_formal = total(formal_employment)

. gen HH_formal = total_formal - formal_employment

. 
. 
. global exp "experience experience_sq"

. global education "education_Below_primary education_Primary education_Tenth_grade education_Secondary education_Bachelor education_Masters_above" 

. global caste "caste_group_6_Janajati caste_group_6_Adhibasi caste_group_6_Madhesi caste_group_6_Dalit caste_group_6_Others"

. 
end of do-file

. do "/var/folders/14/04v4h4t52rq0_5mkppfg4bp40000gn/T//SD05543.000000"

. local quantiles ""

. 
. * Loop through the specific quantiles and add them to the local macro
. forvalues i = 1(49)100 {
  2.     local quantiles "`quantiles' `i'"
  3. }

. 
. * Display the local macro to verify (optional)
. di "`quantiles'"
 1 50 99

. 
. * Initialize Excel sheet
. putexcel set test2.xlsx, sheet(xyz) modify

. 
. * Loop through quantiles and perform Oaxaca-RIF decomposition
. local row = 1

. foreach q of local quantiles {
  2.     * Perform Oaxaca-RIF decomposition and save results using putexcel
.     oaxaca_rif ln_wage $exp $education $caste hh_size female ///
>     married child_12 voc_train migrated_fr_job tot_chores_hrs urban overtime_40 ///
>     if year == 2008 , by(formal_employment) wgt(1) rif(q(`q')) rwlogit(HH_formal dep_ratio $exp $education $caste) swap
  3.     
.     * Save the results to the Excel sheet
.     matrix results = r(table)
  4.     
.     * Save the quantile label
.     putexcel A`row' = ("Quantile `q'")
  5.     
.     * Save the matrix results starting from the next row
.     local next_row = `row' + 1
  6.     putexcel A`next_row' = matrix(results)
  7.     
.     * Update row counter for the next quantile block
.     local row = `row' + rowsof(results) + 2
  8. }
Estimating Reweighted RIF-OAXACA using RIF:q(1)
Model  : Blinder-Oaxaca RIF-decomposition
Type   : Reweighted
RIF    : q(1)
Scale  : 1
Group 1: formal_employment = 1 x1*b1             N of obs 1      = 2379
Group c: X1~>rw~>X2 or x2*b1                     N of obs C      = 2379
Group 2: formal_employment = 0 x2*b2             N of obs 2      = 4339

-----------------------------------------------------------------------------------------
                ln_wage |      Coef.   Std. Err.      z    P>|z|     [95% Conf. Interval]
------------------------+----------------------------------------------------------------
Overall                 |
                group_1 |   1.849282   .1013713    18.24   0.000     1.650598    2.047966
                group_c |   1.655726   .0764928    21.65   0.000     1.505803     1.80565
                group_2 |   1.025067   .0573041    17.89   0.000     .9127535    1.137381
            tdifference |    .824215    .116447     7.08   0.000     .5959832    1.052447
            t_explained |   .1935559   .1269933     1.52   0.127    -.0553463    .4424582
          t_unexplained |   .6306591   .0955767     6.60   0.000     .4433321     .817986
------------------------+----------------------------------------------------------------
explained               |
                  total |   .1935559   .1269933     1.52   0.127    -.0553463    .4424582
            p_explained |   .5253431   .1450467     3.62   0.000     .2410569    .8096293
             specif_err |  -.3317872   .1899212    -1.75   0.081    -.7040258    .0404515
------------------------+----------------------------------------------------------------
p_explained             |
             experience |    .073749   .0423658     1.74   0.082    -.0092866    .1567845
          experience_sq |   .0180383   .0308327     0.59   0.559    -.0423928    .0784693
education_Below_primary |   .0150407   .0501839     0.30   0.764    -.0833179    .1133994
      education_Primary |   .1891904   .0901673     2.10   0.036     .0124657    .3659151
  education_Tenth_grade |  -.0287273   .0457965    -0.63   0.530    -.1184868    .0610323
    education_Secondary |  -.0158584   .0836869    -0.19   0.850    -.1798818    .1481649
     education_Bachelor |  -.0036383   .0832365    -0.04   0.965    -.1667788    .1595022
education_Masters_above |   .0031098   .0568386     0.05   0.956    -.1082919    .1145114
 caste_group_6_Janajati |   .0073944   .0175959     0.42   0.674    -.0270928    .0418817
 caste_group_6_Adhibasi |   .1459621   .0352505     4.14   0.000     .0768723    .2150518
  caste_group_6_Madhesi |   .0050283   .0057924     0.87   0.385    -.0063247    .0163813
    caste_group_6_Dalit |   .0096503   .0496608     0.19   0.846    -.0876832    .1069837
   caste_group_6_Others |   .0247423   .0362104     0.68   0.494    -.0462289    .0957135
                hh_size |    .006136   .0077686     0.79   0.430    -.0090901    .0213621
                 female |   .0016874   .0035767     0.47   0.637    -.0053229    .0086976
                married |  -.0080836   .0403453    -0.20   0.841    -.0871588    .0709917
               child_12 |   .0158642   .0257143     0.62   0.537    -.0345348    .0662633
              voc_train |   .0224995   .0196078     1.15   0.251    -.0159311    .0609301
        migrated_fr_job |   .0103312   .0102847     1.00   0.315    -.0098265    .0304889
         tot_chores_hrs |  -.0007918   .0046463    -0.17   0.865    -.0098983    .0083147
                  urban |   .0058722   .0184676     0.32   0.751    -.0303236    .0420679
            overtime_40 |   .0281466   .0253848     1.11   0.268    -.0216067    .0778998
------------------------+----------------------------------------------------------------
specif_err              |
             experience |   1.487974    .742129     2.01   0.045     .0334284     2.94252
          experience_sq |  -.7069589   .4245989    -1.67   0.096    -1.539157    .1252396
education_Below_primary |   .0756631   .1091322     0.69   0.488     -.138232    .2895582
      education_Primary |  -.0919865   .1900201    -0.48   0.628    -.4644191     .280446
  education_Tenth_grade |    .100643   .1216634     0.83   0.408    -.1378128    .3390988
    education_Secondary |   .0372746   .0583723     0.64   0.523     -.077133    .1516822
     education_Bachelor |   .0293855   .0417815     0.70   0.482    -.0525047    .1112758
education_Masters_above |   .0136075    .019011     0.72   0.474    -.0236534    .0508684
 caste_group_6_Janajati |  -.0620969   .1180293    -0.53   0.599    -.2934301    .1692363
 caste_group_6_Adhibasi |   -.070933   .0576317    -1.23   0.218    -.1838891    .0420231
  caste_group_6_Madhesi |  -.0293565   .0483685    -0.61   0.544    -.1241571    .0654441
    caste_group_6_Dalit |   -.010692   .0756218    -0.14   0.888     -.158908    .1375241
   caste_group_6_Others |  -.0345583   .0578888    -0.60   0.551    -.1480182    .0789016
                hh_size |  -.4606625   .3724613    -1.24   0.216    -1.190673    .2693482
                 female |   .1313812    .083584     1.57   0.116    -.0324404    .2952029
                married |   .1418264   .2922645     0.49   0.627    -.4310014    .7146542
               child_12 |  -.0825914   .1760876    -0.47   0.639    -.4277168    .2625339
              voc_train |   .0258989   .0552989     0.47   0.640    -.0824849    .1342827
        migrated_fr_job |   .0164357   .1037546     0.16   0.874    -.1869197     .219791
         tot_chores_hrs |  -.1172243   .1073231    -1.09   0.275    -.3275737    .0931251
                  urban |  -.0623977   .2044736    -0.31   0.760    -.4631587    .3383633
            overtime_40 |   .0221054    .146823     0.15   0.880    -.2656625    .3098732
                  _cons |  -.6845249   .8938689    -0.77   0.444    -2.436476    1.067426
------------------------+----------------------------------------------------------------
unexplained             |
                  total |   .6306591   .0955767     6.60   0.000     .4433321     .817986
              rwg_error |   .0273598   .0371283     0.74   0.461    -.0454104      .10013
          p_unexplained |   .6032993   .1004994     6.00   0.000     .4063241    .8002745
------------------------+----------------------------------------------------------------
p_unexplained           |
             experience |  -.0104342   .5604759    -0.02   0.985    -1.108947    1.088078
          experience_sq |  -.1979259   .2896397    -0.68   0.494    -.7656094    .3697575
education_Below_primary |  -.1081101   .0565762    -1.91   0.056    -.2189975    .0027772
      education_Primary |  -.2912985   .0863848    -3.37   0.001    -.4606097   -.1219874
  education_Tenth_grade |  -.1365435   .0630009    -2.17   0.030    -.2600229   -.0130641
    education_Secondary |  -.0586884   .0367326    -1.60   0.110     -.130683    .0133061
     education_Bachelor |  -.0307385    .028389    -1.08   0.279    -.0863799    .0249029
education_Masters_above |  -.0161393   .0151101    -1.07   0.285    -.0457546    .0134761
 caste_group_6_Janajati |   .0999056   .0965735     1.03   0.301    -.0893751    .2891862
 caste_group_6_Adhibasi |   -.160317   .0335848    -4.77   0.000    -.2261421    -.094492
  caste_group_6_Madhesi |   .0378229   .0426119     0.89   0.375     -.045695    .1213408
    caste_group_6_Dalit |   .0469741   .0423357     1.11   0.267    -.0360023    .1299504
   caste_group_6_Others |  -.0054967   .0305268    -0.18   0.857    -.0653281    .0543347
                hh_size |   .1566481   .2964408     0.53   0.597    -.4243651    .7376614
                 female |  -.0552509   .0658517    -0.84   0.401    -.1843177     .073816
                married |  -.3404266   .1945724    -1.75   0.080    -.7217814    .0409282
               child_12 |   .1054711   .1345863     0.78   0.433    -.1583132    .3692554
              voc_train |   .0287819   .0408965     0.70   0.482    -.0513737    .1089375
        migrated_fr_job |   .0203723   .0675595     0.30   0.763     -.112042    .1527865
         tot_chores_hrs |   .1608824   .0799037     2.01   0.044      .004274    .3174908
                  urban |  -.1692001   .1579239    -1.07   0.284    -.4787253    .1403251
            overtime_40 |  -.1026947   .1526813    -0.67   0.501    -.4019446    .1965552
                  _cons |   1.629705   .5572429     2.92   0.003     .5375295    2.721881
------------------------+----------------------------------------------------------------
rwg_error               |
             experience |  -.0039308   .0116201    -0.34   0.735    -.0267058    .0188442
          experience_sq |    .008126   .0117229     0.69   0.488    -.0148504    .0311025
education_Below_primary |   .0134699    .008158     1.65   0.099    -.0025196    .0294593
      education_Primary |    -.01236   .0118885    -1.04   0.298    -.0356611    .0109411
  education_Tenth_grade |   -.008344   .0096223    -0.87   0.386    -.0272034    .0105154
    education_Secondary |  -.0010398     .00411    -0.25   0.800    -.0090953    .0070157
     education_Bachelor |  -.0005776   .0033481    -0.17   0.863    -.0071399    .0059846
education_Masters_above |  -.0004244   .0022853    -0.19   0.853    -.0049036    .0040547
 caste_group_6_Janajati |  -.0000132   .0007944    -0.02   0.987    -.0015702    .0015439
 caste_group_6_Adhibasi |  -.0144974   .0144461    -1.00   0.316    -.0428111    .0138164
  caste_group_6_Madhesi |   .0015626    .004388     0.36   0.722    -.0070377     .010163
    caste_group_6_Dalit |   .0001314   .0016363     0.08   0.936    -.0030756    .0033384
   caste_group_6_Others |  -.0000502   .0015019    -0.03   0.973    -.0029939    .0028935
                hh_size |  -.0159943    .018747    -0.85   0.394    -.0527377    .0207491
                 female |    .003742   .0045518     0.82   0.411    -.0051794    .0126635
                married |  -.0026481   .0037014    -0.72   0.474    -.0099028    .0046065
               child_12 |   .0004252   .0072808     0.06   0.953     -.013845    .0146953
              voc_train |   .0029759   .0050069     0.59   0.552    -.0068374    .0127892
        migrated_fr_job |   .0112541   .0105853     1.06   0.288    -.0094927    .0320009
         tot_chores_hrs |   .0038181   .0044868     0.85   0.395    -.0049758    .0126121
                  urban |  -.0053236   .0058311    -0.91   0.361    -.0167524    .0061053
            overtime_40 |   .0470579   .0278944     1.69   0.092    -.0076142      .10173
-----------------------------------------------------------------------------------------
file test2.xlsx saved
file test2.xlsx saved
Estimating Reweighted RIF-OAXACA using RIF:q(50)
Model  : Blinder-Oaxaca RIF-decomposition
Type   : Reweighted
RIF    : q(50)
Scale  : 1
Group 1: formal_employment = 1 x1*b1             N of obs 1      = 2379
Group c: X1~>rw~>X2 or x2*b1                     N of obs C      = 2379
Group 2: formal_employment = 0 x2*b2             N of obs 2      = 4339

-----------------------------------------------------------------------------------------
                ln_wage |      Coef.   Std. Err.      z    P>|z|     [95% Conf. Interval]
------------------------+----------------------------------------------------------------
Overall                 |
                group_1 |   3.751492   .0138971   269.95   0.000     3.724254     3.77873
                group_c |    3.27065   .0178437   183.29   0.000     3.235677    3.305623
                group_2 |   2.943632   .0111356   264.34   0.000     2.921807    2.965458
            tdifference |   .8078595   .0178082    45.36   0.000     .7729561    .8427629
            t_explained |   .4808423   .0226169    21.26   0.000     .4365139    .5251707
          t_unexplained |   .3270171   .0210332    15.55   0.000     .2857927    .3682416
------------------------+----------------------------------------------------------------
explained               |
                  total |   .4808423   .0226169    21.26   0.000     .4365139    .5251707
            p_explained |   .3912942   .0193789    20.19   0.000     .3533122    .4292761
             specif_err |   .0895481   .0250922     3.57   0.000     .0403684    .1387279
------------------------+----------------------------------------------------------------
p_explained             |
             experience |   .0242411   .0111211     2.18   0.029     .0024442     .046038
          experience_sq |   .0033237   .0055796     0.60   0.551     -.007612    .0142595
education_Below_primary |  -.0023617   .0057243    -0.41   0.680    -.0135811    .0088576
      education_Primary |   -.023752   .0103114    -2.30   0.021    -.0439619   -.0035421
  education_Tenth_grade |    .036038   .0077773     4.63   0.000     .0207948    .0512811
    education_Secondary |   .0846044   .0115097     7.35   0.000     .0620458    .1071631
     education_Bachelor |   .1136377   .0125226     9.07   0.000     .0890938    .1381816
education_Masters_above |   .0883255   .0098695     8.95   0.000     .0689817    .1076693
 caste_group_6_Janajati |  -.0005502   .0020024    -0.27   0.783    -.0044749    .0033745
 caste_group_6_Adhibasi |   .0041972   .0033957     1.24   0.216    -.0024582    .0108526
  caste_group_6_Madhesi |   .0011103   .0009099     1.22   0.222    -.0006732    .0028937
    caste_group_6_Dalit |   .0110044   .0057506     1.91   0.056    -.0002665    .0222753
   caste_group_6_Others |   .0024416   .0041246     0.59   0.554    -.0056424    .0105256
                hh_size |  -.0010532   .0010029    -1.05   0.294    -.0030188    .0009124
                 female |  -.0013106   .0022252    -0.59   0.556     -.005672    .0030508
                married |  -.0016517   .0046014    -0.36   0.720    -.0106702    .0073669
               child_12 |   .0059342   .0030717     1.93   0.053    -.0000862    .0119546
              voc_train |   .0059786   .0023699     2.52   0.012     .0013337    .0106236
        migrated_fr_job |   .0040672    .001767     2.30   0.021     .0006039    .0075305
         tot_chores_hrs |   .0005313   .0006613     0.80   0.422    -.0007647    .0018274
                  urban |   .0027476   .0021561     1.27   0.203    -.0014784    .0069735
            overtime_40 |   .0337906   .0049735     6.79   0.000     .0240428    .0435385
------------------------+----------------------------------------------------------------
specif_err              |
             experience |  -.2344452   .1076294    -2.18   0.029    -.4453949   -.0234955
          experience_sq |   .1412275   .0592777     2.38   0.017     .0250453    .2574098
education_Below_primary |  -.0399872   .0140295    -2.85   0.004    -.0674846   -.0124899
      education_Primary |  -.0746978    .024433    -3.06   0.002    -.1225856     -.02681
  education_Tenth_grade |   .0011269   .0160886     0.07   0.944    -.0304063      .03266
    education_Secondary |  -.0083643   .0080824    -1.03   0.301    -.0242055    .0074769
     education_Bachelor |  -.0062772   .0059515    -1.05   0.292     -.017942    .0053876
education_Masters_above |   .0011565   .0028799     0.40   0.688    -.0044881     .006801
 caste_group_6_Janajati |   .0146108   .0179125     0.82   0.415    -.0204971    .0497188
 caste_group_6_Adhibasi |   .0279192   .0080729     3.46   0.001     .0120965    .0437418
  caste_group_6_Madhesi |   .0177812   .0072642     2.45   0.014     .0035437    .0320187
    caste_group_6_Dalit |   .0103631   .0099696     1.04   0.299     -.009177    .0299032
   caste_group_6_Others |   .0067895   .0077315     0.88   0.380     -.008364     .021943
                hh_size |   .0836001   .0554221     1.51   0.131    -.0250253    .1922255
                 female |  -.0146185   .0123421    -1.18   0.236    -.0388086    .0095716
                married |  -.0895704   .0411697    -2.18   0.030    -.1702615   -.0088792
               child_12 |   .0159419   .0255958     0.62   0.533    -.0342249    .0661088
              voc_train |  -.0140719   .0084803    -1.66   0.097     -.030693    .0025491
        migrated_fr_job |    -.04188   .0155012    -2.70   0.007    -.0722618   -.0114981
         tot_chores_hrs |   .0240148   .0160213     1.50   0.134    -.0073863    .0554159
                  urban |  -.0921652    .029667    -3.11   0.002    -.1503115   -.0340188
            overtime_40 |   .1327526   .0218464     6.08   0.000     .0899344    .1755708
                  _cons |   .2283417   .1221668     1.87   0.062    -.0111007    .4677842
------------------------+----------------------------------------------------------------
unexplained             |
                  total |   .3270171   .0210332    15.55   0.000     .2857927    .3682416
              rwg_error |   .1102881   .0141163     7.81   0.000     .0826207    .1379555
          p_unexplained |    .216729   .0190546    11.37   0.000     .1793828    .2540753
------------------------+----------------------------------------------------------------
p_unexplained           |
             experience |   .4103548   .1047481     3.92   0.000     .2050524    .6156573
          experience_sq |  -.1851047     .05425    -3.41   0.001    -.2914327   -.0787767
education_Below_primary |   .0212718   .0105848     2.01   0.044     .0005261    .0420176
      education_Primary |   .0653119    .016166     4.04   0.000     .0336271    .0969968
  education_Tenth_grade |   .0280994    .011787     2.38   0.017     .0049973    .0512015
    education_Secondary |   .0106488   .0068577     1.55   0.120    -.0027921    .0240896
     education_Bachelor |   .0115216   .0053437     2.16   0.031     .0010482     .021995
education_Masters_above |   .0043399   .0028427     1.53   0.127    -.0012316    .0099114
 caste_group_6_Janajati |  -.0477037   .0180626    -2.64   0.008    -.0831057   -.0123017
 caste_group_6_Adhibasi |  -.0238227   .0062076    -3.84   0.000    -.0359895    -.011656
  caste_group_6_Madhesi |  -.0197247   .0080056    -2.46   0.014    -.0354155   -.0040339
    caste_group_6_Dalit |   -.027417   .0079911    -3.43   0.001    -.0430793   -.0117548
   caste_group_6_Others |  -.0079307   .0057252    -1.39   0.166     -.019152    .0032905
                hh_size |    .079359   .0557016     1.42   0.154    -.0298142    .1885322
                 female |   .0292339   .0123478     2.37   0.018     .0050326    .0534351
                married |   .0085833   .0363455     0.24   0.813    -.0626526    .0798192
               child_12 |  -.0732568   .0252433    -2.90   0.004    -.1227328   -.0237808
              voc_train |   .0118852   .0076335     1.56   0.119    -.0030761    .0268465
        migrated_fr_job |   .0251251   .0126477     1.99   0.047      .000336    .0499141
         tot_chores_hrs |   .0173913   .0149416     1.16   0.244    -.0118937    .0466762
                  urban |   .0865022   .0294875     2.93   0.003     .0287077    .1442968
            overtime_40 |  -.2052525   .0285049    -7.20   0.000    -.2611211    -.149384
                  _cons |  -.0026862   .1039851    -0.03   0.979    -.2064932    .2011208
------------------------+----------------------------------------------------------------
rwg_error               |
             experience |  -.0202298   .0145934    -1.39   0.166    -.0488324    .0083728
          experience_sq |   .0139731   .0102767     1.36   0.174    -.0061688     .034115
education_Below_primary |  -.0056845    .002856    -1.99   0.047    -.0112822   -.0000869
      education_Primary |   .0053197   .0049731     1.07   0.285    -.0044274    .0150668
  education_Tenth_grade |   .0042024   .0046921     0.90   0.370     -.004994    .0133989
    education_Secondary |   .0013152   .0051332     0.26   0.798    -.0087456     .011376
     education_Bachelor |   .0010061   .0057842     0.17   0.862    -.0103307     .012343
education_Masters_above |   .0006995    .003707     0.19   0.850     -.006566    .0079651
 caste_group_6_Janajati |   6.40e-06    .000386     0.02   0.987    -.0007501    .0007629
 caste_group_6_Adhibasi |  -.0028613   .0028491    -1.00   0.315    -.0084455     .002723
  caste_group_6_Madhesi |   .0038441   .0021937     1.75   0.080    -.0004555    .0081438
    caste_group_6_Dalit |   .0012878    .001904     0.68   0.499     -.002444    .0050195
   caste_group_6_Others |   -.000594   .0009644    -0.62   0.538    -.0024841    .0012961
                hh_size |     .00311   .0035977     0.86   0.387    -.0039415    .0101614
                 female |   .0011923   .0013175     0.90   0.365      -.00139    .0037745
                married |   .0011001   .0013141     0.84   0.402    -.0014754    .0036756
               child_12 |   .0034726   .0019327     1.80   0.072    -.0003155    .0072606
              voc_train |   .0035757   .0017349     2.06   0.039     .0001754    .0069761
        migrated_fr_job |   .0121562   .0032889     3.70   0.000     .0057101    .0186023
         tot_chores_hrs |  -.0005328   .0007064    -0.75   0.451    -.0019174    .0008518
                  urban |  -.0053948   .0023002    -2.35   0.019    -.0099032   -.0008864
            overtime_40 |   .0893241   .0083123    10.75   0.000     .0730322     .105616
-----------------------------------------------------------------------------------------
file test2.xlsx saved
file test2.xlsx saved
Estimating Reweighted RIF-OAXACA using RIF:q(99)
Model  : Blinder-Oaxaca RIF-decomposition
Type   : Reweighted
RIF    : q(99)
Scale  : 1
Group 1: formal_employment = 1 x1*b1             N of obs 1      = 2379
Group c: X1~>rw~>X2 or x2*b1                     N of obs C      = 2379
Group 2: formal_employment = 0 x2*b2             N of obs 2      = 4339

-----------------------------------------------------------------------------------------
                ln_wage |      Coef.   Std. Err.      z    P>|z|     [95% Conf. Interval]
------------------------+----------------------------------------------------------------
Overall                 |
                group_1 |   5.710972   .1676648    34.06   0.000     5.382355    6.039589
                group_c |   5.251636    .191071    27.49   0.000     4.877143    5.626128
                group_2 |   4.949139   .0690196    71.71   0.000     4.813863    5.084415
            tdifference |    .761833   .1813152     4.20   0.000     .4064618    1.117204
            t_explained |    .459336   .2542038     1.81   0.071    -.0388944    .9575663
          t_unexplained |    .302497   .2031547     1.49   0.136    -.0956788    .7006728
------------------------+----------------------------------------------------------------
explained               |
                  total |    .459336   .2542038     1.81   0.071    -.0388944    .9575663
            p_explained |   .3078769   .2387857     1.29   0.197    -.1601346    .7758883
             specif_err |   .1514591   .3452398     0.44   0.661    -.5251984    .8281166
------------------------+----------------------------------------------------------------
p_explained             |
             experience |   .0108578   .0454939     0.24   0.811    -.0783087    .1000243
          experience_sq |   .0077163   .0177564     0.43   0.664    -.0270856    .0425183
education_Below_primary |   .1023106   .0843487     1.21   0.225    -.0630097    .2676309
      education_Primary |   .2018792    .148746     1.36   0.175    -.0896576     .493416
  education_Tenth_grade |  -.0904436   .0772058    -1.17   0.241    -.2417642     .060877
    education_Secondary |  -.1294201   .1396054    -0.93   0.354    -.4030416    .1442014
     education_Bachelor |  -.0903287   .1386737    -0.65   0.515    -.3621242    .1814668
education_Masters_above |   .0781252   .0948188     0.82   0.410    -.1077162    .2639666
 caste_group_6_Janajati |  -.0208942   .0294501    -0.71   0.478    -.0786154     .036827
 caste_group_6_Adhibasi |    .026396   .0490183     0.54   0.590    -.0696781      .12247
  caste_group_6_Madhesi |   .0051231   .0085992     0.60   0.551    -.0117311    .0219773
    caste_group_6_Dalit |   .0167858   .0826468     0.20   0.839    -.1451991    .1787706
   caste_group_6_Others |  -.0525002   .0603868    -0.87   0.385    -.1708561    .0658557
                hh_size |   .0040822   .0116555     0.35   0.726    -.0187621    .0269265
                 female |  -.0054954   .0099482    -0.55   0.581    -.0249936    .0140028
                married |    .111104   .0680224     1.63   0.102    -.0222176    .2444255
               child_12 |   .0396107   .0430614     0.92   0.358    -.0447881    .1240095
              voc_train |   -.005916   .0321831    -0.18   0.854    -.0689937    .0571616
        migrated_fr_job |    .018336   .0172521     1.06   0.288    -.0154775    .0521495
         tot_chores_hrs |   .0000925   .0076682     0.01   0.990    -.0149369    .0151219
                  urban |   .0229843   .0309478     0.74   0.458    -.0376722    .0836408
            overtime_40 |   .0574715   .0424347     1.35   0.176     -.025699     .140642
------------------------+----------------------------------------------------------------
specif_err              |
             experience |   .1526927   1.466564     0.10   0.917     -2.72172    3.027106
          experience_sq |   .2766096   .8143095     0.34   0.734    -1.319408    1.872627
education_Below_primary |   .1773544   .1962085     0.90   0.366    -.2072072    .5619159
      education_Primary |   .5112284    .342834     1.49   0.136    -.1607139    1.183171
  education_Tenth_grade |   .3325548    .224985     1.48   0.139    -.1084076    .7735172
    education_Secondary |    .113508   .1114849     1.02   0.309    -.1049983    .3320143
     education_Bachelor |  -.0050353   .0811952    -0.06   0.951    -.1641751    .1541044
education_Masters_above |  -.0367387   .0391263    -0.94   0.348    -.1134249    .0399475
 caste_group_6_Janajati |  -.5064148   .2419941    -2.09   0.036    -.9807145   -.0321151
 caste_group_6_Adhibasi |  -.0264018   .1087659    -0.24   0.808     -.239579    .1867755
  caste_group_6_Madhesi |  -.0538115   .0974518    -0.55   0.581    -.2448135    .1371905
    caste_group_6_Dalit |  -.0053399   .1390711    -0.04   0.969    -.2779142    .2672344
   caste_group_6_Others |   .0468992   .1074851     0.44   0.663    -.1637677    .2575661
                hh_size |  -.1174798   .7509922    -0.16   0.876    -1.589398    1.354438
                 female |  -.0076574   .1673454    -0.05   0.964    -.3356484    .3203335
                married |  -.1575149   .5650849    -0.28   0.780    -1.265061    .9500313
               child_12 |   .3043802   .3487919     0.87   0.383    -.3792395    .9879998
              voc_train |  -.0332369   .1139141    -0.29   0.770    -.2565045    .1900307
        migrated_fr_job |   -.335498   .2096187    -1.60   0.109    -.7463431     .075347
         tot_chores_hrs |    .131169   .2168086     0.60   0.545    -.2937681     .556106
                  urban |  -.0892794     .40411    -0.22   0.825    -.8813204    .7027616
            overtime_40 |    .764209   .2949626     2.59   0.010      .186093    1.342325
                  _cons |  -1.284738   1.690193    -0.76   0.447    -4.597455     2.02798
------------------------+----------------------------------------------------------------
unexplained             |
                  total |    .302497   .2031547     1.49   0.136    -.0956788    .7006728
              rwg_error |   .4472109    .096651     4.63   0.000     .2577783    .6366434
          p_unexplained |  -.1447139   .2158333    -0.67   0.503    -.5677394    .2783117
------------------------+----------------------------------------------------------------
p_unexplained           |
             experience |  -.7680298   1.171216    -0.66   0.512    -3.063571    1.527512
          experience_sq |  -.3923566   .6097597    -0.64   0.520    -1.587464    .8027505
education_Below_primary |  -.4242188   .1203067    -3.53   0.000    -.6600156    -.188422
      education_Primary |  -.9201908   .1822271    -5.05   0.000    -1.277349   -.5630323
  education_Tenth_grade |  -.6014731   .1342066    -4.48   0.000    -.8645131   -.3384331
    education_Secondary |   -.268665   .0778008    -3.45   0.001    -.4211518   -.1161783
     education_Bachelor |  -.1321794   .0600805    -2.20   0.028     -.249935   -.0144238
education_Masters_above |   -.008653   .0315191    -0.27   0.784    -.0704294    .0531234
 caste_group_6_Janajati |   .4514235   .2027847     2.23   0.026     .0539727    .8488742
 caste_group_6_Adhibasi |   -.036973   .0684848    -0.54   0.589    -.1712006    .0972547
  caste_group_6_Madhesi |  -.0291121   .0900658    -0.32   0.747    -.2056378    .1474137
    caste_group_6_Dalit |  -.0413865   .0892361    -0.46   0.643    -.2162859     .133513
   caste_group_6_Others |   .0269603   .0645041     0.42   0.676    -.0994655    .1533861
                hh_size |   .1021822   .6473093     0.16   0.875    -1.166521    1.370885
                 female |  -.1360951   .1399236    -0.97   0.331    -.4103403    .1381501
                married |   .8320884   .4082349     2.04   0.042     .0319627    1.632214
               child_12 |  -.5819415   .2885358    -2.02   0.044    -1.147461   -.0164217
              voc_train |   .0025805   .0844272     0.03   0.976    -.1628939    .1680548
        migrated_fr_job |   .3713226   .1430112     2.60   0.009     .0910257    .6516194
         tot_chores_hrs |  -.0576587   .1694276    -0.34   0.734    -.3897307    .2744133
                  urban |   .2518324   .3291386     0.77   0.444    -.3932675    .8969323
            overtime_40 |   -1.07546   .3136085    -3.43   0.001    -1.690121   -.4607984
                  _cons |   3.291289   1.159266     2.84   0.005      1.01917    5.563409
------------------------+----------------------------------------------------------------
rwg_error               |
             experience |   -.002316   .0280059    -0.08   0.934    -.0572065    .0525745
          experience_sq |    .030084   .0332415     0.91   0.365    -.0350681    .0952362
education_Below_primary |   .0487854   .0262798     1.86   0.063    -.0027221    .1002928
      education_Primary |   -.039812   .0377503    -1.05   0.292    -.1138012    .0341772
  education_Tenth_grade |  -.0270418   .0307075    -0.88   0.379    -.0872275    .0331439
    education_Secondary |  -.0042495   .0166603    -0.26   0.799     -.036903     .028404
     education_Bachelor |  -.0006124   .0036771    -0.17   0.868    -.0078194    .0065946
education_Masters_above |   .0018687   .0099516     0.19   0.851    -.0176362    .0213735
 caste_group_6_Janajati |  -.0003326   .0200672    -0.02   0.987    -.0396636    .0389983
 caste_group_6_Adhibasi |  -.0015142    .005898    -0.26   0.797     -.013074    .0100456
  caste_group_6_Madhesi |  -.0018547   .0107292    -0.17   0.863    -.0228836    .0191741
    caste_group_6_Dalit |   .0008974    .004236     0.21   0.832     -.007405    .0091999
   caste_group_6_Others |   .0016328   .0044977     0.36   0.717    -.0071825    .0104481
                hh_size |   .0045681   .0460462     0.10   0.921    -.0856808    .0948169
                 female |   .0075141   .0097751     0.77   0.442    -.0116448     .026673
                married |   .0115913   .0141908     0.82   0.414    -.0162222    .0394048
               child_12 |    .037185    .023029     1.61   0.106    -.0079511     .082321
              voc_train |   .0027299   .0120919     0.23   0.821    -.0209697    .0264295
        migrated_fr_job |   .0782427    .030636     2.55   0.011     .0181971    .1382882
         tot_chores_hrs |  -.0048085    .007752    -0.62   0.535    -.0200022    .0103851
                  urban |  -.0136913   .0145224    -0.94   0.346    -.0421547    .0147722
            overtime_40 |   .3183447    .072332     4.40   0.000     .1765765    .4601128
-----------------------------------------------------------------------------------------
file test2.xlsx saved
file test2.xlsx saved

. 
end of do-file

. do "/var/folders/14/04v4h4t52rq0_5mkppfg4bp40000gn/T//SD05543.000000"

. clear

. set more off

. cd "/Users/sandeepsharma/Desktop/Research/Data Analysis/Formal informal wage/Formal_informal_wage/Data/Cleaned/Pooled"
/Users/sandeepsharma/Desktop/Research/Data Analysis/Formal Informal wage/Formal_informal_wage/Data/Cleaned/Pooled

. //cd "D:/Work/Sandeep_research/Data/Cleaned/Pooled"
. use Pooled.dta

. gen ln_wage = ln(hourly_wage)

. label define formal_employment 0 "Informal Employment" 1 "Formal Employment"

. 
. sort psu hhid year

. by psu hhid year: egen total_formal = total(formal_employment)

. gen HH_formal = total_formal - formal_employment

. 
. 
. global exp "experience experience_sq"

. global education "education_Below_primary education_Primary education_Tenth_grade education_Secondary education_Bachelor education_Masters_above" 

. global caste "caste_group_6_Janajati caste_group_6_Adhibasi caste_group_6_Madhesi caste_group_6_Dalit caste_group_6_Others"

. 
end of do-file

. do "/var/folders/14/04v4h4t52rq0_5mkppfg4bp40000gn/T//SD05543.000000"

. * Initialize an empty local macro
. local quantiles ""

. 
. * Loop through the specific quantiles and add them to the local macro
. forvalues i = 1(49)100 {
  2.     local quantiles "`quantiles' `i'"
  3. }

. 
. * Display the local macro to verify (optional)
. di "`quantiles'"
 1 50 99

. 
. * Initialize Excel sheet
. putexcel set test2.xlsx, sheet(xyz) modify

. 
. * Loop through quantiles and perform Oaxaca-RIF decomposition
. local row = 1

. foreach q of local quantiles {
  2.     * Perform Oaxaca-RIF decomposition and save results using putexcel
.     oaxaca_rif ln_wage $exp $education $caste hh_size female ///
>     married child_12 voc_train migrated_fr_job tot_chores_hrs urban overtime_40 ///
>     if year == 2008 , by(formal_employment) wgt(1) rif(q(`q')) rwlogit(HH_formal dep_ratio $exp $education $caste) swap
  3.     
.     * Save the quantile label in the first column of the row
.     putexcel A`row' = ("Quantile `q'")
  4.     
.     * Save the matrix results in the subsequent columns
.     matrix results = r(table)
  5.     local next_row = `row' + 1
  6.     
.     forvalues i = 1/`=rowsof(results)' {
  7.         local col = 2
  8.         foreach var in colnames(results) {
  9.             putexcel `=char(`col' + 64)'`next_row' = el(results, `i', `var')
 10.             local col = `col' + 1
 11.         }
 12.         local next_row = `next_row' + 1
 13.     }
 14.     
.     * Update row counter for the next quantile block
.     local row = `next_row' + 1
 15. }
Estimating Reweighted RIF-OAXACA using RIF:q(1)
Model  : Blinder-Oaxaca RIF-decomposition
Type   : Reweighted
RIF    : q(1)
Scale  : 1
Group 1: formal_employment = 1 x1*b1             N of obs 1      = 2379
Group c: X1~>rw~>X2 or x2*b1                     N of obs C      = 2379
Group 2: formal_employment = 0 x2*b2             N of obs 2      = 4339

-----------------------------------------------------------------------------------------
                ln_wage |      Coef.   Std. Err.      z    P>|z|     [95% Conf. Interval]
------------------------+----------------------------------------------------------------
Overall                 |
                group_1 |   1.849282   .1013713    18.24   0.000     1.650598    2.047966
                group_c |   1.655726   .0764928    21.65   0.000     1.505803     1.80565
                group_2 |   1.025067   .0573041    17.89   0.000     .9127535    1.137381
            tdifference |    .824215    .116447     7.08   0.000     .5959832    1.052447
            t_explained |   .1935559   .1269933     1.52   0.127    -.0553463    .4424582
          t_unexplained |   .6306591   .0955767     6.60   0.000     .4433321     .817986
------------------------+----------------------------------------------------------------
explained               |
                  total |   .1935559   .1269933     1.52   0.127    -.0553463    .4424582
            p_explained |   .5253431   .1450467     3.62   0.000     .2410569    .8096293
             specif_err |  -.3317872   .1899212    -1.75   0.081    -.7040258    .0404515
------------------------+----------------------------------------------------------------
p_explained             |
             experience |    .073749   .0423658     1.74   0.082    -.0092866    .1567845
          experience_sq |   .0180383   .0308327     0.59   0.559    -.0423928    .0784693
education_Below_primary |   .0150407   .0501839     0.30   0.764    -.0833179    .1133994
      education_Primary |   .1891904   .0901673     2.10   0.036     .0124657    .3659151
  education_Tenth_grade |  -.0287273   .0457965    -0.63   0.530    -.1184868    .0610323
    education_Secondary |  -.0158584   .0836869    -0.19   0.850    -.1798818    .1481649
     education_Bachelor |  -.0036383   .0832365    -0.04   0.965    -.1667788    .1595022
education_Masters_above |   .0031098   .0568386     0.05   0.956    -.1082919    .1145114
 caste_group_6_Janajati |   .0073944   .0175959     0.42   0.674    -.0270928    .0418817
 caste_group_6_Adhibasi |   .1459621   .0352505     4.14   0.000     .0768723    .2150518
  caste_group_6_Madhesi |   .0050283   .0057924     0.87   0.385    -.0063247    .0163813
    caste_group_6_Dalit |   .0096503   .0496608     0.19   0.846    -.0876832    .1069837
   caste_group_6_Others |   .0247423   .0362104     0.68   0.494    -.0462289    .0957135
                hh_size |    .006136   .0077686     0.79   0.430    -.0090901    .0213621
                 female |   .0016874   .0035767     0.47   0.637    -.0053229    .0086976
                married |  -.0080836   .0403453    -0.20   0.841    -.0871588    .0709917
               child_12 |   .0158642   .0257143     0.62   0.537    -.0345348    .0662633
              voc_train |   .0224995   .0196078     1.15   0.251    -.0159311    .0609301
        migrated_fr_job |   .0103312   .0102847     1.00   0.315    -.0098265    .0304889
         tot_chores_hrs |  -.0007918   .0046463    -0.17   0.865    -.0098983    .0083147
                  urban |   .0058722   .0184676     0.32   0.751    -.0303236    .0420679
            overtime_40 |   .0281466   .0253848     1.11   0.268    -.0216067    .0778998
------------------------+----------------------------------------------------------------
specif_err              |
             experience |   1.487974    .742129     2.01   0.045     .0334284     2.94252
          experience_sq |  -.7069589   .4245989    -1.67   0.096    -1.539157    .1252396
education_Below_primary |   .0756631   .1091322     0.69   0.488     -.138232    .2895582
      education_Primary |  -.0919865   .1900201    -0.48   0.628    -.4644191     .280446
  education_Tenth_grade |    .100643   .1216634     0.83   0.408    -.1378128    .3390988
    education_Secondary |   .0372746   .0583723     0.64   0.523     -.077133    .1516822
     education_Bachelor |   .0293855   .0417815     0.70   0.482    -.0525047    .1112758
education_Masters_above |   .0136075    .019011     0.72   0.474    -.0236534    .0508684
 caste_group_6_Janajati |  -.0620969   .1180293    -0.53   0.599    -.2934301    .1692363
 caste_group_6_Adhibasi |   -.070933   .0576317    -1.23   0.218    -.1838891    .0420231
  caste_group_6_Madhesi |  -.0293565   .0483685    -0.61   0.544    -.1241571    .0654441
    caste_group_6_Dalit |   -.010692   .0756218    -0.14   0.888     -.158908    .1375241
   caste_group_6_Others |  -.0345583   .0578888    -0.60   0.551    -.1480182    .0789016
                hh_size |  -.4606625   .3724613    -1.24   0.216    -1.190673    .2693482
                 female |   .1313812    .083584     1.57   0.116    -.0324404    .2952029
                married |   .1418264   .2922645     0.49   0.627    -.4310014    .7146542
               child_12 |  -.0825914   .1760876    -0.47   0.639    -.4277168    .2625339
              voc_train |   .0258989   .0552989     0.47   0.640    -.0824849    .1342827
        migrated_fr_job |   .0164357   .1037546     0.16   0.874    -.1869197     .219791
         tot_chores_hrs |  -.1172243   .1073231    -1.09   0.275    -.3275737    .0931251
                  urban |  -.0623977   .2044736    -0.31   0.760    -.4631587    .3383633
            overtime_40 |   .0221054    .146823     0.15   0.880    -.2656625    .3098732
                  _cons |  -.6845249   .8938689    -0.77   0.444    -2.436476    1.067426
------------------------+----------------------------------------------------------------
unexplained             |
                  total |   .6306591   .0955767     6.60   0.000     .4433321     .817986
              rwg_error |   .0273598   .0371283     0.74   0.461    -.0454104      .10013
          p_unexplained |   .6032993   .1004994     6.00   0.000     .4063241    .8002745
------------------------+----------------------------------------------------------------
p_unexplained           |
             experience |  -.0104342   .5604759    -0.02   0.985    -1.108947    1.088078
          experience_sq |  -.1979259   .2896397    -0.68   0.494    -.7656094    .3697575
education_Below_primary |  -.1081101   .0565762    -1.91   0.056    -.2189975    .0027772
      education_Primary |  -.2912985   .0863848    -3.37   0.001    -.4606097   -.1219874
  education_Tenth_grade |  -.1365435   .0630009    -2.17   0.030    -.2600229   -.0130641
    education_Secondary |  -.0586884   .0367326    -1.60   0.110     -.130683    .0133061
     education_Bachelor |  -.0307385    .028389    -1.08   0.279    -.0863799    .0249029
education_Masters_above |  -.0161393   .0151101    -1.07   0.285    -.0457546    .0134761
 caste_group_6_Janajati |   .0999056   .0965735     1.03   0.301    -.0893751    .2891862
 caste_group_6_Adhibasi |   -.160317   .0335848    -4.77   0.000    -.2261421    -.094492
  caste_group_6_Madhesi |   .0378229   .0426119     0.89   0.375     -.045695    .1213408
    caste_group_6_Dalit |   .0469741   .0423357     1.11   0.267    -.0360023    .1299504
   caste_group_6_Others |  -.0054967   .0305268    -0.18   0.857    -.0653281    .0543347
                hh_size |   .1566481   .2964408     0.53   0.597    -.4243651    .7376614
                 female |  -.0552509   .0658517    -0.84   0.401    -.1843177     .073816
                married |  -.3404266   .1945724    -1.75   0.080    -.7217814    .0409282
               child_12 |   .1054711   .1345863     0.78   0.433    -.1583132    .3692554
              voc_train |   .0287819   .0408965     0.70   0.482    -.0513737    .1089375
        migrated_fr_job |   .0203723   .0675595     0.30   0.763     -.112042    .1527865
         tot_chores_hrs |   .1608824   .0799037     2.01   0.044      .004274    .3174908
                  urban |  -.1692001   .1579239    -1.07   0.284    -.4787253    .1403251
            overtime_40 |  -.1026947   .1526813    -0.67   0.501    -.4019446    .1965552
                  _cons |   1.629705   .5572429     2.92   0.003     .5375295    2.721881
------------------------+----------------------------------------------------------------
rwg_error               |
             experience |  -.0039308   .0116201    -0.34   0.735    -.0267058    .0188442
          experience_sq |    .008126   .0117229     0.69   0.488    -.0148504    .0311025
education_Below_primary |   .0134699    .008158     1.65   0.099    -.0025196    .0294593
      education_Primary |    -.01236   .0118885    -1.04   0.298    -.0356611    .0109411
  education_Tenth_grade |   -.008344   .0096223    -0.87   0.386    -.0272034    .0105154
    education_Secondary |  -.0010398     .00411    -0.25   0.800    -.0090953    .0070157
     education_Bachelor |  -.0005776   .0033481    -0.17   0.863    -.0071399    .0059846
education_Masters_above |  -.0004244   .0022853    -0.19   0.853    -.0049036    .0040547
 caste_group_6_Janajati |  -.0000132   .0007944    -0.02   0.987    -.0015702    .0015439
 caste_group_6_Adhibasi |  -.0144974   .0144461    -1.00   0.316    -.0428111    .0138164
  caste_group_6_Madhesi |   .0015626    .004388     0.36   0.722    -.0070377     .010163
    caste_group_6_Dalit |   .0001314   .0016363     0.08   0.936    -.0030756    .0033384
   caste_group_6_Others |  -.0000502   .0015019    -0.03   0.973    -.0029939    .0028935
                hh_size |  -.0159943    .018747    -0.85   0.394    -.0527377    .0207491
                 female |    .003742   .0045518     0.82   0.411    -.0051794    .0126635
                married |  -.0026481   .0037014    -0.72   0.474    -.0099028    .0046065
               child_12 |   .0004252   .0072808     0.06   0.953     -.013845    .0146953
              voc_train |   .0029759   .0050069     0.59   0.552    -.0068374    .0127892
        migrated_fr_job |   .0112541   .0105853     1.06   0.288    -.0094927    .0320009
         tot_chores_hrs |   .0038181   .0044868     0.85   0.395    -.0049758    .0126121
                  urban |  -.0053236   .0058311    -0.91   0.361    -.0167524    .0061053
            overtime_40 |   .0470579   .0278944     1.69   0.092    -.0076142      .10173
-----------------------------------------------------------------------------------------
file test2.xlsx saved
el: expression must be enclosed in ()
r(198);

end of do-file

r(198);

. do "/var/folders/14/04v4h4t52rq0_5mkppfg4bp40000gn/T//SD05543.000000"

. * Load the dataset
. use Pooled.dta, clear

. 
. * Generate the log of hourly wage
. gen ln_wage = ln(hourly_wage)

. 
. * Define the label for formal employment
. label define formal_employment 0 "Informal Employment" 1 "Formal Employment"

. 
. * Sort the data by psu, hhid, and year
. sort psu hhid year

. 
. * Create a total count of formal employment within household and year
. by psu hhid year: egen total_formal = total(formal_employment)

. gen HH_formal = total_formal - formal_employment

. 
. * Define global macros
. global exp "experience experience_sq"

. global education "education_Below_primary education_Primary education_Tenth_grade education_Secondary education_Bachelor education_Masters_above" 

. global caste "caste_group_6_Janajati caste_group_6_Adhibasi caste_group_6_Madhesi caste_group_6_Dalit caste_group_6_Others"

. 
. * Initialize an empty local macro
. local quantiles ""

. 
. * Loop through the specific quantiles and add them to the local macro
. forvalues i = 1(49)100 {
  2.     local quantiles "`quantiles' `i'"
  3. }

. 
. * Display the local macro to verify (optional)
. di "`quantiles'"
 1 50 99

. 
. * Initialize Excel sheet
. putexcel set test2.xlsx, sheet(xyz) modify

. 
. * Loop through quantiles and perform Oaxaca-RIF decomposition
. local row = 1

. foreach q of local quantiles {
  2.     * Perform Oaxaca-RIF decomposition and save results using putexcel
.     oaxaca_rif ln_wage $exp $education $caste hh_size female ///
>     married child_12 voc_train migrated_fr_job tot_chores_hrs urban overtime_40 ///
>     if year == 2008 , by(formal_employment) wgt(1) rif(q(`q')) rwlogit(HH_formal dep_ratio $exp $education $caste) swap
  3.     
.     * Save the quantile label in the first column of the row
.     putexcel A`row' = ("Quantile `q'")
  4.     
.     * Save the matrix results in the subsequent columns
.     matrix results = r(table)
  5.     local next_row = `row' + 1
  6.     
.     forvalues i = 1/`=rowsof(results)' {
  7.         local col = 2
  8.         forvalues j = 1/`=colsof(results)' {
  9.             putexcel `=char(`col' + 64)'`next_row' = el(results, `i', `j')
 10.             local col = `col' + 1
 11.         }
 12.         local next_row = `next_row' + 1
 13.     }
 14.     
.     * Update row counter for the next quantile block
.     local row = `next_row' + 1
 15. }
Estimating Reweighted RIF-OAXACA using RIF:q(1)
Model  : Blinder-Oaxaca RIF-decomposition
Type   : Reweighted
RIF    : q(1)
Scale  : 1
Group 1: formal_employment = 1 x1*b1             N of obs 1      = 2379
Group c: X1~>rw~>X2 or x2*b1                     N of obs C      = 2379
Group 2: formal_employment = 0 x2*b2             N of obs 2      = 4339

-----------------------------------------------------------------------------------------
                ln_wage |      Coef.   Std. Err.      z    P>|z|     [95% Conf. Interval]
------------------------+----------------------------------------------------------------
Overall                 |
                group_1 |   1.849282   .1013713    18.24   0.000     1.650598    2.047966
                group_c |   1.655726   .0764928    21.65   0.000     1.505803     1.80565
                group_2 |   1.025067   .0573041    17.89   0.000     .9127535    1.137381
            tdifference |    .824215    .116447     7.08   0.000     .5959832    1.052447
            t_explained |   .1935559   .1269933     1.52   0.127    -.0553463    .4424582
          t_unexplained |   .6306591   .0955767     6.60   0.000     .4433321     .817986
------------------------+----------------------------------------------------------------
explained               |
                  total |   .1935559   .1269933     1.52   0.127    -.0553463    .4424582
            p_explained |   .5253431   .1450467     3.62   0.000     .2410569    .8096293
             specif_err |  -.3317872   .1899212    -1.75   0.081    -.7040258    .0404515
------------------------+----------------------------------------------------------------
p_explained             |
             experience |    .073749   .0423658     1.74   0.082    -.0092866    .1567845
          experience_sq |   .0180383   .0308327     0.59   0.559    -.0423928    .0784693
education_Below_primary |   .0150407   .0501839     0.30   0.764    -.0833179    .1133994
      education_Primary |   .1891904   .0901673     2.10   0.036     .0124657    .3659151
  education_Tenth_grade |  -.0287273   .0457965    -0.63   0.530    -.1184868    .0610323
    education_Secondary |  -.0158584   .0836869    -0.19   0.850    -.1798818    .1481649
     education_Bachelor |  -.0036383   .0832365    -0.04   0.965    -.1667788    .1595022
education_Masters_above |   .0031098   .0568386     0.05   0.956    -.1082919    .1145114
 caste_group_6_Janajati |   .0073944   .0175959     0.42   0.674    -.0270928    .0418817
 caste_group_6_Adhibasi |   .1459621   .0352505     4.14   0.000     .0768723    .2150518
  caste_group_6_Madhesi |   .0050283   .0057924     0.87   0.385    -.0063247    .0163813
    caste_group_6_Dalit |   .0096503   .0496608     0.19   0.846    -.0876832    .1069837
   caste_group_6_Others |   .0247423   .0362104     0.68   0.494    -.0462289    .0957135
                hh_size |    .006136   .0077686     0.79   0.430    -.0090901    .0213621
                 female |   .0016874   .0035767     0.47   0.637    -.0053229    .0086976
                married |  -.0080836   .0403453    -0.20   0.841    -.0871588    .0709917
               child_12 |   .0158642   .0257143     0.62   0.537    -.0345348    .0662633
              voc_train |   .0224995   .0196078     1.15   0.251    -.0159311    .0609301
        migrated_fr_job |   .0103312   .0102847     1.00   0.315    -.0098265    .0304889
         tot_chores_hrs |  -.0007918   .0046463    -0.17   0.865    -.0098983    .0083147
                  urban |   .0058722   .0184676     0.32   0.751    -.0303236    .0420679
            overtime_40 |   .0281466   .0253848     1.11   0.268    -.0216067    .0778998
------------------------+----------------------------------------------------------------
specif_err              |
             experience |   1.487974    .742129     2.01   0.045     .0334284     2.94252
          experience_sq |  -.7069589   .4245989    -1.67   0.096    -1.539157    .1252396
education_Below_primary |   .0756631   .1091322     0.69   0.488     -.138232    .2895582
      education_Primary |  -.0919865   .1900201    -0.48   0.628    -.4644191     .280446
  education_Tenth_grade |    .100643   .1216634     0.83   0.408    -.1378128    .3390988
    education_Secondary |   .0372746   .0583723     0.64   0.523     -.077133    .1516822
     education_Bachelor |   .0293855   .0417815     0.70   0.482    -.0525047    .1112758
education_Masters_above |   .0136075    .019011     0.72   0.474    -.0236534    .0508684
 caste_group_6_Janajati |  -.0620969   .1180293    -0.53   0.599    -.2934301    .1692363
 caste_group_6_Adhibasi |   -.070933   .0576317    -1.23   0.218    -.1838891    .0420231
  caste_group_6_Madhesi |  -.0293565   .0483685    -0.61   0.544    -.1241571    .0654441
    caste_group_6_Dalit |   -.010692   .0756218    -0.14   0.888     -.158908    .1375241
   caste_group_6_Others |  -.0345583   .0578888    -0.60   0.551    -.1480182    .0789016
                hh_size |  -.4606625   .3724613    -1.24   0.216    -1.190673    .2693482
                 female |   .1313812    .083584     1.57   0.116    -.0324404    .2952029
                married |   .1418264   .2922645     0.49   0.627    -.4310014    .7146542
               child_12 |  -.0825914   .1760876    -0.47   0.639    -.4277168    .2625339
              voc_train |   .0258989   .0552989     0.47   0.640    -.0824849    .1342827
        migrated_fr_job |   .0164357   .1037546     0.16   0.874    -.1869197     .219791
         tot_chores_hrs |  -.1172243   .1073231    -1.09   0.275    -.3275737    .0931251
                  urban |  -.0623977   .2044736    -0.31   0.760    -.4631587    .3383633
            overtime_40 |   .0221054    .146823     0.15   0.880    -.2656625    .3098732
                  _cons |  -.6845249   .8938689    -0.77   0.444    -2.436476    1.067426
------------------------+----------------------------------------------------------------
unexplained             |
                  total |   .6306591   .0955767     6.60   0.000     .4433321     .817986
              rwg_error |   .0273598   .0371283     0.74   0.461    -.0454104      .10013
          p_unexplained |   .6032993   .1004994     6.00   0.000     .4063241    .8002745
------------------------+----------------------------------------------------------------
p_unexplained           |
             experience |  -.0104342   .5604759    -0.02   0.985    -1.108947    1.088078
          experience_sq |  -.1979259   .2896397    -0.68   0.494    -.7656094    .3697575
education_Below_primary |  -.1081101   .0565762    -1.91   0.056    -.2189975    .0027772
      education_Primary |  -.2912985   .0863848    -3.37   0.001    -.4606097   -.1219874
  education_Tenth_grade |  -.1365435   .0630009    -2.17   0.030    -.2600229   -.0130641
    education_Secondary |  -.0586884   .0367326    -1.60   0.110     -.130683    .0133061
     education_Bachelor |  -.0307385    .028389    -1.08   0.279    -.0863799    .0249029
education_Masters_above |  -.0161393   .0151101    -1.07   0.285    -.0457546    .0134761
 caste_group_6_Janajati |   .0999056   .0965735     1.03   0.301    -.0893751    .2891862
 caste_group_6_Adhibasi |   -.160317   .0335848    -4.77   0.000    -.2261421    -.094492
  caste_group_6_Madhesi |   .0378229   .0426119     0.89   0.375     -.045695    .1213408
    caste_group_6_Dalit |   .0469741   .0423357     1.11   0.267    -.0360023    .1299504
   caste_group_6_Others |  -.0054967   .0305268    -0.18   0.857    -.0653281    .0543347
                hh_size |   .1566481   .2964408     0.53   0.597    -.4243651    .7376614
                 female |  -.0552509   .0658517    -0.84   0.401    -.1843177     .073816
                married |  -.3404266   .1945724    -1.75   0.080    -.7217814    .0409282
               child_12 |   .1054711   .1345863     0.78   0.433    -.1583132    .3692554
              voc_train |   .0287819   .0408965     0.70   0.482    -.0513737    .1089375
        migrated_fr_job |   .0203723   .0675595     0.30   0.763     -.112042    .1527865
         tot_chores_hrs |   .1608824   .0799037     2.01   0.044      .004274    .3174908
                  urban |  -.1692001   .1579239    -1.07   0.284    -.4787253    .1403251
            overtime_40 |  -.1026947   .1526813    -0.67   0.501    -.4019446    .1965552
                  _cons |   1.629705   .5572429     2.92   0.003     .5375295    2.721881
------------------------+----------------------------------------------------------------
rwg_error               |
             experience |  -.0039308   .0116201    -0.34   0.735    -.0267058    .0188442
          experience_sq |    .008126   .0117229     0.69   0.488    -.0148504    .0311025
education_Below_primary |   .0134699    .008158     1.65   0.099    -.0025196    .0294593
      education_Primary |    -.01236   .0118885    -1.04   0.298    -.0356611    .0109411
  education_Tenth_grade |   -.008344   .0096223    -0.87   0.386    -.0272034    .0105154
    education_Secondary |  -.0010398     .00411    -0.25   0.800    -.0090953    .0070157
     education_Bachelor |  -.0005776   .0033481    -0.17   0.863    -.0071399    .0059846
education_Masters_above |  -.0004244   .0022853    -0.19   0.853    -.0049036    .0040547
 caste_group_6_Janajati |  -.0000132   .0007944    -0.02   0.987    -.0015702    .0015439
 caste_group_6_Adhibasi |  -.0144974   .0144461    -1.00   0.316    -.0428111    .0138164
  caste_group_6_Madhesi |   .0015626    .004388     0.36   0.722    -.0070377     .010163
    caste_group_6_Dalit |   .0001314   .0016363     0.08   0.936    -.0030756    .0033384
   caste_group_6_Others |  -.0000502   .0015019    -0.03   0.973    -.0029939    .0028935
                hh_size |  -.0159943    .018747    -0.85   0.394    -.0527377    .0207491
                 female |    .003742   .0045518     0.82   0.411    -.0051794    .0126635
                married |  -.0026481   .0037014    -0.72   0.474    -.0099028    .0046065
               child_12 |   .0004252   .0072808     0.06   0.953     -.013845    .0146953
              voc_train |   .0029759   .0050069     0.59   0.552    -.0068374    .0127892
        migrated_fr_job |   .0112541   .0105853     1.06   0.288    -.0094927    .0320009
         tot_chores_hrs |   .0038181   .0044868     0.85   0.395    -.0049758    .0126121
                  urban |  -.0053236   .0058311    -0.91   0.361    -.0167524    .0061053
            overtime_40 |   .0470579   .0278944     1.69   0.092    -.0076142      .10173
-----------------------------------------------------------------------------------------
file test2.xlsx saved
el: expression must be enclosed in ()
r(198);

end of do-file

r(198);

. do "/var/folders/14/04v4h4t52rq0_5mkppfg4bp40000gn/T//SD05543.000000"

. * Load the dataset
. use Pooled.dta, clear

. 
. * Generate the log of hourly wage
. gen ln_wage = ln(hourly_wage)

. 
. * Define the label for formal employment
. label define formal_employment 0 "Informal Employment" 1 "Formal Employment"

. 
. * Sort the data by psu, hhid, and year
. sort psu hhid year

. 
. * Create a total count of formal employment within household and year
. by psu hhid year: egen total_formal = total(formal_employment)

. gen HH_formal = total_formal - formal_employment

. 
. * Define global macros
. global exp "experience experience_sq"

. global education "education_Below_primary education_Primary education_Tenth_grade education_Secondary education_Bachelor education_Masters_above" 

. global caste "caste_group_6_Janajati caste_group_6_Adhibasi caste_group_6_Madhesi caste_group_6_Dalit caste_group_6_Others"

. 
. * Initialize an empty local macro
. local quantiles ""

. 
. * Loop through the specific quantiles and add them to the local macro
. forvalues i = 1(49)100 {
  2.     local quantiles "`quantiles' `i'"
  3. }

. 
. * Display the local macro to verify (optional)
. di "`quantiles'"
 1 50 99

. 
. * Initialize Excel sheet
. putexcel set test2.xlsx, sheet(xyz) modify

. 
. * Loop through quantiles and perform Oaxaca-RIF decomposition
. local row = 1

. foreach q of local quantiles {
  2.     * Perform Oaxaca-RIF decomposition and save results using putexcel
.     oaxaca_rif ln_wage $exp $education $caste hh_size female ///
>     married child_12 voc_train migrated_fr_job tot_chores_hrs urban overtime_40 ///
>     if year == 2008 , by(formal_employment) wgt(1) rif(q(`q')) rwlogit(HH_formal dep_ratio $exp $education $caste) swap
  3.     
.     * Save the results to the Excel sheet
.     matrix results = r(table)
  4.     
.     * Save the quantile label
.     putexcel A`row' = ("Quantile `q'")
  5.     
.     * Save the matrix results starting from the next row
.     local next_row = `row' + 1
  6.     putexcel A`next_row' = matrix(results)
  7.     
.     * Update row counter for the next quantile block
.     local row = `row' + rowsof(results) + 2
  8. }
Estimating Reweighted RIF-OAXACA using RIF:q(1)
Model  : Blinder-Oaxaca RIF-decomposition
Type   : Reweighted
RIF    : q(1)
Scale  : 1
Group 1: formal_employment = 1 x1*b1             N of obs 1      = 2379
Group c: X1~>rw~>X2 or x2*b1                     N of obs C      = 2379
Group 2: formal_employment = 0 x2*b2             N of obs 2      = 4339

-----------------------------------------------------------------------------------------
                ln_wage |      Coef.   Std. Err.      z    P>|z|     [95% Conf. Interval]
------------------------+----------------------------------------------------------------
Overall                 |
                group_1 |   1.849282   .1013713    18.24   0.000     1.650598    2.047966
                group_c |   1.655726   .0764928    21.65   0.000     1.505803     1.80565
                group_2 |   1.025067   .0573041    17.89   0.000     .9127535    1.137381
            tdifference |    .824215    .116447     7.08   0.000     .5959832    1.052447
            t_explained |   .1935559   .1269933     1.52   0.127    -.0553463    .4424582
          t_unexplained |   .6306591   .0955767     6.60   0.000     .4433321     .817986
------------------------+----------------------------------------------------------------
explained               |
                  total |   .1935559   .1269933     1.52   0.127    -.0553463    .4424582
            p_explained |   .5253431   .1450467     3.62   0.000     .2410569    .8096293
             specif_err |  -.3317872   .1899212    -1.75   0.081    -.7040258    .0404515
------------------------+----------------------------------------------------------------
p_explained             |
             experience |    .073749   .0423658     1.74   0.082    -.0092866    .1567845
          experience_sq |   .0180383   .0308327     0.59   0.559    -.0423928    .0784693
education_Below_primary |   .0150407   .0501839     0.30   0.764    -.0833179    .1133994
      education_Primary |   .1891904   .0901673     2.10   0.036     .0124657    .3659151
  education_Tenth_grade |  -.0287273   .0457965    -0.63   0.530    -.1184868    .0610323
    education_Secondary |  -.0158584   .0836869    -0.19   0.850    -.1798818    .1481649
     education_Bachelor |  -.0036383   .0832365    -0.04   0.965    -.1667788    .1595022
education_Masters_above |   .0031098   .0568386     0.05   0.956    -.1082919    .1145114
 caste_group_6_Janajati |   .0073944   .0175959     0.42   0.674    -.0270928    .0418817
 caste_group_6_Adhibasi |   .1459621   .0352505     4.14   0.000     .0768723    .2150518
  caste_group_6_Madhesi |   .0050283   .0057924     0.87   0.385    -.0063247    .0163813
    caste_group_6_Dalit |   .0096503   .0496608     0.19   0.846    -.0876832    .1069837
   caste_group_6_Others |   .0247423   .0362104     0.68   0.494    -.0462289    .0957135
                hh_size |    .006136   .0077686     0.79   0.430    -.0090901    .0213621
                 female |   .0016874   .0035767     0.47   0.637    -.0053229    .0086976
                married |  -.0080836   .0403453    -0.20   0.841    -.0871588    .0709917
               child_12 |   .0158642   .0257143     0.62   0.537    -.0345348    .0662633
              voc_train |   .0224995   .0196078     1.15   0.251    -.0159311    .0609301
        migrated_fr_job |   .0103312   .0102847     1.00   0.315    -.0098265    .0304889
         tot_chores_hrs |  -.0007918   .0046463    -0.17   0.865    -.0098983    .0083147
                  urban |   .0058722   .0184676     0.32   0.751    -.0303236    .0420679
            overtime_40 |   .0281466   .0253848     1.11   0.268    -.0216067    .0778998
------------------------+----------------------------------------------------------------
specif_err              |
             experience |   1.487974    .742129     2.01   0.045     .0334284     2.94252
          experience_sq |  -.7069589   .4245989    -1.67   0.096    -1.539157    .1252396
education_Below_primary |   .0756631   .1091322     0.69   0.488     -.138232    .2895582
      education_Primary |  -.0919865   .1900201    -0.48   0.628    -.4644191     .280446
  education_Tenth_grade |    .100643   .1216634     0.83   0.408    -.1378128    .3390988
    education_Secondary |   .0372746   .0583723     0.64   0.523     -.077133    .1516822
     education_Bachelor |   .0293855   .0417815     0.70   0.482    -.0525047    .1112758
education_Masters_above |   .0136075    .019011     0.72   0.474    -.0236534    .0508684
 caste_group_6_Janajati |  -.0620969   .1180293    -0.53   0.599    -.2934301    .1692363
 caste_group_6_Adhibasi |   -.070933   .0576317    -1.23   0.218    -.1838891    .0420231
  caste_group_6_Madhesi |  -.0293565   .0483685    -0.61   0.544    -.1241571    .0654441
    caste_group_6_Dalit |   -.010692   .0756218    -0.14   0.888     -.158908    .1375241
   caste_group_6_Others |  -.0345583   .0578888    -0.60   0.551    -.1480182    .0789016
                hh_size |  -.4606625   .3724613    -1.24   0.216    -1.190673    .2693482
                 female |   .1313812    .083584     1.57   0.116    -.0324404    .2952029
                married |   .1418264   .2922645     0.49   0.627    -.4310014    .7146542
               child_12 |  -.0825914   .1760876    -0.47   0.639    -.4277168    .2625339
              voc_train |   .0258989   .0552989     0.47   0.640    -.0824849    .1342827
        migrated_fr_job |   .0164357   .1037546     0.16   0.874    -.1869197     .219791
         tot_chores_hrs |  -.1172243   .1073231    -1.09   0.275    -.3275737    .0931251
                  urban |  -.0623977   .2044736    -0.31   0.760    -.4631587    .3383633
            overtime_40 |   .0221054    .146823     0.15   0.880    -.2656625    .3098732
                  _cons |  -.6845249   .8938689    -0.77   0.444    -2.436476    1.067426
------------------------+----------------------------------------------------------------
unexplained             |
                  total |   .6306591   .0955767     6.60   0.000     .4433321     .817986
              rwg_error |   .0273598   .0371283     0.74   0.461    -.0454104      .10013
          p_unexplained |   .6032993   .1004994     6.00   0.000     .4063241    .8002745
------------------------+----------------------------------------------------------------
p_unexplained           |
             experience |  -.0104342   .5604759    -0.02   0.985    -1.108947    1.088078
          experience_sq |  -.1979259   .2896397    -0.68   0.494    -.7656094    .3697575
education_Below_primary |  -.1081101   .0565762    -1.91   0.056    -.2189975    .0027772
      education_Primary |  -.2912985   .0863848    -3.37   0.001    -.4606097   -.1219874
  education_Tenth_grade |  -.1365435   .0630009    -2.17   0.030    -.2600229   -.0130641
    education_Secondary |  -.0586884   .0367326    -1.60   0.110     -.130683    .0133061
     education_Bachelor |  -.0307385    .028389    -1.08   0.279    -.0863799    .0249029
education_Masters_above |  -.0161393   .0151101    -1.07   0.285    -.0457546    .0134761
 caste_group_6_Janajati |   .0999056   .0965735     1.03   0.301    -.0893751    .2891862
 caste_group_6_Adhibasi |   -.160317   .0335848    -4.77   0.000    -.2261421    -.094492
  caste_group_6_Madhesi |   .0378229   .0426119     0.89   0.375     -.045695    .1213408
    caste_group_6_Dalit |   .0469741   .0423357     1.11   0.267    -.0360023    .1299504
   caste_group_6_Others |  -.0054967   .0305268    -0.18   0.857    -.0653281    .0543347
                hh_size |   .1566481   .2964408     0.53   0.597    -.4243651    .7376614
                 female |  -.0552509   .0658517    -0.84   0.401    -.1843177     .073816
                married |  -.3404266   .1945724    -1.75   0.080    -.7217814    .0409282
               child_12 |   .1054711   .1345863     0.78   0.433    -.1583132    .3692554
              voc_train |   .0287819   .0408965     0.70   0.482    -.0513737    .1089375
        migrated_fr_job |   .0203723   .0675595     0.30   0.763     -.112042    .1527865
         tot_chores_hrs |   .1608824   .0799037     2.01   0.044      .004274    .3174908
                  urban |  -.1692001   .1579239    -1.07   0.284    -.4787253    .1403251
            overtime_40 |  -.1026947   .1526813    -0.67   0.501    -.4019446    .1965552
                  _cons |   1.629705   .5572429     2.92   0.003     .5375295    2.721881
------------------------+----------------------------------------------------------------
rwg_error               |
             experience |  -.0039308   .0116201    -0.34   0.735    -.0267058    .0188442
          experience_sq |    .008126   .0117229     0.69   0.488    -.0148504    .0311025
education_Below_primary |   .0134699    .008158     1.65   0.099    -.0025196    .0294593
      education_Primary |    -.01236   .0118885    -1.04   0.298    -.0356611    .0109411
  education_Tenth_grade |   -.008344   .0096223    -0.87   0.386    -.0272034    .0105154
    education_Secondary |  -.0010398     .00411    -0.25   0.800    -.0090953    .0070157
     education_Bachelor |  -.0005776   .0033481    -0.17   0.863    -.0071399    .0059846
education_Masters_above |  -.0004244   .0022853    -0.19   0.853    -.0049036    .0040547
 caste_group_6_Janajati |  -.0000132   .0007944    -0.02   0.987    -.0015702    .0015439
 caste_group_6_Adhibasi |  -.0144974   .0144461    -1.00   0.316    -.0428111    .0138164
  caste_group_6_Madhesi |   .0015626    .004388     0.36   0.722    -.0070377     .010163
    caste_group_6_Dalit |   .0001314   .0016363     0.08   0.936    -.0030756    .0033384
   caste_group_6_Others |  -.0000502   .0015019    -0.03   0.973    -.0029939    .0028935
                hh_size |  -.0159943    .018747    -0.85   0.394    -.0527377    .0207491
                 female |    .003742   .0045518     0.82   0.411    -.0051794    .0126635
                married |  -.0026481   .0037014    -0.72   0.474    -.0099028    .0046065
               child_12 |   .0004252   .0072808     0.06   0.953     -.013845    .0146953
              voc_train |   .0029759   .0050069     0.59   0.552    -.0068374    .0127892
        migrated_fr_job |   .0112541   .0105853     1.06   0.288    -.0094927    .0320009
         tot_chores_hrs |   .0038181   .0044868     0.85   0.395    -.0049758    .0126121
                  urban |  -.0053236   .0058311    -0.91   0.361    -.0167524    .0061053
            overtime_40 |   .0470579   .0278944     1.69   0.092    -.0076142      .10173
-----------------------------------------------------------------------------------------
file test2.xlsx saved
file test2.xlsx saved
Estimating Reweighted RIF-OAXACA using RIF:q(50)
Model  : Blinder-Oaxaca RIF-decomposition
Type   : Reweighted
RIF    : q(50)
Scale  : 1
Group 1: formal_employment = 1 x1*b1             N of obs 1      = 2379
Group c: X1~>rw~>X2 or x2*b1                     N of obs C      = 2379
Group 2: formal_employment = 0 x2*b2             N of obs 2      = 4339

-----------------------------------------------------------------------------------------
                ln_wage |      Coef.   Std. Err.      z    P>|z|     [95% Conf. Interval]
------------------------+----------------------------------------------------------------
Overall                 |
                group_1 |   3.751492   .0138971   269.95   0.000     3.724254     3.77873
                group_c |    3.27065   .0178437   183.29   0.000     3.235677    3.305623
                group_2 |   2.943632   .0111356   264.34   0.000     2.921807    2.965458
            tdifference |   .8078595   .0178082    45.36   0.000     .7729561    .8427629
            t_explained |   .4808423   .0226169    21.26   0.000     .4365139    .5251707
          t_unexplained |   .3270171   .0210332    15.55   0.000     .2857927    .3682416
------------------------+----------------------------------------------------------------
explained               |
                  total |   .4808423   .0226169    21.26   0.000     .4365139    .5251707
            p_explained |   .3912942   .0193789    20.19   0.000     .3533122    .4292761
             specif_err |   .0895481   .0250922     3.57   0.000     .0403684    .1387279
------------------------+----------------------------------------------------------------
p_explained             |
             experience |   .0242411   .0111211     2.18   0.029     .0024442     .046038
          experience_sq |   .0033237   .0055796     0.60   0.551     -.007612    .0142595
education_Below_primary |  -.0023617   .0057243    -0.41   0.680    -.0135811    .0088576
      education_Primary |   -.023752   .0103114    -2.30   0.021    -.0439619   -.0035421
  education_Tenth_grade |    .036038   .0077773     4.63   0.000     .0207948    .0512811
    education_Secondary |   .0846044   .0115097     7.35   0.000     .0620458    .1071631
     education_Bachelor |   .1136377   .0125226     9.07   0.000     .0890938    .1381816
education_Masters_above |   .0883255   .0098695     8.95   0.000     .0689817    .1076693
 caste_group_6_Janajati |  -.0005502   .0020024    -0.27   0.783    -.0044749    .0033745
 caste_group_6_Adhibasi |   .0041972   .0033957     1.24   0.216    -.0024582    .0108526
  caste_group_6_Madhesi |   .0011103   .0009099     1.22   0.222    -.0006732    .0028937
    caste_group_6_Dalit |   .0110044   .0057506     1.91   0.056    -.0002665    .0222753
   caste_group_6_Others |   .0024416   .0041246     0.59   0.554    -.0056424    .0105256
                hh_size |  -.0010532   .0010029    -1.05   0.294    -.0030188    .0009124
                 female |  -.0013106   .0022252    -0.59   0.556     -.005672    .0030508
                married |  -.0016517   .0046014    -0.36   0.720    -.0106702    .0073669
               child_12 |   .0059342   .0030717     1.93   0.053    -.0000862    .0119546
              voc_train |   .0059786   .0023699     2.52   0.012     .0013337    .0106236
        migrated_fr_job |   .0040672    .001767     2.30   0.021     .0006039    .0075305
         tot_chores_hrs |   .0005313   .0006613     0.80   0.422    -.0007647    .0018274
                  urban |   .0027476   .0021561     1.27   0.203    -.0014784    .0069735
            overtime_40 |   .0337906   .0049735     6.79   0.000     .0240428    .0435385
------------------------+----------------------------------------------------------------
specif_err              |
             experience |  -.2344452   .1076294    -2.18   0.029    -.4453949   -.0234955
          experience_sq |   .1412275   .0592777     2.38   0.017     .0250453    .2574098
education_Below_primary |  -.0399872   .0140295    -2.85   0.004    -.0674846   -.0124899
      education_Primary |  -.0746978    .024433    -3.06   0.002    -.1225856     -.02681
  education_Tenth_grade |   .0011269   .0160886     0.07   0.944    -.0304063      .03266
    education_Secondary |  -.0083643   .0080824    -1.03   0.301    -.0242055    .0074769
     education_Bachelor |  -.0062772   .0059515    -1.05   0.292     -.017942    .0053876
education_Masters_above |   .0011565   .0028799     0.40   0.688    -.0044881     .006801
 caste_group_6_Janajati |   .0146108   .0179125     0.82   0.415    -.0204971    .0497188
 caste_group_6_Adhibasi |   .0279192   .0080729     3.46   0.001     .0120965    .0437418
  caste_group_6_Madhesi |   .0177812   .0072642     2.45   0.014     .0035437    .0320187
    caste_group_6_Dalit |   .0103631   .0099696     1.04   0.299     -.009177    .0299032
   caste_group_6_Others |   .0067895   .0077315     0.88   0.380     -.008364     .021943
                hh_size |   .0836001   .0554221     1.51   0.131    -.0250253    .1922255
                 female |  -.0146185   .0123421    -1.18   0.236    -.0388086    .0095716
                married |  -.0895704   .0411697    -2.18   0.030    -.1702615   -.0088792
               child_12 |   .0159419   .0255958     0.62   0.533    -.0342249    .0661088
              voc_train |  -.0140719   .0084803    -1.66   0.097     -.030693    .0025491
        migrated_fr_job |    -.04188   .0155012    -2.70   0.007    -.0722618   -.0114981
         tot_chores_hrs |   .0240148   .0160213     1.50   0.134    -.0073863    .0554159
                  urban |  -.0921652    .029667    -3.11   0.002    -.1503115   -.0340188
            overtime_40 |   .1327526   .0218464     6.08   0.000     .0899344    .1755708
                  _cons |   .2283417   .1221668     1.87   0.062    -.0111007    .4677842
------------------------+----------------------------------------------------------------
unexplained             |
                  total |   .3270171   .0210332    15.55   0.000     .2857927    .3682416
              rwg_error |   .1102881   .0141163     7.81   0.000     .0826207    .1379555
          p_unexplained |    .216729   .0190546    11.37   0.000     .1793828    .2540753
------------------------+----------------------------------------------------------------
p_unexplained           |
             experience |   .4103548   .1047481     3.92   0.000     .2050524    .6156573
          experience_sq |  -.1851047     .05425    -3.41   0.001    -.2914327   -.0787767
education_Below_primary |   .0212718   .0105848     2.01   0.044     .0005261    .0420176
      education_Primary |   .0653119    .016166     4.04   0.000     .0336271    .0969968
  education_Tenth_grade |   .0280994    .011787     2.38   0.017     .0049973    .0512015
    education_Secondary |   .0106488   .0068577     1.55   0.120    -.0027921    .0240896
     education_Bachelor |   .0115216   .0053437     2.16   0.031     .0010482     .021995
education_Masters_above |   .0043399   .0028427     1.53   0.127    -.0012316    .0099114
 caste_group_6_Janajati |  -.0477037   .0180626    -2.64   0.008    -.0831057   -.0123017
 caste_group_6_Adhibasi |  -.0238227   .0062076    -3.84   0.000    -.0359895    -.011656
  caste_group_6_Madhesi |  -.0197247   .0080056    -2.46   0.014    -.0354155   -.0040339
    caste_group_6_Dalit |   -.027417   .0079911    -3.43   0.001    -.0430793   -.0117548
   caste_group_6_Others |  -.0079307   .0057252    -1.39   0.166     -.019152    .0032905
                hh_size |    .079359   .0557016     1.42   0.154    -.0298142    .1885322
                 female |   .0292339   .0123478     2.37   0.018     .0050326    .0534351
                married |   .0085833   .0363455     0.24   0.813    -.0626526    .0798192
               child_12 |  -.0732568   .0252433    -2.90   0.004    -.1227328   -.0237808
              voc_train |   .0118852   .0076335     1.56   0.119    -.0030761    .0268465
        migrated_fr_job |   .0251251   .0126477     1.99   0.047      .000336    .0499141
         tot_chores_hrs |   .0173913   .0149416     1.16   0.244    -.0118937    .0466762
                  urban |   .0865022   .0294875     2.93   0.003     .0287077    .1442968
            overtime_40 |  -.2052525   .0285049    -7.20   0.000    -.2611211    -.149384
                  _cons |  -.0026862   .1039851    -0.03   0.979    -.2064932    .2011208
------------------------+----------------------------------------------------------------
rwg_error               |
             experience |  -.0202298   .0145934    -1.39   0.166    -.0488324    .0083728
          experience_sq |   .0139731   .0102767     1.36   0.174    -.0061688     .034115
education_Below_primary |  -.0056845    .002856    -1.99   0.047    -.0112822   -.0000869
      education_Primary |   .0053197   .0049731     1.07   0.285    -.0044274    .0150668
  education_Tenth_grade |   .0042024   .0046921     0.90   0.370     -.004994    .0133989
    education_Secondary |   .0013152   .0051332     0.26   0.798    -.0087456     .011376
     education_Bachelor |   .0010061   .0057842     0.17   0.862    -.0103307     .012343
education_Masters_above |   .0006995    .003707     0.19   0.850     -.006566    .0079651
 caste_group_6_Janajati |   6.40e-06    .000386     0.02   0.987    -.0007501    .0007629
 caste_group_6_Adhibasi |  -.0028613   .0028491    -1.00   0.315    -.0084455     .002723
  caste_group_6_Madhesi |   .0038441   .0021937     1.75   0.080    -.0004555    .0081438
    caste_group_6_Dalit |   .0012878    .001904     0.68   0.499     -.002444    .0050195
   caste_group_6_Others |   -.000594   .0009644    -0.62   0.538    -.0024841    .0012961
                hh_size |     .00311   .0035977     0.86   0.387    -.0039415    .0101614
                 female |   .0011923   .0013175     0.90   0.365      -.00139    .0037745
                married |   .0011001   .0013141     0.84   0.402    -.0014754    .0036756
               child_12 |   .0034726   .0019327     1.80   0.072    -.0003155    .0072606
              voc_train |   .0035757   .0017349     2.06   0.039     .0001754    .0069761
        migrated_fr_job |   .0121562   .0032889     3.70   0.000     .0057101    .0186023
         tot_chores_hrs |  -.0005328   .0007064    -0.75   0.451    -.0019174    .0008518
                  urban |  -.0053948   .0023002    -2.35   0.019    -.0099032   -.0008864
            overtime_40 |   .0893241   .0083123    10.75   0.000     .0730322     .105616
-----------------------------------------------------------------------------------------
file test2.xlsx saved
file test2.xlsx saved
Estimating Reweighted RIF-OAXACA using RIF:q(99)
Model  : Blinder-Oaxaca RIF-decomposition
Type   : Reweighted
RIF    : q(99)
Scale  : 1
Group 1: formal_employment = 1 x1*b1             N of obs 1      = 2379
Group c: X1~>rw~>X2 or x2*b1                     N of obs C      = 2379
Group 2: formal_employment = 0 x2*b2             N of obs 2      = 4339

-----------------------------------------------------------------------------------------
                ln_wage |      Coef.   Std. Err.      z    P>|z|     [95% Conf. Interval]
------------------------+----------------------------------------------------------------
Overall                 |
                group_1 |   5.710972   .1676648    34.06   0.000     5.382355    6.039589
                group_c |   5.251636    .191071    27.49   0.000     4.877143    5.626128
                group_2 |   4.949139   .0690196    71.71   0.000     4.813863    5.084415
            tdifference |    .761833   .1813152     4.20   0.000     .4064618    1.117204
            t_explained |    .459336   .2542038     1.81   0.071    -.0388944    .9575663
          t_unexplained |    .302497   .2031547     1.49   0.136    -.0956788    .7006728
------------------------+----------------------------------------------------------------
explained               |
                  total |    .459336   .2542038     1.81   0.071    -.0388944    .9575663
            p_explained |   .3078769   .2387857     1.29   0.197    -.1601346    .7758883
             specif_err |   .1514591   .3452398     0.44   0.661    -.5251984    .8281166
------------------------+----------------------------------------------------------------
p_explained             |
             experience |   .0108578   .0454939     0.24   0.811    -.0783087    .1000243
          experience_sq |   .0077163   .0177564     0.43   0.664    -.0270856    .0425183
education_Below_primary |   .1023106   .0843487     1.21   0.225    -.0630097    .2676309
      education_Primary |   .2018792    .148746     1.36   0.175    -.0896576     .493416
  education_Tenth_grade |  -.0904436   .0772058    -1.17   0.241    -.2417642     .060877
    education_Secondary |  -.1294201   .1396054    -0.93   0.354    -.4030416    .1442014
     education_Bachelor |  -.0903287   .1386737    -0.65   0.515    -.3621242    .1814668
education_Masters_above |   .0781252   .0948188     0.82   0.410    -.1077162    .2639666
 caste_group_6_Janajati |  -.0208942   .0294501    -0.71   0.478    -.0786154     .036827
 caste_group_6_Adhibasi |    .026396   .0490183     0.54   0.590    -.0696781      .12247
  caste_group_6_Madhesi |   .0051231   .0085992     0.60   0.551    -.0117311    .0219773
    caste_group_6_Dalit |   .0167858   .0826468     0.20   0.839    -.1451991    .1787706
   caste_group_6_Others |  -.0525002   .0603868    -0.87   0.385    -.1708561    .0658557
                hh_size |   .0040822   .0116555     0.35   0.726    -.0187621    .0269265
                 female |  -.0054954   .0099482    -0.55   0.581    -.0249936    .0140028
                married |    .111104   .0680224     1.63   0.102    -.0222176    .2444255
               child_12 |   .0396107   .0430614     0.92   0.358    -.0447881    .1240095
              voc_train |   -.005916   .0321831    -0.18   0.854    -.0689937    .0571616
        migrated_fr_job |    .018336   .0172521     1.06   0.288    -.0154775    .0521495
         tot_chores_hrs |   .0000925   .0076682     0.01   0.990    -.0149369    .0151219
                  urban |   .0229843   .0309478     0.74   0.458    -.0376722    .0836408
            overtime_40 |   .0574715   .0424347     1.35   0.176     -.025699     .140642
------------------------+----------------------------------------------------------------
specif_err              |
             experience |   .1526927   1.466564     0.10   0.917     -2.72172    3.027106
          experience_sq |   .2766096   .8143095     0.34   0.734    -1.319408    1.872627
education_Below_primary |   .1773544   .1962085     0.90   0.366    -.2072072    .5619159
      education_Primary |   .5112284    .342834     1.49   0.136    -.1607139    1.183171
  education_Tenth_grade |   .3325548    .224985     1.48   0.139    -.1084076    .7735172
    education_Secondary |    .113508   .1114849     1.02   0.309    -.1049983    .3320143
     education_Bachelor |  -.0050353   .0811952    -0.06   0.951    -.1641751    .1541044
education_Masters_above |  -.0367387   .0391263    -0.94   0.348    -.1134249    .0399475
 caste_group_6_Janajati |  -.5064148   .2419941    -2.09   0.036    -.9807145   -.0321151
 caste_group_6_Adhibasi |  -.0264018   .1087659    -0.24   0.808     -.239579    .1867755
  caste_group_6_Madhesi |  -.0538115   .0974518    -0.55   0.581    -.2448135    .1371905
    caste_group_6_Dalit |  -.0053399   .1390711    -0.04   0.969    -.2779142    .2672344
   caste_group_6_Others |   .0468992   .1074851     0.44   0.663    -.1637677    .2575661
                hh_size |  -.1174798   .7509922    -0.16   0.876    -1.589398    1.354438
                 female |  -.0076574   .1673454    -0.05   0.964    -.3356484    .3203335
                married |  -.1575149   .5650849    -0.28   0.780    -1.265061    .9500313
               child_12 |   .3043802   .3487919     0.87   0.383    -.3792395    .9879998
              voc_train |  -.0332369   .1139141    -0.29   0.770    -.2565045    .1900307
        migrated_fr_job |   -.335498   .2096187    -1.60   0.109    -.7463431     .075347
         tot_chores_hrs |    .131169   .2168086     0.60   0.545    -.2937681     .556106
                  urban |  -.0892794     .40411    -0.22   0.825    -.8813204    .7027616
            overtime_40 |    .764209   .2949626     2.59   0.010      .186093    1.342325
                  _cons |  -1.284738   1.690193    -0.76   0.447    -4.597455     2.02798
------------------------+----------------------------------------------------------------
unexplained             |
                  total |    .302497   .2031547     1.49   0.136    -.0956788    .7006728
              rwg_error |   .4472109    .096651     4.63   0.000     .2577783    .6366434
          p_unexplained |  -.1447139   .2158333    -0.67   0.503    -.5677394    .2783117
------------------------+----------------------------------------------------------------
p_unexplained           |
             experience |  -.7680298   1.171216    -0.66   0.512    -3.063571    1.527512
          experience_sq |  -.3923566   .6097597    -0.64   0.520    -1.587464    .8027505
education_Below_primary |  -.4242188   .1203067    -3.53   0.000    -.6600156    -.188422
      education_Primary |  -.9201908   .1822271    -5.05   0.000    -1.277349   -.5630323
  education_Tenth_grade |  -.6014731   .1342066    -4.48   0.000    -.8645131   -.3384331
    education_Secondary |   -.268665   .0778008    -3.45   0.001    -.4211518   -.1161783
     education_Bachelor |  -.1321794   .0600805    -2.20   0.028     -.249935   -.0144238
education_Masters_above |   -.008653   .0315191    -0.27   0.784    -.0704294    .0531234
 caste_group_6_Janajati |   .4514235   .2027847     2.23   0.026     .0539727    .8488742
 caste_group_6_Adhibasi |   -.036973   .0684848    -0.54   0.589    -.1712006    .0972547
  caste_group_6_Madhesi |  -.0291121   .0900658    -0.32   0.747    -.2056378    .1474137
    caste_group_6_Dalit |  -.0413865   .0892361    -0.46   0.643    -.2162859     .133513
   caste_group_6_Others |   .0269603   .0645041     0.42   0.676    -.0994655    .1533861
                hh_size |   .1021822   .6473093     0.16   0.875    -1.166521    1.370885
                 female |  -.1360951   .1399236    -0.97   0.331    -.4103403    .1381501
                married |   .8320884   .4082349     2.04   0.042     .0319627    1.632214
               child_12 |  -.5819415   .2885358    -2.02   0.044    -1.147461   -.0164217
              voc_train |   .0025805   .0844272     0.03   0.976    -.1628939    .1680548
        migrated_fr_job |   .3713226   .1430112     2.60   0.009     .0910257    .6516194
         tot_chores_hrs |  -.0576587   .1694276    -0.34   0.734    -.3897307    .2744133
                  urban |   .2518324   .3291386     0.77   0.444    -.3932675    .8969323
            overtime_40 |   -1.07546   .3136085    -3.43   0.001    -1.690121   -.4607984
                  _cons |   3.291289   1.159266     2.84   0.005      1.01917    5.563409
------------------------+----------------------------------------------------------------
rwg_error               |
             experience |   -.002316   .0280059    -0.08   0.934    -.0572065    .0525745
          experience_sq |    .030084   .0332415     0.91   0.365    -.0350681    .0952362
education_Below_primary |   .0487854   .0262798     1.86   0.063    -.0027221    .1002928
      education_Primary |   -.039812   .0377503    -1.05   0.292    -.1138012    .0341772
  education_Tenth_grade |  -.0270418   .0307075    -0.88   0.379    -.0872275    .0331439
    education_Secondary |  -.0042495   .0166603    -0.26   0.799     -.036903     .028404
     education_Bachelor |  -.0006124   .0036771    -0.17   0.868    -.0078194    .0065946
education_Masters_above |   .0018687   .0099516     0.19   0.851    -.0176362    .0213735
 caste_group_6_Janajati |  -.0003326   .0200672    -0.02   0.987    -.0396636    .0389983
 caste_group_6_Adhibasi |  -.0015142    .005898    -0.26   0.797     -.013074    .0100456
  caste_group_6_Madhesi |  -.0018547   .0107292    -0.17   0.863    -.0228836    .0191741
    caste_group_6_Dalit |   .0008974    .004236     0.21   0.832     -.007405    .0091999
   caste_group_6_Others |   .0016328   .0044977     0.36   0.717    -.0071825    .0104481
                hh_size |   .0045681   .0460462     0.10   0.921    -.0856808    .0948169
                 female |   .0075141   .0097751     0.77   0.442    -.0116448     .026673
                married |   .0115913   .0141908     0.82   0.414    -.0162222    .0394048
               child_12 |    .037185    .023029     1.61   0.106    -.0079511     .082321
              voc_train |   .0027299   .0120919     0.23   0.821    -.0209697    .0264295
        migrated_fr_job |   .0782427    .030636     2.55   0.011     .0181971    .1382882
         tot_chores_hrs |  -.0048085    .007752    -0.62   0.535    -.0200022    .0103851
                  urban |  -.0136913   .0145224    -0.94   0.346    -.0421547    .0147722
            overtime_40 |   .3183447    .072332     4.40   0.000     .1765765    .4601128
-----------------------------------------------------------------------------------------
file test2.xlsx saved
file test2.xlsx saved

. 
end of do-file

. do "/var/folders/14/04v4h4t52rq0_5mkppfg4bp40000gn/T//SD05543.000000"

. putexcel set test2.xlsx, sheet(xyz) replace

. 
. * Loop through quantiles and perform Oaxaca-RIF decomposition
. local row = 1

. foreach q of local quantiles {
  2.     * Perform Oaxaca-RIF decomposition and save results using putexcel
.     oaxaca_rif ln_wage $exp $education $caste hh_size female ///
>     married child_12 voc_train migrated_fr_job tot_chores_hrs urban overtime_40 ///
>     if year == 2008 , by(formal_employment) wgt(1) rif(q(`q')) rwlogit(HH_formal dep_ratio $exp $education $caste) swap
  3.     
.     * Save the results to the Excel sheet
.     matrix results = r(table)'
  4.     
.     * Save the quantile label
.     putexcel A`row' = ("Quantile `q'")
  5.     
.     * Save the matrix results starting from the next row
.     local next_row = `row' + 1
  6.     putexcel A`next_row' = matrix(results)
  7.     
.     * Update row counter for the next quantile block
.     local row = `row' + rowsof(results) + 2
  8. }

. 
end of do-file

. do "/var/folders/14/04v4h4t52rq0_5mkppfg4bp40000gn/T//SD05543.000000"

. putexcel set test2.xlsx, sheet(xyz) replace

. 
. * Loop through quantiles and perform Oaxaca-RIF decomposition
. local row = 1

. foreach q of local quantiles {
  2.     * Perform Oaxaca-RIF decomposition and save results using putexcel
.     oaxaca_rif ln_wage $exp $education $caste hh_size female ///
>     married child_12 voc_train migrated_fr_job tot_chores_hrs urban overtime_40 ///
>     if year == 2008 , by(formal_employment) wgt(1) rif(q(`q')) rwlogit(HH_formal dep_ratio $exp $education $caste) swap
  3.     
.     * Save the results to the Excel sheet
.     matrix results = r(table)
  4.     
.     * Save the quantile label
.     putexcel A`row' = ("Quantile `q'")
  5.     
.     * Save the matrix results starting from the next row
.     local next_row = `row' + 1
  6.     putexcel A`next_row' = matrix(results)
  7.     
.     * Update row counter for the next quantile block
.     local row = `row' + rowsof(results) + 2
  8. }

. 
end of do-file

. do "/var/folders/14/04v4h4t52rq0_5mkppfg4bp40000gn/T//SD05543.000000"

. clear

. * Load the dataset
. use Pooled.dta, clear

. 
. * Generate the log of hourly wage
. gen ln_wage = ln(hourly_wage)

. 
. * Define the label for formal employment
. label define formal_employment 0 "Informal Employment" 1 "Formal Employment"

. 
. * Sort the data by psu, hhid, and year
. sort psu hhid year

. 
. * Create a total count of formal employment within household and year
. by psu hhid year: egen total_formal = total(formal_employment)

. gen HH_formal = total_formal - formal_employment

. 
. * Define global macros
. global exp "experience experience_sq"

. global education "education_Below_primary education_Primary education_Tenth_grade education_Secondary education_Bachelor education_Masters_above" 

. global caste "caste_group_6_Janajati caste_group_6_Adhibasi caste_group_6_Madhesi caste_group_6_Dalit caste_group_6_Others"

. 
. * Initialize an empty local macro
. local quantiles ""

. 
. * Loop through the specific quantiles and add them to the local macro
. forvalues i = 1(49)100 {
  2.     local quantiles "`quantiles' `i'"
  3. }

. 
. * Display the local macro to verify (optional)
. di "`quantiles'"
 1 50 99

. 
. * Initialize Excel sheet
. putexcel set test2.xlsx, sheet(xyz) replace

. 
. * Loop through quantiles and perform Oaxaca-RIF decomposition
. local row = 1

. foreach q of local quantiles {
  2.     * Perform Oaxaca-RIF decomposition and save results using putexcel
.     oaxaca_rif ln_wage $exp $education $caste hh_size female ///
>     married child_12 voc_train migrated_fr_job tot_chores_hrs urban overtime_40 ///
>     if year == 2008 , by(formal_employment) wgt(1) rif(q(`q')) rwlogit(HH_formal dep_ratio $exp $education $caste) swap
  3.     
.     * Save the results to the Excel sheet
.     matrix results = r(table)'
  4.     
.     * Save the quantile label
.     putexcel A`row' = ("Quantile `q'")
  5.     
.     * Save the matrix results starting from the next row
.     local next_row = `row' + 1
  6.     putexcel A`next_row' = matrix(results)
  7.     
.     * Update row counter for the next quantile block
.     local row = `row' + rowsof(results) + 2
  8. }
Estimating Reweighted RIF-OAXACA using RIF:q(1)
Model  : Blinder-Oaxaca RIF-decomposition
Type   : Reweighted
RIF    : q(1)
Scale  : 1
Group 1: formal_employment = 1 x1*b1             N of obs 1      = 2379
Group c: X1~>rw~>X2 or x2*b1                     N of obs C      = 2379
Group 2: formal_employment = 0 x2*b2             N of obs 2      = 4339

-----------------------------------------------------------------------------------------
                ln_wage |      Coef.   Std. Err.      z    P>|z|     [95% Conf. Interval]
------------------------+----------------------------------------------------------------
Overall                 |
                group_1 |   1.849282   .1013713    18.24   0.000     1.650598    2.047966
                group_c |   1.655726   .0764928    21.65   0.000     1.505803     1.80565
                group_2 |   1.025067   .0573041    17.89   0.000     .9127535    1.137381
            tdifference |    .824215    .116447     7.08   0.000     .5959832    1.052447
            t_explained |   .1935559   .1269933     1.52   0.127    -.0553463    .4424582
          t_unexplained |   .6306591   .0955767     6.60   0.000     .4433321     .817986
------------------------+----------------------------------------------------------------
explained               |
                  total |   .1935559   .1269933     1.52   0.127    -.0553463    .4424582
            p_explained |   .5253431   .1450467     3.62   0.000     .2410569    .8096293
             specif_err |  -.3317872   .1899212    -1.75   0.081    -.7040258    .0404515
------------------------+----------------------------------------------------------------
p_explained             |
             experience |    .073749   .0423658     1.74   0.082    -.0092866    .1567845
          experience_sq |   .0180383   .0308327     0.59   0.559    -.0423928    .0784693
education_Below_primary |   .0150407   .0501839     0.30   0.764    -.0833179    .1133994
      education_Primary |   .1891904   .0901673     2.10   0.036     .0124657    .3659151
  education_Tenth_grade |  -.0287273   .0457965    -0.63   0.530    -.1184868    .0610323
    education_Secondary |  -.0158584   .0836869    -0.19   0.850    -.1798818    .1481649
     education_Bachelor |  -.0036383   .0832365    -0.04   0.965    -.1667788    .1595022
education_Masters_above |   .0031098   .0568386     0.05   0.956    -.1082919    .1145114
 caste_group_6_Janajati |   .0073944   .0175959     0.42   0.674    -.0270928    .0418817
 caste_group_6_Adhibasi |   .1459621   .0352505     4.14   0.000     .0768723    .2150518
  caste_group_6_Madhesi |   .0050283   .0057924     0.87   0.385    -.0063247    .0163813
    caste_group_6_Dalit |   .0096503   .0496608     0.19   0.846    -.0876832    .1069837
   caste_group_6_Others |   .0247423   .0362104     0.68   0.494    -.0462289    .0957135
                hh_size |    .006136   .0077686     0.79   0.430    -.0090901    .0213621
                 female |   .0016874   .0035767     0.47   0.637    -.0053229    .0086976
                married |  -.0080836   .0403453    -0.20   0.841    -.0871588    .0709917
               child_12 |   .0158642   .0257143     0.62   0.537    -.0345348    .0662633
              voc_train |   .0224995   .0196078     1.15   0.251    -.0159311    .0609301
        migrated_fr_job |   .0103312   .0102847     1.00   0.315    -.0098265    .0304889
         tot_chores_hrs |  -.0007918   .0046463    -0.17   0.865    -.0098983    .0083147
                  urban |   .0058722   .0184676     0.32   0.751    -.0303236    .0420679
            overtime_40 |   .0281466   .0253848     1.11   0.268    -.0216067    .0778998
------------------------+----------------------------------------------------------------
specif_err              |
             experience |   1.487974    .742129     2.01   0.045     .0334284     2.94252
          experience_sq |  -.7069589   .4245989    -1.67   0.096    -1.539157    .1252396
education_Below_primary |   .0756631   .1091322     0.69   0.488     -.138232    .2895582
      education_Primary |  -.0919865   .1900201    -0.48   0.628    -.4644191     .280446
  education_Tenth_grade |    .100643   .1216634     0.83   0.408    -.1378128    .3390988
    education_Secondary |   .0372746   .0583723     0.64   0.523     -.077133    .1516822
     education_Bachelor |   .0293855   .0417815     0.70   0.482    -.0525047    .1112758
education_Masters_above |   .0136075    .019011     0.72   0.474    -.0236534    .0508684
 caste_group_6_Janajati |  -.0620969   .1180293    -0.53   0.599    -.2934301    .1692363
 caste_group_6_Adhibasi |   -.070933   .0576317    -1.23   0.218    -.1838891    .0420231
  caste_group_6_Madhesi |  -.0293565   .0483685    -0.61   0.544    -.1241571    .0654441
    caste_group_6_Dalit |   -.010692   .0756218    -0.14   0.888     -.158908    .1375241
   caste_group_6_Others |  -.0345583   .0578888    -0.60   0.551    -.1480182    .0789016
                hh_size |  -.4606625   .3724613    -1.24   0.216    -1.190673    .2693482
                 female |   .1313812    .083584     1.57   0.116    -.0324404    .2952029
                married |   .1418264   .2922645     0.49   0.627    -.4310014    .7146542
               child_12 |  -.0825914   .1760876    -0.47   0.639    -.4277168    .2625339
              voc_train |   .0258989   .0552989     0.47   0.640    -.0824849    .1342827
        migrated_fr_job |   .0164357   .1037546     0.16   0.874    -.1869197     .219791
         tot_chores_hrs |  -.1172243   .1073231    -1.09   0.275    -.3275737    .0931251
                  urban |  -.0623977   .2044736    -0.31   0.760    -.4631587    .3383633
            overtime_40 |   .0221054    .146823     0.15   0.880    -.2656625    .3098732
                  _cons |  -.6845249   .8938689    -0.77   0.444    -2.436476    1.067426
------------------------+----------------------------------------------------------------
unexplained             |
                  total |   .6306591   .0955767     6.60   0.000     .4433321     .817986
              rwg_error |   .0273598   .0371283     0.74   0.461    -.0454104      .10013
          p_unexplained |   .6032993   .1004994     6.00   0.000     .4063241    .8002745
------------------------+----------------------------------------------------------------
p_unexplained           |
             experience |  -.0104342   .5604759    -0.02   0.985    -1.108947    1.088078
          experience_sq |  -.1979259   .2896397    -0.68   0.494    -.7656094    .3697575
education_Below_primary |  -.1081101   .0565762    -1.91   0.056    -.2189975    .0027772
      education_Primary |  -.2912985   .0863848    -3.37   0.001    -.4606097   -.1219874
  education_Tenth_grade |  -.1365435   .0630009    -2.17   0.030    -.2600229   -.0130641
    education_Secondary |  -.0586884   .0367326    -1.60   0.110     -.130683    .0133061
     education_Bachelor |  -.0307385    .028389    -1.08   0.279    -.0863799    .0249029
education_Masters_above |  -.0161393   .0151101    -1.07   0.285    -.0457546    .0134761
 caste_group_6_Janajati |   .0999056   .0965735     1.03   0.301    -.0893751    .2891862
 caste_group_6_Adhibasi |   -.160317   .0335848    -4.77   0.000    -.2261421    -.094492
  caste_group_6_Madhesi |   .0378229   .0426119     0.89   0.375     -.045695    .1213408
    caste_group_6_Dalit |   .0469741   .0423357     1.11   0.267    -.0360023    .1299504
   caste_group_6_Others |  -.0054967   .0305268    -0.18   0.857    -.0653281    .0543347
                hh_size |   .1566481   .2964408     0.53   0.597    -.4243651    .7376614
                 female |  -.0552509   .0658517    -0.84   0.401    -.1843177     .073816
                married |  -.3404266   .1945724    -1.75   0.080    -.7217814    .0409282
               child_12 |   .1054711   .1345863     0.78   0.433    -.1583132    .3692554
              voc_train |   .0287819   .0408965     0.70   0.482    -.0513737    .1089375
        migrated_fr_job |   .0203723   .0675595     0.30   0.763     -.112042    .1527865
         tot_chores_hrs |   .1608824   .0799037     2.01   0.044      .004274    .3174908
                  urban |  -.1692001   .1579239    -1.07   0.284    -.4787253    .1403251
            overtime_40 |  -.1026947   .1526813    -0.67   0.501    -.4019446    .1965552
                  _cons |   1.629705   .5572429     2.92   0.003     .5375295    2.721881
------------------------+----------------------------------------------------------------
rwg_error               |
             experience |  -.0039308   .0116201    -0.34   0.735    -.0267058    .0188442
          experience_sq |    .008126   .0117229     0.69   0.488    -.0148504    .0311025
education_Below_primary |   .0134699    .008158     1.65   0.099    -.0025196    .0294593
      education_Primary |    -.01236   .0118885    -1.04   0.298    -.0356611    .0109411
  education_Tenth_grade |   -.008344   .0096223    -0.87   0.386    -.0272034    .0105154
    education_Secondary |  -.0010398     .00411    -0.25   0.800    -.0090953    .0070157
     education_Bachelor |  -.0005776   .0033481    -0.17   0.863    -.0071399    .0059846
education_Masters_above |  -.0004244   .0022853    -0.19   0.853    -.0049036    .0040547
 caste_group_6_Janajati |  -.0000132   .0007944    -0.02   0.987    -.0015702    .0015439
 caste_group_6_Adhibasi |  -.0144974   .0144461    -1.00   0.316    -.0428111    .0138164
  caste_group_6_Madhesi |   .0015626    .004388     0.36   0.722    -.0070377     .010163
    caste_group_6_Dalit |   .0001314   .0016363     0.08   0.936    -.0030756    .0033384
   caste_group_6_Others |  -.0000502   .0015019    -0.03   0.973    -.0029939    .0028935
                hh_size |  -.0159943    .018747    -0.85   0.394    -.0527377    .0207491
                 female |    .003742   .0045518     0.82   0.411    -.0051794    .0126635
                married |  -.0026481   .0037014    -0.72   0.474    -.0099028    .0046065
               child_12 |   .0004252   .0072808     0.06   0.953     -.013845    .0146953
              voc_train |   .0029759   .0050069     0.59   0.552    -.0068374    .0127892
        migrated_fr_job |   .0112541   .0105853     1.06   0.288    -.0094927    .0320009
         tot_chores_hrs |   .0038181   .0044868     0.85   0.395    -.0049758    .0126121
                  urban |  -.0053236   .0058311    -0.91   0.361    -.0167524    .0061053
            overtime_40 |   .0470579   .0278944     1.69   0.092    -.0076142      .10173
-----------------------------------------------------------------------------------------
file test2.xlsx saved
file test2.xlsx saved
Estimating Reweighted RIF-OAXACA using RIF:q(50)
Model  : Blinder-Oaxaca RIF-decomposition
Type   : Reweighted
RIF    : q(50)
Scale  : 1
Group 1: formal_employment = 1 x1*b1             N of obs 1      = 2379
Group c: X1~>rw~>X2 or x2*b1                     N of obs C      = 2379
Group 2: formal_employment = 0 x2*b2             N of obs 2      = 4339

-----------------------------------------------------------------------------------------
                ln_wage |      Coef.   Std. Err.      z    P>|z|     [95% Conf. Interval]
------------------------+----------------------------------------------------------------
Overall                 |
                group_1 |   3.751492   .0138971   269.95   0.000     3.724254     3.77873
                group_c |    3.27065   .0178437   183.29   0.000     3.235677    3.305623
                group_2 |   2.943632   .0111356   264.34   0.000     2.921807    2.965458
            tdifference |   .8078595   .0178082    45.36   0.000     .7729561    .8427629
            t_explained |   .4808423   .0226169    21.26   0.000     .4365139    .5251707
          t_unexplained |   .3270171   .0210332    15.55   0.000     .2857927    .3682416
------------------------+----------------------------------------------------------------
explained               |
                  total |   .4808423   .0226169    21.26   0.000     .4365139    .5251707
            p_explained |   .3912942   .0193789    20.19   0.000     .3533122    .4292761
             specif_err |   .0895481   .0250922     3.57   0.000     .0403684    .1387279
------------------------+----------------------------------------------------------------
p_explained             |
             experience |   .0242411   .0111211     2.18   0.029     .0024442     .046038
          experience_sq |   .0033237   .0055796     0.60   0.551     -.007612    .0142595
education_Below_primary |  -.0023617   .0057243    -0.41   0.680    -.0135811    .0088576
      education_Primary |   -.023752   .0103114    -2.30   0.021    -.0439619   -.0035421
  education_Tenth_grade |    .036038   .0077773     4.63   0.000     .0207948    .0512811
    education_Secondary |   .0846044   .0115097     7.35   0.000     .0620458    .1071631
     education_Bachelor |   .1136377   .0125226     9.07   0.000     .0890938    .1381816
education_Masters_above |   .0883255   .0098695     8.95   0.000     .0689817    .1076693
 caste_group_6_Janajati |  -.0005502   .0020024    -0.27   0.783    -.0044749    .0033745
 caste_group_6_Adhibasi |   .0041972   .0033957     1.24   0.216    -.0024582    .0108526
  caste_group_6_Madhesi |   .0011103   .0009099     1.22   0.222    -.0006732    .0028937
    caste_group_6_Dalit |   .0110044   .0057506     1.91   0.056    -.0002665    .0222753
   caste_group_6_Others |   .0024416   .0041246     0.59   0.554    -.0056424    .0105256
                hh_size |  -.0010532   .0010029    -1.05   0.294    -.0030188    .0009124
                 female |  -.0013106   .0022252    -0.59   0.556     -.005672    .0030508
                married |  -.0016517   .0046014    -0.36   0.720    -.0106702    .0073669
               child_12 |   .0059342   .0030717     1.93   0.053    -.0000862    .0119546
              voc_train |   .0059786   .0023699     2.52   0.012     .0013337    .0106236
        migrated_fr_job |   .0040672    .001767     2.30   0.021     .0006039    .0075305
         tot_chores_hrs |   .0005313   .0006613     0.80   0.422    -.0007647    .0018274
                  urban |   .0027476   .0021561     1.27   0.203    -.0014784    .0069735
            overtime_40 |   .0337906   .0049735     6.79   0.000     .0240428    .0435385
------------------------+----------------------------------------------------------------
specif_err              |
             experience |  -.2344452   .1076294    -2.18   0.029    -.4453949   -.0234955
          experience_sq |   .1412275   .0592777     2.38   0.017     .0250453    .2574098
education_Below_primary |  -.0399872   .0140295    -2.85   0.004    -.0674846   -.0124899
      education_Primary |  -.0746978    .024433    -3.06   0.002    -.1225856     -.02681
  education_Tenth_grade |   .0011269   .0160886     0.07   0.944    -.0304063      .03266
    education_Secondary |  -.0083643   .0080824    -1.03   0.301    -.0242055    .0074769
     education_Bachelor |  -.0062772   .0059515    -1.05   0.292     -.017942    .0053876
education_Masters_above |   .0011565   .0028799     0.40   0.688    -.0044881     .006801
 caste_group_6_Janajati |   .0146108   .0179125     0.82   0.415    -.0204971    .0497188
 caste_group_6_Adhibasi |   .0279192   .0080729     3.46   0.001     .0120965    .0437418
  caste_group_6_Madhesi |   .0177812   .0072642     2.45   0.014     .0035437    .0320187
    caste_group_6_Dalit |   .0103631   .0099696     1.04   0.299     -.009177    .0299032
   caste_group_6_Others |   .0067895   .0077315     0.88   0.380     -.008364     .021943
                hh_size |   .0836001   .0554221     1.51   0.131    -.0250253    .1922255
                 female |  -.0146185   .0123421    -1.18   0.236    -.0388086    .0095716
                married |  -.0895704   .0411697    -2.18   0.030    -.1702615   -.0088792
               child_12 |   .0159419   .0255958     0.62   0.533    -.0342249    .0661088
              voc_train |  -.0140719   .0084803    -1.66   0.097     -.030693    .0025491
        migrated_fr_job |    -.04188   .0155012    -2.70   0.007    -.0722618   -.0114981
         tot_chores_hrs |   .0240148   .0160213     1.50   0.134    -.0073863    .0554159
                  urban |  -.0921652    .029667    -3.11   0.002    -.1503115   -.0340188
            overtime_40 |   .1327526   .0218464     6.08   0.000     .0899344    .1755708
                  _cons |   .2283417   .1221668     1.87   0.062    -.0111007    .4677842
------------------------+----------------------------------------------------------------
unexplained             |
                  total |   .3270171   .0210332    15.55   0.000     .2857927    .3682416
              rwg_error |   .1102881   .0141163     7.81   0.000     .0826207    .1379555
          p_unexplained |    .216729   .0190546    11.37   0.000     .1793828    .2540753
------------------------+----------------------------------------------------------------
p_unexplained           |
             experience |   .4103548   .1047481     3.92   0.000     .2050524    .6156573
          experience_sq |  -.1851047     .05425    -3.41   0.001    -.2914327   -.0787767
education_Below_primary |   .0212718   .0105848     2.01   0.044     .0005261    .0420176
      education_Primary |   .0653119    .016166     4.04   0.000     .0336271    .0969968
  education_Tenth_grade |   .0280994    .011787     2.38   0.017     .0049973    .0512015
    education_Secondary |   .0106488   .0068577     1.55   0.120    -.0027921    .0240896
     education_Bachelor |   .0115216   .0053437     2.16   0.031     .0010482     .021995
education_Masters_above |   .0043399   .0028427     1.53   0.127    -.0012316    .0099114
 caste_group_6_Janajati |  -.0477037   .0180626    -2.64   0.008    -.0831057   -.0123017
 caste_group_6_Adhibasi |  -.0238227   .0062076    -3.84   0.000    -.0359895    -.011656
  caste_group_6_Madhesi |  -.0197247   .0080056    -2.46   0.014    -.0354155   -.0040339
    caste_group_6_Dalit |   -.027417   .0079911    -3.43   0.001    -.0430793   -.0117548
   caste_group_6_Others |  -.0079307   .0057252    -1.39   0.166     -.019152    .0032905
                hh_size |    .079359   .0557016     1.42   0.154    -.0298142    .1885322
                 female |   .0292339   .0123478     2.37   0.018     .0050326    .0534351
                married |   .0085833   .0363455     0.24   0.813    -.0626526    .0798192
               child_12 |  -.0732568   .0252433    -2.90   0.004    -.1227328   -.0237808
              voc_train |   .0118852   .0076335     1.56   0.119    -.0030761    .0268465
        migrated_fr_job |   .0251251   .0126477     1.99   0.047      .000336    .0499141
         tot_chores_hrs |   .0173913   .0149416     1.16   0.244    -.0118937    .0466762
                  urban |   .0865022   .0294875     2.93   0.003     .0287077    .1442968
            overtime_40 |  -.2052525   .0285049    -7.20   0.000    -.2611211    -.149384
                  _cons |  -.0026862   .1039851    -0.03   0.979    -.2064932    .2011208
------------------------+----------------------------------------------------------------
rwg_error               |
             experience |  -.0202298   .0145934    -1.39   0.166    -.0488324    .0083728
          experience_sq |   .0139731   .0102767     1.36   0.174    -.0061688     .034115
education_Below_primary |  -.0056845    .002856    -1.99   0.047    -.0112822   -.0000869
      education_Primary |   .0053197   .0049731     1.07   0.285    -.0044274    .0150668
  education_Tenth_grade |   .0042024   .0046921     0.90   0.370     -.004994    .0133989
    education_Secondary |   .0013152   .0051332     0.26   0.798    -.0087456     .011376
     education_Bachelor |   .0010061   .0057842     0.17   0.862    -.0103307     .012343
education_Masters_above |   .0006995    .003707     0.19   0.850     -.006566    .0079651
 caste_group_6_Janajati |   6.40e-06    .000386     0.02   0.987    -.0007501    .0007629
 caste_group_6_Adhibasi |  -.0028613   .0028491    -1.00   0.315    -.0084455     .002723
  caste_group_6_Madhesi |   .0038441   .0021937     1.75   0.080    -.0004555    .0081438
    caste_group_6_Dalit |   .0012878    .001904     0.68   0.499     -.002444    .0050195
   caste_group_6_Others |   -.000594   .0009644    -0.62   0.538    -.0024841    .0012961
                hh_size |     .00311   .0035977     0.86   0.387    -.0039415    .0101614
                 female |   .0011923   .0013175     0.90   0.365      -.00139    .0037745
                married |   .0011001   .0013141     0.84   0.402    -.0014754    .0036756
               child_12 |   .0034726   .0019327     1.80   0.072    -.0003155    .0072606
              voc_train |   .0035757   .0017349     2.06   0.039     .0001754    .0069761
        migrated_fr_job |   .0121562   .0032889     3.70   0.000     .0057101    .0186023
         tot_chores_hrs |  -.0005328   .0007064    -0.75   0.451    -.0019174    .0008518
                  urban |  -.0053948   .0023002    -2.35   0.019    -.0099032   -.0008864
            overtime_40 |   .0893241   .0083123    10.75   0.000     .0730322     .105616
-----------------------------------------------------------------------------------------
file test2.xlsx saved
file test2.xlsx saved
Estimating Reweighted RIF-OAXACA using RIF:q(99)
Model  : Blinder-Oaxaca RIF-decomposition
Type   : Reweighted
RIF    : q(99)
Scale  : 1
Group 1: formal_employment = 1 x1*b1             N of obs 1      = 2379
Group c: X1~>rw~>X2 or x2*b1                     N of obs C      = 2379
Group 2: formal_employment = 0 x2*b2             N of obs 2      = 4339

-----------------------------------------------------------------------------------------
                ln_wage |      Coef.   Std. Err.      z    P>|z|     [95% Conf. Interval]
------------------------+----------------------------------------------------------------
Overall                 |
                group_1 |   5.710972   .1676648    34.06   0.000     5.382355    6.039589
                group_c |   5.251636    .191071    27.49   0.000     4.877143    5.626128
                group_2 |   4.949139   .0690196    71.71   0.000     4.813863    5.084415
            tdifference |    .761833   .1813152     4.20   0.000     .4064618    1.117204
            t_explained |    .459336   .2542038     1.81   0.071    -.0388944    .9575663
          t_unexplained |    .302497   .2031547     1.49   0.136    -.0956788    .7006728
------------------------+----------------------------------------------------------------
explained               |
                  total |    .459336   .2542038     1.81   0.071    -.0388944    .9575663
            p_explained |   .3078769   .2387857     1.29   0.197    -.1601346    .7758883
             specif_err |   .1514591   .3452398     0.44   0.661    -.5251984    .8281166
------------------------+----------------------------------------------------------------
p_explained             |
             experience |   .0108578   .0454939     0.24   0.811    -.0783087    .1000243
          experience_sq |   .0077163   .0177564     0.43   0.664    -.0270856    .0425183
education_Below_primary |   .1023106   .0843487     1.21   0.225    -.0630097    .2676309
      education_Primary |   .2018792    .148746     1.36   0.175    -.0896576     .493416
  education_Tenth_grade |  -.0904436   .0772058    -1.17   0.241    -.2417642     .060877
    education_Secondary |  -.1294201   .1396054    -0.93   0.354    -.4030416    .1442014
     education_Bachelor |  -.0903287   .1386737    -0.65   0.515    -.3621242    .1814668
education_Masters_above |   .0781252   .0948188     0.82   0.410    -.1077162    .2639666
 caste_group_6_Janajati |  -.0208942   .0294501    -0.71   0.478    -.0786154     .036827
 caste_group_6_Adhibasi |    .026396   .0490183     0.54   0.590    -.0696781      .12247
  caste_group_6_Madhesi |   .0051231   .0085992     0.60   0.551    -.0117311    .0219773
    caste_group_6_Dalit |   .0167858   .0826468     0.20   0.839    -.1451991    .1787706
   caste_group_6_Others |  -.0525002   .0603868    -0.87   0.385    -.1708561    .0658557
                hh_size |   .0040822   .0116555     0.35   0.726    -.0187621    .0269265
                 female |  -.0054954   .0099482    -0.55   0.581    -.0249936    .0140028
                married |    .111104   .0680224     1.63   0.102    -.0222176    .2444255
               child_12 |   .0396107   .0430614     0.92   0.358    -.0447881    .1240095
              voc_train |   -.005916   .0321831    -0.18   0.854    -.0689937    .0571616
        migrated_fr_job |    .018336   .0172521     1.06   0.288    -.0154775    .0521495
         tot_chores_hrs |   .0000925   .0076682     0.01   0.990    -.0149369    .0151219
                  urban |   .0229843   .0309478     0.74   0.458    -.0376722    .0836408
            overtime_40 |   .0574715   .0424347     1.35   0.176     -.025699     .140642
------------------------+----------------------------------------------------------------
specif_err              |
             experience |   .1526927   1.466564     0.10   0.917     -2.72172    3.027106
          experience_sq |   .2766096   .8143095     0.34   0.734    -1.319408    1.872627
education_Below_primary |   .1773544   .1962085     0.90   0.366    -.2072072    .5619159
      education_Primary |   .5112284    .342834     1.49   0.136    -.1607139    1.183171
  education_Tenth_grade |   .3325548    .224985     1.48   0.139    -.1084076    .7735172
    education_Secondary |    .113508   .1114849     1.02   0.309    -.1049983    .3320143
     education_Bachelor |  -.0050353   .0811952    -0.06   0.951    -.1641751    .1541044
education_Masters_above |  -.0367387   .0391263    -0.94   0.348    -.1134249    .0399475
 caste_group_6_Janajati |  -.5064148   .2419941    -2.09   0.036    -.9807145   -.0321151
 caste_group_6_Adhibasi |  -.0264018   .1087659    -0.24   0.808     -.239579    .1867755
  caste_group_6_Madhesi |  -.0538115   .0974518    -0.55   0.581    -.2448135    .1371905
    caste_group_6_Dalit |  -.0053399   .1390711    -0.04   0.969    -.2779142    .2672344
   caste_group_6_Others |   .0468992   .1074851     0.44   0.663    -.1637677    .2575661
                hh_size |  -.1174798   .7509922    -0.16   0.876    -1.589398    1.354438
                 female |  -.0076574   .1673454    -0.05   0.964    -.3356484    .3203335
                married |  -.1575149   .5650849    -0.28   0.780    -1.265061    .9500313
               child_12 |   .3043802   .3487919     0.87   0.383    -.3792395    .9879998
              voc_train |  -.0332369   .1139141    -0.29   0.770    -.2565045    .1900307
        migrated_fr_job |   -.335498   .2096187    -1.60   0.109    -.7463431     .075347
         tot_chores_hrs |    .131169   .2168086     0.60   0.545    -.2937681     .556106
                  urban |  -.0892794     .40411    -0.22   0.825    -.8813204    .7027616
            overtime_40 |    .764209   .2949626     2.59   0.010      .186093    1.342325
                  _cons |  -1.284738   1.690193    -0.76   0.447    -4.597455     2.02798
------------------------+----------------------------------------------------------------
unexplained             |
                  total |    .302497   .2031547     1.49   0.136    -.0956788    .7006728
              rwg_error |   .4472109    .096651     4.63   0.000     .2577783    .6366434
          p_unexplained |  -.1447139   .2158333    -0.67   0.503    -.5677394    .2783117
------------------------+----------------------------------------------------------------
p_unexplained           |
             experience |  -.7680298   1.171216    -0.66   0.512    -3.063571    1.527512
          experience_sq |  -.3923566   .6097597    -0.64   0.520    -1.587464    .8027505
education_Below_primary |  -.4242188   .1203067    -3.53   0.000    -.6600156    -.188422
      education_Primary |  -.9201908   .1822271    -5.05   0.000    -1.277349   -.5630323
  education_Tenth_grade |  -.6014731   .1342066    -4.48   0.000    -.8645131   -.3384331
    education_Secondary |   -.268665   .0778008    -3.45   0.001    -.4211518   -.1161783
     education_Bachelor |  -.1321794   .0600805    -2.20   0.028     -.249935   -.0144238
education_Masters_above |   -.008653   .0315191    -0.27   0.784    -.0704294    .0531234
 caste_group_6_Janajati |   .4514235   .2027847     2.23   0.026     .0539727    .8488742
 caste_group_6_Adhibasi |   -.036973   .0684848    -0.54   0.589    -.1712006    .0972547
  caste_group_6_Madhesi |  -.0291121   .0900658    -0.32   0.747    -.2056378    .1474137
    caste_group_6_Dalit |  -.0413865   .0892361    -0.46   0.643    -.2162859     .133513
   caste_group_6_Others |   .0269603   .0645041     0.42   0.676    -.0994655    .1533861
                hh_size |   .1021822   .6473093     0.16   0.875    -1.166521    1.370885
                 female |  -.1360951   .1399236    -0.97   0.331    -.4103403    .1381501
                married |   .8320884   .4082349     2.04   0.042     .0319627    1.632214
               child_12 |  -.5819415   .2885358    -2.02   0.044    -1.147461   -.0164217
              voc_train |   .0025805   .0844272     0.03   0.976    -.1628939    .1680548
        migrated_fr_job |   .3713226   .1430112     2.60   0.009     .0910257    .6516194
         tot_chores_hrs |  -.0576587   .1694276    -0.34   0.734    -.3897307    .2744133
                  urban |   .2518324   .3291386     0.77   0.444    -.3932675    .8969323
            overtime_40 |   -1.07546   .3136085    -3.43   0.001    -1.690121   -.4607984
                  _cons |   3.291289   1.159266     2.84   0.005      1.01917    5.563409
------------------------+----------------------------------------------------------------
rwg_error               |
             experience |   -.002316   .0280059    -0.08   0.934    -.0572065    .0525745
          experience_sq |    .030084   .0332415     0.91   0.365    -.0350681    .0952362
education_Below_primary |   .0487854   .0262798     1.86   0.063    -.0027221    .1002928
      education_Primary |   -.039812   .0377503    -1.05   0.292    -.1138012    .0341772
  education_Tenth_grade |  -.0270418   .0307075    -0.88   0.379    -.0872275    .0331439
    education_Secondary |  -.0042495   .0166603    -0.26   0.799     -.036903     .028404
     education_Bachelor |  -.0006124   .0036771    -0.17   0.868    -.0078194    .0065946
education_Masters_above |   .0018687   .0099516     0.19   0.851    -.0176362    .0213735
 caste_group_6_Janajati |  -.0003326   .0200672    -0.02   0.987    -.0396636    .0389983
 caste_group_6_Adhibasi |  -.0015142    .005898    -0.26   0.797     -.013074    .0100456
  caste_group_6_Madhesi |  -.0018547   .0107292    -0.17   0.863    -.0228836    .0191741
    caste_group_6_Dalit |   .0008974    .004236     0.21   0.832     -.007405    .0091999
   caste_group_6_Others |   .0016328   .0044977     0.36   0.717    -.0071825    .0104481
                hh_size |   .0045681   .0460462     0.10   0.921    -.0856808    .0948169
                 female |   .0075141   .0097751     0.77   0.442    -.0116448     .026673
                married |   .0115913   .0141908     0.82   0.414    -.0162222    .0394048
               child_12 |    .037185    .023029     1.61   0.106    -.0079511     .082321
              voc_train |   .0027299   .0120919     0.23   0.821    -.0209697    .0264295
        migrated_fr_job |   .0782427    .030636     2.55   0.011     .0181971    .1382882
         tot_chores_hrs |  -.0048085    .007752    -0.62   0.535    -.0200022    .0103851
                  urban |  -.0136913   .0145224    -0.94   0.346    -.0421547    .0147722
            overtime_40 |   .3183447    .072332     4.40   0.000     .1765765    .4601128
-----------------------------------------------------------------------------------------
file test2.xlsx saved
file test2.xlsx saved

. 
end of do-file

. do "/var/folders/14/04v4h4t52rq0_5mkppfg4bp40000gn/T//SD05543.000000"

. clear

. * Load the dataset
. use Pooled.dta, clear

. 
. * Generate the log of hourly wage
. gen ln_wage = ln(hourly_wage)

. 
. * Define the label for formal employment
. label define formal_employment 0 "Informal Employment" 1 "Formal Employment"

. 
. * Sort the data by psu, hhid, and year
. sort psu hhid year

. 
. * Create a total count of formal employment within household and year
. by psu hhid year: egen total_formal = total(formal_employment)

. gen HH_formal = total_formal - formal_employment

. 
. * Define global macros
. global exp "experience experience_sq"

. global education "education_Below_primary education_Primary education_Tenth_grade education_Secondary education_Bachelor education_Masters_above" 

. global caste "caste_group_6_Janajati caste_group_6_Adhibasi caste_group_6_Madhesi caste_group_6_Dalit caste_group_6_Others"

. 
. * Initialize an empty local macro
. local quantiles ""

. 
. * Loop through the specific quantiles and add them to the local macro
. forvalues i = 1(49)100 {
  2.     local quantiles "`quantiles' `i'"
  3. }

. 
. * Display the local macro to verify (optional)
. di "`quantiles'"
 1 50 99

. 
. * Initialize Excel sheet
. putexcel set test2.xlsx, sheet(xyz) replace

. 
. * Loop through quantiles and perform Oaxaca-RIF decomposition
. local row = 1

. foreach q of local quantiles {
  2.     * Perform Oaxaca-RIF decomposition and save results using putexcel
.     oaxaca_rif ln_wage $exp $education $caste hh_size female ///
>     married child_12 voc_train migrated_fr_job tot_chores_hrs urban overtime_40 ///
>     if year == 2008 , by(formal_employment) wgt(1) rif(q(`q')) rwlogit(HH_formal dep_ratio $exp $education $caste) swap
  3.     
.     * Save the results to the Excel sheet
.     matrix results = r(table)', names
  4.     
.     * Save the quantile label
.     putexcel A`row' = ("Quantile `q'")
  5.     
.     * Save the matrix results starting from the next row
.     local next_row = `row' + 1
  6.     putexcel A`next_row' = matrix(results)
  7.     
.     * Update row counter for the next quantile block
.     local row = `row' + rowsof(results) + 2
  8. }
Estimating Reweighted RIF-OAXACA using RIF:q(1)
Model  : Blinder-Oaxaca RIF-decomposition
Type   : Reweighted
RIF    : q(1)
Scale  : 1
Group 1: formal_employment = 1 x1*b1             N of obs 1      = 2379
Group c: X1~>rw~>X2 or x2*b1                     N of obs C      = 2379
Group 2: formal_employment = 0 x2*b2             N of obs 2      = 4339

-----------------------------------------------------------------------------------------
                ln_wage |      Coef.   Std. Err.      z    P>|z|     [95% Conf. Interval]
------------------------+----------------------------------------------------------------
Overall                 |
                group_1 |   1.849282   .1013713    18.24   0.000     1.650598    2.047966
                group_c |   1.655726   .0764928    21.65   0.000     1.505803     1.80565
                group_2 |   1.025067   .0573041    17.89   0.000     .9127535    1.137381
            tdifference |    .824215    .116447     7.08   0.000     .5959832    1.052447
            t_explained |   .1935559   .1269933     1.52   0.127    -.0553463    .4424582
          t_unexplained |   .6306591   .0955767     6.60   0.000     .4433321     .817986
------------------------+----------------------------------------------------------------
explained               |
                  total |   .1935559   .1269933     1.52   0.127    -.0553463    .4424582
            p_explained |   .5253431   .1450467     3.62   0.000     .2410569    .8096293
             specif_err |  -.3317872   .1899212    -1.75   0.081    -.7040258    .0404515
------------------------+----------------------------------------------------------------
p_explained             |
             experience |    .073749   .0423658     1.74   0.082    -.0092866    .1567845
          experience_sq |   .0180383   .0308327     0.59   0.559    -.0423928    .0784693
education_Below_primary |   .0150407   .0501839     0.30   0.764    -.0833179    .1133994
      education_Primary |   .1891904   .0901673     2.10   0.036     .0124657    .3659151
  education_Tenth_grade |  -.0287273   .0457965    -0.63   0.530    -.1184868    .0610323
    education_Secondary |  -.0158584   .0836869    -0.19   0.850    -.1798818    .1481649
     education_Bachelor |  -.0036383   .0832365    -0.04   0.965    -.1667788    .1595022
education_Masters_above |   .0031098   .0568386     0.05   0.956    -.1082919    .1145114
 caste_group_6_Janajati |   .0073944   .0175959     0.42   0.674    -.0270928    .0418817
 caste_group_6_Adhibasi |   .1459621   .0352505     4.14   0.000     .0768723    .2150518
  caste_group_6_Madhesi |   .0050283   .0057924     0.87   0.385    -.0063247    .0163813
    caste_group_6_Dalit |   .0096503   .0496608     0.19   0.846    -.0876832    .1069837
   caste_group_6_Others |   .0247423   .0362104     0.68   0.494    -.0462289    .0957135
                hh_size |    .006136   .0077686     0.79   0.430    -.0090901    .0213621
                 female |   .0016874   .0035767     0.47   0.637    -.0053229    .0086976
                married |  -.0080836   .0403453    -0.20   0.841    -.0871588    .0709917
               child_12 |   .0158642   .0257143     0.62   0.537    -.0345348    .0662633
              voc_train |   .0224995   .0196078     1.15   0.251    -.0159311    .0609301
        migrated_fr_job |   .0103312   .0102847     1.00   0.315    -.0098265    .0304889
         tot_chores_hrs |  -.0007918   .0046463    -0.17   0.865    -.0098983    .0083147
                  urban |   .0058722   .0184676     0.32   0.751    -.0303236    .0420679
            overtime_40 |   .0281466   .0253848     1.11   0.268    -.0216067    .0778998
------------------------+----------------------------------------------------------------
specif_err              |
             experience |   1.487974    .742129     2.01   0.045     .0334284     2.94252
          experience_sq |  -.7069589   .4245989    -1.67   0.096    -1.539157    .1252396
education_Below_primary |   .0756631   .1091322     0.69   0.488     -.138232    .2895582
      education_Primary |  -.0919865   .1900201    -0.48   0.628    -.4644191     .280446
  education_Tenth_grade |    .100643   .1216634     0.83   0.408    -.1378128    .3390988
    education_Secondary |   .0372746   .0583723     0.64   0.523     -.077133    .1516822
     education_Bachelor |   .0293855   .0417815     0.70   0.482    -.0525047    .1112758
education_Masters_above |   .0136075    .019011     0.72   0.474    -.0236534    .0508684
 caste_group_6_Janajati |  -.0620969   .1180293    -0.53   0.599    -.2934301    .1692363
 caste_group_6_Adhibasi |   -.070933   .0576317    -1.23   0.218    -.1838891    .0420231
  caste_group_6_Madhesi |  -.0293565   .0483685    -0.61   0.544    -.1241571    .0654441
    caste_group_6_Dalit |   -.010692   .0756218    -0.14   0.888     -.158908    .1375241
   caste_group_6_Others |  -.0345583   .0578888    -0.60   0.551    -.1480182    .0789016
                hh_size |  -.4606625   .3724613    -1.24   0.216    -1.190673    .2693482
                 female |   .1313812    .083584     1.57   0.116    -.0324404    .2952029
                married |   .1418264   .2922645     0.49   0.627    -.4310014    .7146542
               child_12 |  -.0825914   .1760876    -0.47   0.639    -.4277168    .2625339
              voc_train |   .0258989   .0552989     0.47   0.640    -.0824849    .1342827
        migrated_fr_job |   .0164357   .1037546     0.16   0.874    -.1869197     .219791
         tot_chores_hrs |  -.1172243   .1073231    -1.09   0.275    -.3275737    .0931251
                  urban |  -.0623977   .2044736    -0.31   0.760    -.4631587    .3383633
            overtime_40 |   .0221054    .146823     0.15   0.880    -.2656625    .3098732
                  _cons |  -.6845249   .8938689    -0.77   0.444    -2.436476    1.067426
------------------------+----------------------------------------------------------------
unexplained             |
                  total |   .6306591   .0955767     6.60   0.000     .4433321     .817986
              rwg_error |   .0273598   .0371283     0.74   0.461    -.0454104      .10013
          p_unexplained |   .6032993   .1004994     6.00   0.000     .4063241    .8002745
------------------------+----------------------------------------------------------------
p_unexplained           |
             experience |  -.0104342   .5604759    -0.02   0.985    -1.108947    1.088078
          experience_sq |  -.1979259   .2896397    -0.68   0.494    -.7656094    .3697575
education_Below_primary |  -.1081101   .0565762    -1.91   0.056    -.2189975    .0027772
      education_Primary |  -.2912985   .0863848    -3.37   0.001    -.4606097   -.1219874
  education_Tenth_grade |  -.1365435   .0630009    -2.17   0.030    -.2600229   -.0130641
    education_Secondary |  -.0586884   .0367326    -1.60   0.110     -.130683    .0133061
     education_Bachelor |  -.0307385    .028389    -1.08   0.279    -.0863799    .0249029
education_Masters_above |  -.0161393   .0151101    -1.07   0.285    -.0457546    .0134761
 caste_group_6_Janajati |   .0999056   .0965735     1.03   0.301    -.0893751    .2891862
 caste_group_6_Adhibasi |   -.160317   .0335848    -4.77   0.000    -.2261421    -.094492
  caste_group_6_Madhesi |   .0378229   .0426119     0.89   0.375     -.045695    .1213408
    caste_group_6_Dalit |   .0469741   .0423357     1.11   0.267    -.0360023    .1299504
   caste_group_6_Others |  -.0054967   .0305268    -0.18   0.857    -.0653281    .0543347
                hh_size |   .1566481   .2964408     0.53   0.597    -.4243651    .7376614
                 female |  -.0552509   .0658517    -0.84   0.401    -.1843177     .073816
                married |  -.3404266   .1945724    -1.75   0.080    -.7217814    .0409282
               child_12 |   .1054711   .1345863     0.78   0.433    -.1583132    .3692554
              voc_train |   .0287819   .0408965     0.70   0.482    -.0513737    .1089375
        migrated_fr_job |   .0203723   .0675595     0.30   0.763     -.112042    .1527865
         tot_chores_hrs |   .1608824   .0799037     2.01   0.044      .004274    .3174908
                  urban |  -.1692001   .1579239    -1.07   0.284    -.4787253    .1403251
            overtime_40 |  -.1026947   .1526813    -0.67   0.501    -.4019446    .1965552
                  _cons |   1.629705   .5572429     2.92   0.003     .5375295    2.721881
------------------------+----------------------------------------------------------------
rwg_error               |
             experience |  -.0039308   .0116201    -0.34   0.735    -.0267058    .0188442
          experience_sq |    .008126   .0117229     0.69   0.488    -.0148504    .0311025
education_Below_primary |   .0134699    .008158     1.65   0.099    -.0025196    .0294593
      education_Primary |    -.01236   .0118885    -1.04   0.298    -.0356611    .0109411
  education_Tenth_grade |   -.008344   .0096223    -0.87   0.386    -.0272034    .0105154
    education_Secondary |  -.0010398     .00411    -0.25   0.800    -.0090953    .0070157
     education_Bachelor |  -.0005776   .0033481    -0.17   0.863    -.0071399    .0059846
education_Masters_above |  -.0004244   .0022853    -0.19   0.853    -.0049036    .0040547
 caste_group_6_Janajati |  -.0000132   .0007944    -0.02   0.987    -.0015702    .0015439
 caste_group_6_Adhibasi |  -.0144974   .0144461    -1.00   0.316    -.0428111    .0138164
  caste_group_6_Madhesi |   .0015626    .004388     0.36   0.722    -.0070377     .010163
    caste_group_6_Dalit |   .0001314   .0016363     0.08   0.936    -.0030756    .0033384
   caste_group_6_Others |  -.0000502   .0015019    -0.03   0.973    -.0029939    .0028935
                hh_size |  -.0159943    .018747    -0.85   0.394    -.0527377    .0207491
                 female |    .003742   .0045518     0.82   0.411    -.0051794    .0126635
                married |  -.0026481   .0037014    -0.72   0.474    -.0099028    .0046065
               child_12 |   .0004252   .0072808     0.06   0.953     -.013845    .0146953
              voc_train |   .0029759   .0050069     0.59   0.552    -.0068374    .0127892
        migrated_fr_job |   .0112541   .0105853     1.06   0.288    -.0094927    .0320009
         tot_chores_hrs |   .0038181   .0044868     0.85   0.395    -.0049758    .0126121
                  urban |  -.0053236   .0058311    -0.91   0.361    -.0167524    .0061053
            overtime_40 |   .0470579   .0278944     1.69   0.092    -.0076142      .10173
-----------------------------------------------------------------------------------------
names not found
r(111);

end of do-file

r(111);

. do "/var/folders/14/04v4h4t52rq0_5mkppfg4bp40000gn/T//SD05543.000000"

. clear

. * Load the dataset
. use Pooled.dta, clear

. 
. * Generate the log of hourly wage
. gen ln_wage = ln(hourly_wage)

. 
. * Define the label for formal employment
. label define formal_employment 0 "Informal Employment" 1 "Formal Employment"

. 
. * Sort the data by psu, hhid, and year
. sort psu hhid year

. 
. * Create a total count of formal employment within household and year
. by psu hhid year: egen total_formal = total(formal_employment)

. gen HH_formal = total_formal - formal_employment

. 
. * Define global macros
. global exp "experience experience_sq"

. global education "education_Below_primary education_Primary education_Tenth_grade education_Secondary education_Bachelor education_Masters_above" 

. global caste "caste_group_6_Janajati caste_group_6_Adhibasi caste_group_6_Madhesi caste_group_6_Dalit caste_group_6_Others"

. 
. * Initialize an empty local macro
. local quantiles ""

. 
. * Loop through the specific quantiles and add them to the local macro
. forvalues i = 1(49)100 {
  2.     local quantiles "`quantiles' `i'"
  3. }

. 
. * Display the local macro to verify (optional)
. di "`quantiles'"
 1 50 99

. 
. * Initialize Excel sheet
. putexcel set test2.xlsx, sheet(xyz) replace

. 
. * Loop through quantiles and perform Oaxaca-RIF decomposition
. local row = 1

. foreach q of local quantiles {
  2.     * Perform Oaxaca-RIF decomposition and save results using putexcel
.     oaxaca_rif ln_wage $exp $education $caste hh_size female ///
>     married child_12 voc_train migrated_fr_job tot_chores_hrs urban overtime_40 ///
>     if year == 2008 , by(formal_employment) wgt(1) rif(q(`q')) rwlogit(HH_formal dep_ratio $exp $education $caste) swap
  3.     
.     * Save the results to the Excel sheet
.     matrix results = r(table)'
  4.     
.     * Save the quantile label
.     putexcel A`row' = ("Quantile `q'")
  5.     
.     * Save the matrix results starting from the next row
.     local next_row = `row' + 1
  6.     putexcel A`next_row' = matrix(results, names)
  7.     
.     * Update row counter for the next quantile block
.     local row = `row' + rowsof(results) + 2
  8. }
Estimating Reweighted RIF-OAXACA using RIF:q(1)
Model  : Blinder-Oaxaca RIF-decomposition
Type   : Reweighted
RIF    : q(1)
Scale  : 1
Group 1: formal_employment = 1 x1*b1             N of obs 1      = 2379
Group c: X1~>rw~>X2 or x2*b1                     N of obs C      = 2379
Group 2: formal_employment = 0 x2*b2             N of obs 2      = 4339

-----------------------------------------------------------------------------------------
                ln_wage |      Coef.   Std. Err.      z    P>|z|     [95% Conf. Interval]
------------------------+----------------------------------------------------------------
Overall                 |
                group_1 |   1.849282   .1013713    18.24   0.000     1.650598    2.047966
                group_c |   1.655726   .0764928    21.65   0.000     1.505803     1.80565
                group_2 |   1.025067   .0573041    17.89   0.000     .9127535    1.137381
            tdifference |    .824215    .116447     7.08   0.000     .5959832    1.052447
            t_explained |   .1935559   .1269933     1.52   0.127    -.0553463    .4424582
          t_unexplained |   .6306591   .0955767     6.60   0.000     .4433321     .817986
------------------------+----------------------------------------------------------------
explained               |
                  total |   .1935559   .1269933     1.52   0.127    -.0553463    .4424582
            p_explained |   .5253431   .1450467     3.62   0.000     .2410569    .8096293
             specif_err |  -.3317872   .1899212    -1.75   0.081    -.7040258    .0404515
------------------------+----------------------------------------------------------------
p_explained             |
             experience |    .073749   .0423658     1.74   0.082    -.0092866    .1567845
          experience_sq |   .0180383   .0308327     0.59   0.559    -.0423928    .0784693
education_Below_primary |   .0150407   .0501839     0.30   0.764    -.0833179    .1133994
      education_Primary |   .1891904   .0901673     2.10   0.036     .0124657    .3659151
  education_Tenth_grade |  -.0287273   .0457965    -0.63   0.530    -.1184868    .0610323
    education_Secondary |  -.0158584   .0836869    -0.19   0.850    -.1798818    .1481649
     education_Bachelor |  -.0036383   .0832365    -0.04   0.965    -.1667788    .1595022
education_Masters_above |   .0031098   .0568386     0.05   0.956    -.1082919    .1145114
 caste_group_6_Janajati |   .0073944   .0175959     0.42   0.674    -.0270928    .0418817
 caste_group_6_Adhibasi |   .1459621   .0352505     4.14   0.000     .0768723    .2150518
  caste_group_6_Madhesi |   .0050283   .0057924     0.87   0.385    -.0063247    .0163813
    caste_group_6_Dalit |   .0096503   .0496608     0.19   0.846    -.0876832    .1069837
   caste_group_6_Others |   .0247423   .0362104     0.68   0.494    -.0462289    .0957135
                hh_size |    .006136   .0077686     0.79   0.430    -.0090901    .0213621
                 female |   .0016874   .0035767     0.47   0.637    -.0053229    .0086976
                married |  -.0080836   .0403453    -0.20   0.841    -.0871588    .0709917
               child_12 |   .0158642   .0257143     0.62   0.537    -.0345348    .0662633
              voc_train |   .0224995   .0196078     1.15   0.251    -.0159311    .0609301
        migrated_fr_job |   .0103312   .0102847     1.00   0.315    -.0098265    .0304889
         tot_chores_hrs |  -.0007918   .0046463    -0.17   0.865    -.0098983    .0083147
                  urban |   .0058722   .0184676     0.32   0.751    -.0303236    .0420679
            overtime_40 |   .0281466   .0253848     1.11   0.268    -.0216067    .0778998
------------------------+----------------------------------------------------------------
specif_err              |
             experience |   1.487974    .742129     2.01   0.045     .0334284     2.94252
          experience_sq |  -.7069589   .4245989    -1.67   0.096    -1.539157    .1252396
education_Below_primary |   .0756631   .1091322     0.69   0.488     -.138232    .2895582
      education_Primary |  -.0919865   .1900201    -0.48   0.628    -.4644191     .280446
  education_Tenth_grade |    .100643   .1216634     0.83   0.408    -.1378128    .3390988
    education_Secondary |   .0372746   .0583723     0.64   0.523     -.077133    .1516822
     education_Bachelor |   .0293855   .0417815     0.70   0.482    -.0525047    .1112758
education_Masters_above |   .0136075    .019011     0.72   0.474    -.0236534    .0508684
 caste_group_6_Janajati |  -.0620969   .1180293    -0.53   0.599    -.2934301    .1692363
 caste_group_6_Adhibasi |   -.070933   .0576317    -1.23   0.218    -.1838891    .0420231
  caste_group_6_Madhesi |  -.0293565   .0483685    -0.61   0.544    -.1241571    .0654441
    caste_group_6_Dalit |   -.010692   .0756218    -0.14   0.888     -.158908    .1375241
   caste_group_6_Others |  -.0345583   .0578888    -0.60   0.551    -.1480182    .0789016
                hh_size |  -.4606625   .3724613    -1.24   0.216    -1.190673    .2693482
                 female |   .1313812    .083584     1.57   0.116    -.0324404    .2952029
                married |   .1418264   .2922645     0.49   0.627    -.4310014    .7146542
               child_12 |  -.0825914   .1760876    -0.47   0.639    -.4277168    .2625339
              voc_train |   .0258989   .0552989     0.47   0.640    -.0824849    .1342827
        migrated_fr_job |   .0164357   .1037546     0.16   0.874    -.1869197     .219791
         tot_chores_hrs |  -.1172243   .1073231    -1.09   0.275    -.3275737    .0931251
                  urban |  -.0623977   .2044736    -0.31   0.760    -.4631587    .3383633
            overtime_40 |   .0221054    .146823     0.15   0.880    -.2656625    .3098732
                  _cons |  -.6845249   .8938689    -0.77   0.444    -2.436476    1.067426
------------------------+----------------------------------------------------------------
unexplained             |
                  total |   .6306591   .0955767     6.60   0.000     .4433321     .817986
              rwg_error |   .0273598   .0371283     0.74   0.461    -.0454104      .10013
          p_unexplained |   .6032993   .1004994     6.00   0.000     .4063241    .8002745
------------------------+----------------------------------------------------------------
p_unexplained           |
             experience |  -.0104342   .5604759    -0.02   0.985    -1.108947    1.088078
          experience_sq |  -.1979259   .2896397    -0.68   0.494    -.7656094    .3697575
education_Below_primary |  -.1081101   .0565762    -1.91   0.056    -.2189975    .0027772
      education_Primary |  -.2912985   .0863848    -3.37   0.001    -.4606097   -.1219874
  education_Tenth_grade |  -.1365435   .0630009    -2.17   0.030    -.2600229   -.0130641
    education_Secondary |  -.0586884   .0367326    -1.60   0.110     -.130683    .0133061
     education_Bachelor |  -.0307385    .028389    -1.08   0.279    -.0863799    .0249029
education_Masters_above |  -.0161393   .0151101    -1.07   0.285    -.0457546    .0134761
 caste_group_6_Janajati |   .0999056   .0965735     1.03   0.301    -.0893751    .2891862
 caste_group_6_Adhibasi |   -.160317   .0335848    -4.77   0.000    -.2261421    -.094492
  caste_group_6_Madhesi |   .0378229   .0426119     0.89   0.375     -.045695    .1213408
    caste_group_6_Dalit |   .0469741   .0423357     1.11   0.267    -.0360023    .1299504
   caste_group_6_Others |  -.0054967   .0305268    -0.18   0.857    -.0653281    .0543347
                hh_size |   .1566481   .2964408     0.53   0.597    -.4243651    .7376614
                 female |  -.0552509   .0658517    -0.84   0.401    -.1843177     .073816
                married |  -.3404266   .1945724    -1.75   0.080    -.7217814    .0409282
               child_12 |   .1054711   .1345863     0.78   0.433    -.1583132    .3692554
              voc_train |   .0287819   .0408965     0.70   0.482    -.0513737    .1089375
        migrated_fr_job |   .0203723   .0675595     0.30   0.763     -.112042    .1527865
         tot_chores_hrs |   .1608824   .0799037     2.01   0.044      .004274    .3174908
                  urban |  -.1692001   .1579239    -1.07   0.284    -.4787253    .1403251
            overtime_40 |  -.1026947   .1526813    -0.67   0.501    -.4019446    .1965552
                  _cons |   1.629705   .5572429     2.92   0.003     .5375295    2.721881
------------------------+----------------------------------------------------------------
rwg_error               |
             experience |  -.0039308   .0116201    -0.34   0.735    -.0267058    .0188442
          experience_sq |    .008126   .0117229     0.69   0.488    -.0148504    .0311025
education_Below_primary |   .0134699    .008158     1.65   0.099    -.0025196    .0294593
      education_Primary |    -.01236   .0118885    -1.04   0.298    -.0356611    .0109411
  education_Tenth_grade |   -.008344   .0096223    -0.87   0.386    -.0272034    .0105154
    education_Secondary |  -.0010398     .00411    -0.25   0.800    -.0090953    .0070157
     education_Bachelor |  -.0005776   .0033481    -0.17   0.863    -.0071399    .0059846
education_Masters_above |  -.0004244   .0022853    -0.19   0.853    -.0049036    .0040547
 caste_group_6_Janajati |  -.0000132   .0007944    -0.02   0.987    -.0015702    .0015439
 caste_group_6_Adhibasi |  -.0144974   .0144461    -1.00   0.316    -.0428111    .0138164
  caste_group_6_Madhesi |   .0015626    .004388     0.36   0.722    -.0070377     .010163
    caste_group_6_Dalit |   .0001314   .0016363     0.08   0.936    -.0030756    .0033384
   caste_group_6_Others |  -.0000502   .0015019    -0.03   0.973    -.0029939    .0028935
                hh_size |  -.0159943    .018747    -0.85   0.394    -.0527377    .0207491
                 female |    .003742   .0045518     0.82   0.411    -.0051794    .0126635
                married |  -.0026481   .0037014    -0.72   0.474    -.0099028    .0046065
               child_12 |   .0004252   .0072808     0.06   0.953     -.013845    .0146953
              voc_train |   .0029759   .0050069     0.59   0.552    -.0068374    .0127892
        migrated_fr_job |   .0112541   .0105853     1.06   0.288    -.0094927    .0320009
         tot_chores_hrs |   .0038181   .0044868     0.85   0.395    -.0049758    .0126121
                  urban |  -.0053236   .0058311    -0.91   0.361    -.0167524    .0061053
            overtime_40 |   .0470579   .0278944     1.69   0.092    -.0076142      .10173
-----------------------------------------------------------------------------------------
file test2.xlsx saved
file test2.xlsx saved
Estimating Reweighted RIF-OAXACA using RIF:q(50)
Model  : Blinder-Oaxaca RIF-decomposition
Type   : Reweighted
RIF    : q(50)
Scale  : 1
Group 1: formal_employment = 1 x1*b1             N of obs 1      = 2379
Group c: X1~>rw~>X2 or x2*b1                     N of obs C      = 2379
Group 2: formal_employment = 0 x2*b2             N of obs 2      = 4339

-----------------------------------------------------------------------------------------
                ln_wage |      Coef.   Std. Err.      z    P>|z|     [95% Conf. Interval]
------------------------+----------------------------------------------------------------
Overall                 |
                group_1 |   3.751492   .0138971   269.95   0.000     3.724254     3.77873
                group_c |    3.27065   .0178437   183.29   0.000     3.235677    3.305623
                group_2 |   2.943632   .0111356   264.34   0.000     2.921807    2.965458
            tdifference |   .8078595   .0178082    45.36   0.000     .7729561    .8427629
            t_explained |   .4808423   .0226169    21.26   0.000     .4365139    .5251707
          t_unexplained |   .3270171   .0210332    15.55   0.000     .2857927    .3682416
------------------------+----------------------------------------------------------------
explained               |
                  total |   .4808423   .0226169    21.26   0.000     .4365139    .5251707
            p_explained |   .3912942   .0193789    20.19   0.000     .3533122    .4292761
             specif_err |   .0895481   .0250922     3.57   0.000     .0403684    .1387279
------------------------+----------------------------------------------------------------
p_explained             |
             experience |   .0242411   .0111211     2.18   0.029     .0024442     .046038
          experience_sq |   .0033237   .0055796     0.60   0.551     -.007612    .0142595
education_Below_primary |  -.0023617   .0057243    -0.41   0.680    -.0135811    .0088576
      education_Primary |   -.023752   .0103114    -2.30   0.021    -.0439619   -.0035421
  education_Tenth_grade |    .036038   .0077773     4.63   0.000     .0207948    .0512811
    education_Secondary |   .0846044   .0115097     7.35   0.000     .0620458    .1071631
     education_Bachelor |   .1136377   .0125226     9.07   0.000     .0890938    .1381816
education_Masters_above |   .0883255   .0098695     8.95   0.000     .0689817    .1076693
 caste_group_6_Janajati |  -.0005502   .0020024    -0.27   0.783    -.0044749    .0033745
 caste_group_6_Adhibasi |   .0041972   .0033957     1.24   0.216    -.0024582    .0108526
  caste_group_6_Madhesi |   .0011103   .0009099     1.22   0.222    -.0006732    .0028937
    caste_group_6_Dalit |   .0110044   .0057506     1.91   0.056    -.0002665    .0222753
   caste_group_6_Others |   .0024416   .0041246     0.59   0.554    -.0056424    .0105256
                hh_size |  -.0010532   .0010029    -1.05   0.294    -.0030188    .0009124
                 female |  -.0013106   .0022252    -0.59   0.556     -.005672    .0030508
                married |  -.0016517   .0046014    -0.36   0.720    -.0106702    .0073669
               child_12 |   .0059342   .0030717     1.93   0.053    -.0000862    .0119546
              voc_train |   .0059786   .0023699     2.52   0.012     .0013337    .0106236
        migrated_fr_job |   .0040672    .001767     2.30   0.021     .0006039    .0075305
         tot_chores_hrs |   .0005313   .0006613     0.80   0.422    -.0007647    .0018274
                  urban |   .0027476   .0021561     1.27   0.203    -.0014784    .0069735
            overtime_40 |   .0337906   .0049735     6.79   0.000     .0240428    .0435385
------------------------+----------------------------------------------------------------
specif_err              |
             experience |  -.2344452   .1076294    -2.18   0.029    -.4453949   -.0234955
          experience_sq |   .1412275   .0592777     2.38   0.017     .0250453    .2574098
education_Below_primary |  -.0399872   .0140295    -2.85   0.004    -.0674846   -.0124899
      education_Primary |  -.0746978    .024433    -3.06   0.002    -.1225856     -.02681
  education_Tenth_grade |   .0011269   .0160886     0.07   0.944    -.0304063      .03266
    education_Secondary |  -.0083643   .0080824    -1.03   0.301    -.0242055    .0074769
     education_Bachelor |  -.0062772   .0059515    -1.05   0.292     -.017942    .0053876
education_Masters_above |   .0011565   .0028799     0.40   0.688    -.0044881     .006801
 caste_group_6_Janajati |   .0146108   .0179125     0.82   0.415    -.0204971    .0497188
 caste_group_6_Adhibasi |   .0279192   .0080729     3.46   0.001     .0120965    .0437418
  caste_group_6_Madhesi |   .0177812   .0072642     2.45   0.014     .0035437    .0320187
    caste_group_6_Dalit |   .0103631   .0099696     1.04   0.299     -.009177    .0299032
   caste_group_6_Others |   .0067895   .0077315     0.88   0.380     -.008364     .021943
                hh_size |   .0836001   .0554221     1.51   0.131    -.0250253    .1922255
                 female |  -.0146185   .0123421    -1.18   0.236    -.0388086    .0095716
                married |  -.0895704   .0411697    -2.18   0.030    -.1702615   -.0088792
               child_12 |   .0159419   .0255958     0.62   0.533    -.0342249    .0661088
              voc_train |  -.0140719   .0084803    -1.66   0.097     -.030693    .0025491
        migrated_fr_job |    -.04188   .0155012    -2.70   0.007    -.0722618   -.0114981
         tot_chores_hrs |   .0240148   .0160213     1.50   0.134    -.0073863    .0554159
                  urban |  -.0921652    .029667    -3.11   0.002    -.1503115   -.0340188
            overtime_40 |   .1327526   .0218464     6.08   0.000     .0899344    .1755708
                  _cons |   .2283417   .1221668     1.87   0.062    -.0111007    .4677842
------------------------+----------------------------------------------------------------
unexplained             |
                  total |   .3270171   .0210332    15.55   0.000     .2857927    .3682416
              rwg_error |   .1102881   .0141163     7.81   0.000     .0826207    .1379555
          p_unexplained |    .216729   .0190546    11.37   0.000     .1793828    .2540753
------------------------+----------------------------------------------------------------
p_unexplained           |
             experience |   .4103548   .1047481     3.92   0.000     .2050524    .6156573
          experience_sq |  -.1851047     .05425    -3.41   0.001    -.2914327   -.0787767
education_Below_primary |   .0212718   .0105848     2.01   0.044     .0005261    .0420176
      education_Primary |   .0653119    .016166     4.04   0.000     .0336271    .0969968
  education_Tenth_grade |   .0280994    .011787     2.38   0.017     .0049973    .0512015
    education_Secondary |   .0106488   .0068577     1.55   0.120    -.0027921    .0240896
     education_Bachelor |   .0115216   .0053437     2.16   0.031     .0010482     .021995
education_Masters_above |   .0043399   .0028427     1.53   0.127    -.0012316    .0099114
 caste_group_6_Janajati |  -.0477037   .0180626    -2.64   0.008    -.0831057   -.0123017
 caste_group_6_Adhibasi |  -.0238227   .0062076    -3.84   0.000    -.0359895    -.011656
  caste_group_6_Madhesi |  -.0197247   .0080056    -2.46   0.014    -.0354155   -.0040339
    caste_group_6_Dalit |   -.027417   .0079911    -3.43   0.001    -.0430793   -.0117548
   caste_group_6_Others |  -.0079307   .0057252    -1.39   0.166     -.019152    .0032905
                hh_size |    .079359   .0557016     1.42   0.154    -.0298142    .1885322
                 female |   .0292339   .0123478     2.37   0.018     .0050326    .0534351
                married |   .0085833   .0363455     0.24   0.813    -.0626526    .0798192
               child_12 |  -.0732568   .0252433    -2.90   0.004    -.1227328   -.0237808
              voc_train |   .0118852   .0076335     1.56   0.119    -.0030761    .0268465
        migrated_fr_job |   .0251251   .0126477     1.99   0.047      .000336    .0499141
         tot_chores_hrs |   .0173913   .0149416     1.16   0.244    -.0118937    .0466762
                  urban |   .0865022   .0294875     2.93   0.003     .0287077    .1442968
            overtime_40 |  -.2052525   .0285049    -7.20   0.000    -.2611211    -.149384
                  _cons |  -.0026862   .1039851    -0.03   0.979    -.2064932    .2011208
------------------------+----------------------------------------------------------------
rwg_error               |
             experience |  -.0202298   .0145934    -1.39   0.166    -.0488324    .0083728
          experience_sq |   .0139731   .0102767     1.36   0.174    -.0061688     .034115
education_Below_primary |  -.0056845    .002856    -1.99   0.047    -.0112822   -.0000869
      education_Primary |   .0053197   .0049731     1.07   0.285    -.0044274    .0150668
  education_Tenth_grade |   .0042024   .0046921     0.90   0.370     -.004994    .0133989
    education_Secondary |   .0013152   .0051332     0.26   0.798    -.0087456     .011376
     education_Bachelor |   .0010061   .0057842     0.17   0.862    -.0103307     .012343
education_Masters_above |   .0006995    .003707     0.19   0.850     -.006566    .0079651
 caste_group_6_Janajati |   6.40e-06    .000386     0.02   0.987    -.0007501    .0007629
 caste_group_6_Adhibasi |  -.0028613   .0028491    -1.00   0.315    -.0084455     .002723
  caste_group_6_Madhesi |   .0038441   .0021937     1.75   0.080    -.0004555    .0081438
    caste_group_6_Dalit |   .0012878    .001904     0.68   0.499     -.002444    .0050195
   caste_group_6_Others |   -.000594   .0009644    -0.62   0.538    -.0024841    .0012961
                hh_size |     .00311   .0035977     0.86   0.387    -.0039415    .0101614
                 female |   .0011923   .0013175     0.90   0.365      -.00139    .0037745
                married |   .0011001   .0013141     0.84   0.402    -.0014754    .0036756
               child_12 |   .0034726   .0019327     1.80   0.072    -.0003155    .0072606
              voc_train |   .0035757   .0017349     2.06   0.039     .0001754    .0069761
        migrated_fr_job |   .0121562   .0032889     3.70   0.000     .0057101    .0186023
         tot_chores_hrs |  -.0005328   .0007064    -0.75   0.451    -.0019174    .0008518
                  urban |  -.0053948   .0023002    -2.35   0.019    -.0099032   -.0008864
            overtime_40 |   .0893241   .0083123    10.75   0.000     .0730322     .105616
-----------------------------------------------------------------------------------------
file test2.xlsx saved
file test2.xlsx saved
Estimating Reweighted RIF-OAXACA using RIF:q(99)
Model  : Blinder-Oaxaca RIF-decomposition
Type   : Reweighted
RIF    : q(99)
Scale  : 1
Group 1: formal_employment = 1 x1*b1             N of obs 1      = 2379
Group c: X1~>rw~>X2 or x2*b1                     N of obs C      = 2379
Group 2: formal_employment = 0 x2*b2             N of obs 2      = 4339

-----------------------------------------------------------------------------------------
                ln_wage |      Coef.   Std. Err.      z    P>|z|     [95% Conf. Interval]
------------------------+----------------------------------------------------------------
Overall                 |
                group_1 |   5.710972   .1676648    34.06   0.000     5.382355    6.039589
                group_c |   5.251636    .191071    27.49   0.000     4.877143    5.626128
                group_2 |   4.949139   .0690196    71.71   0.000     4.813863    5.084415
            tdifference |    .761833   .1813152     4.20   0.000     .4064618    1.117204
            t_explained |    .459336   .2542038     1.81   0.071    -.0388944    .9575663
          t_unexplained |    .302497   .2031547     1.49   0.136    -.0956788    .7006728
------------------------+----------------------------------------------------------------
explained               |
                  total |    .459336   .2542038     1.81   0.071    -.0388944    .9575663
            p_explained |   .3078769   .2387857     1.29   0.197    -.1601346    .7758883
             specif_err |   .1514591   .3452398     0.44   0.661    -.5251984    .8281166
------------------------+----------------------------------------------------------------
p_explained             |
             experience |   .0108578   .0454939     0.24   0.811    -.0783087    .1000243
          experience_sq |   .0077163   .0177564     0.43   0.664    -.0270856    .0425183
education_Below_primary |   .1023106   .0843487     1.21   0.225    -.0630097    .2676309
      education_Primary |   .2018792    .148746     1.36   0.175    -.0896576     .493416
  education_Tenth_grade |  -.0904436   .0772058    -1.17   0.241    -.2417642     .060877
    education_Secondary |  -.1294201   .1396054    -0.93   0.354    -.4030416    .1442014
     education_Bachelor |  -.0903287   .1386737    -0.65   0.515    -.3621242    .1814668
education_Masters_above |   .0781252   .0948188     0.82   0.410    -.1077162    .2639666
 caste_group_6_Janajati |  -.0208942   .0294501    -0.71   0.478    -.0786154     .036827
 caste_group_6_Adhibasi |    .026396   .0490183     0.54   0.590    -.0696781      .12247
  caste_group_6_Madhesi |   .0051231   .0085992     0.60   0.551    -.0117311    .0219773
    caste_group_6_Dalit |   .0167858   .0826468     0.20   0.839    -.1451991    .1787706
   caste_group_6_Others |  -.0525002   .0603868    -0.87   0.385    -.1708561    .0658557
                hh_size |   .0040822   .0116555     0.35   0.726    -.0187621    .0269265
                 female |  -.0054954   .0099482    -0.55   0.581    -.0249936    .0140028
                married |    .111104   .0680224     1.63   0.102    -.0222176    .2444255
               child_12 |   .0396107   .0430614     0.92   0.358    -.0447881    .1240095
              voc_train |   -.005916   .0321831    -0.18   0.854    -.0689937    .0571616
        migrated_fr_job |    .018336   .0172521     1.06   0.288    -.0154775    .0521495
         tot_chores_hrs |   .0000925   .0076682     0.01   0.990    -.0149369    .0151219
                  urban |   .0229843   .0309478     0.74   0.458    -.0376722    .0836408
            overtime_40 |   .0574715   .0424347     1.35   0.176     -.025699     .140642
------------------------+----------------------------------------------------------------
specif_err              |
             experience |   .1526927   1.466564     0.10   0.917     -2.72172    3.027106
          experience_sq |   .2766096   .8143095     0.34   0.734    -1.319408    1.872627
education_Below_primary |   .1773544   .1962085     0.90   0.366    -.2072072    .5619159
      education_Primary |   .5112284    .342834     1.49   0.136    -.1607139    1.183171
  education_Tenth_grade |   .3325548    .224985     1.48   0.139    -.1084076    .7735172
    education_Secondary |    .113508   .1114849     1.02   0.309    -.1049983    .3320143
     education_Bachelor |  -.0050353   .0811952    -0.06   0.951    -.1641751    .1541044
education_Masters_above |  -.0367387   .0391263    -0.94   0.348    -.1134249    .0399475
 caste_group_6_Janajati |  -.5064148   .2419941    -2.09   0.036    -.9807145   -.0321151
 caste_group_6_Adhibasi |  -.0264018   .1087659    -0.24   0.808     -.239579    .1867755
  caste_group_6_Madhesi |  -.0538115   .0974518    -0.55   0.581    -.2448135    .1371905
    caste_group_6_Dalit |  -.0053399   .1390711    -0.04   0.969    -.2779142    .2672344
   caste_group_6_Others |   .0468992   .1074851     0.44   0.663    -.1637677    .2575661
                hh_size |  -.1174798   .7509922    -0.16   0.876    -1.589398    1.354438
                 female |  -.0076574   .1673454    -0.05   0.964    -.3356484    .3203335
                married |  -.1575149   .5650849    -0.28   0.780    -1.265061    .9500313
               child_12 |   .3043802   .3487919     0.87   0.383    -.3792395    .9879998
              voc_train |  -.0332369   .1139141    -0.29   0.770    -.2565045    .1900307
        migrated_fr_job |   -.335498   .2096187    -1.60   0.109    -.7463431     .075347
         tot_chores_hrs |    .131169   .2168086     0.60   0.545    -.2937681     .556106
                  urban |  -.0892794     .40411    -0.22   0.825    -.8813204    .7027616
            overtime_40 |    .764209   .2949626     2.59   0.010      .186093    1.342325
                  _cons |  -1.284738   1.690193    -0.76   0.447    -4.597455     2.02798
------------------------+----------------------------------------------------------------
unexplained             |
                  total |    .302497   .2031547     1.49   0.136    -.0956788    .7006728
              rwg_error |   .4472109    .096651     4.63   0.000     .2577783    .6366434
          p_unexplained |  -.1447139   .2158333    -0.67   0.503    -.5677394    .2783117
------------------------+----------------------------------------------------------------
p_unexplained           |
             experience |  -.7680298   1.171216    -0.66   0.512    -3.063571    1.527512
          experience_sq |  -.3923566   .6097597    -0.64   0.520    -1.587464    .8027505
education_Below_primary |  -.4242188   .1203067    -3.53   0.000    -.6600156    -.188422
      education_Primary |  -.9201908   .1822271    -5.05   0.000    -1.277349   -.5630323
  education_Tenth_grade |  -.6014731   .1342066    -4.48   0.000    -.8645131   -.3384331
    education_Secondary |   -.268665   .0778008    -3.45   0.001    -.4211518   -.1161783
     education_Bachelor |  -.1321794   .0600805    -2.20   0.028     -.249935   -.0144238
education_Masters_above |   -.008653   .0315191    -0.27   0.784    -.0704294    .0531234
 caste_group_6_Janajati |   .4514235   .2027847     2.23   0.026     .0539727    .8488742
 caste_group_6_Adhibasi |   -.036973   .0684848    -0.54   0.589    -.1712006    .0972547
  caste_group_6_Madhesi |  -.0291121   .0900658    -0.32   0.747    -.2056378    .1474137
    caste_group_6_Dalit |  -.0413865   .0892361    -0.46   0.643    -.2162859     .133513
   caste_group_6_Others |   .0269603   .0645041     0.42   0.676    -.0994655    .1533861
                hh_size |   .1021822   .6473093     0.16   0.875    -1.166521    1.370885
                 female |  -.1360951   .1399236    -0.97   0.331    -.4103403    .1381501
                married |   .8320884   .4082349     2.04   0.042     .0319627    1.632214
               child_12 |  -.5819415   .2885358    -2.02   0.044    -1.147461   -.0164217
              voc_train |   .0025805   .0844272     0.03   0.976    -.1628939    .1680548
        migrated_fr_job |   .3713226   .1430112     2.60   0.009     .0910257    .6516194
         tot_chores_hrs |  -.0576587   .1694276    -0.34   0.734    -.3897307    .2744133
                  urban |   .2518324   .3291386     0.77   0.444    -.3932675    .8969323
            overtime_40 |   -1.07546   .3136085    -3.43   0.001    -1.690121   -.4607984
                  _cons |   3.291289   1.159266     2.84   0.005      1.01917    5.563409
------------------------+----------------------------------------------------------------
rwg_error               |
             experience |   -.002316   .0280059    -0.08   0.934    -.0572065    .0525745
          experience_sq |    .030084   .0332415     0.91   0.365    -.0350681    .0952362
education_Below_primary |   .0487854   .0262798     1.86   0.063    -.0027221    .1002928
      education_Primary |   -.039812   .0377503    -1.05   0.292    -.1138012    .0341772
  education_Tenth_grade |  -.0270418   .0307075    -0.88   0.379    -.0872275    .0331439
    education_Secondary |  -.0042495   .0166603    -0.26   0.799     -.036903     .028404
     education_Bachelor |  -.0006124   .0036771    -0.17   0.868    -.0078194    .0065946
education_Masters_above |   .0018687   .0099516     0.19   0.851    -.0176362    .0213735
 caste_group_6_Janajati |  -.0003326   .0200672    -0.02   0.987    -.0396636    .0389983
 caste_group_6_Adhibasi |  -.0015142    .005898    -0.26   0.797     -.013074    .0100456
  caste_group_6_Madhesi |  -.0018547   .0107292    -0.17   0.863    -.0228836    .0191741
    caste_group_6_Dalit |   .0008974    .004236     0.21   0.832     -.007405    .0091999
   caste_group_6_Others |   .0016328   .0044977     0.36   0.717    -.0071825    .0104481
                hh_size |   .0045681   .0460462     0.10   0.921    -.0856808    .0948169
                 female |   .0075141   .0097751     0.77   0.442    -.0116448     .026673
                married |   .0115913   .0141908     0.82   0.414    -.0162222    .0394048
               child_12 |    .037185    .023029     1.61   0.106    -.0079511     .082321
              voc_train |   .0027299   .0120919     0.23   0.821    -.0209697    .0264295
        migrated_fr_job |   .0782427    .030636     2.55   0.011     .0181971    .1382882
         tot_chores_hrs |  -.0048085    .007752    -0.62   0.535    -.0200022    .0103851
                  urban |  -.0136913   .0145224    -0.94   0.346    -.0421547    .0147722
            overtime_40 |   .3183447    .072332     4.40   0.000     .1765765    .4601128
-----------------------------------------------------------------------------------------
file test2.xlsx saved
file test2.xlsx saved

. 
end of do-file

. do "/var/folders/14/04v4h4t52rq0_5mkppfg4bp40000gn/T//SD05543.000000"

. clear

. * Load the dataset
. use Pooled.dta, clear

. 
. * Generate the log of hourly wage
. gen ln_wage = ln(hourly_wage)

. 
. * Define the label for formal employment
. label define formal_employment 0 "Informal Employment" 1 "Formal Employment"

. 
. * Sort the data by psu, hhid, and year
. sort psu hhid year

. 
. * Create a total count of formal employment within household and year
. by psu hhid year: egen total_formal = total(formal_employment)

. gen HH_formal = total_formal - formal_employment

. 
. * Define global macros
. global exp "experience experience_sq"

. global education "education_Below_primary education_Primary education_Tenth_grade education_Secondary education_Bachelor education_Masters_above" 

. global caste "caste_group_6_Janajati caste_group_6_Adhibasi caste_group_6_Madhesi caste_group_6_Dalit caste_group_6_Others"

. 
. * Initialize an empty local macro
. local quantiles ""

. 
. * Loop through the specific quantiles and add them to the local macro
. forvalues i = 1(49)100 {
  2.     local quantiles "`quantiles' `i'"
  3. }

. 
. * Display the local macro to verify (optional)
. di "`quantiles'"
 1 50 99

. 
. * Initialize Excel sheet
. putexcel set test2.xlsx, sheet(xyz) replace

. 
. * Loop through quantiles and perform Oaxaca-RIF decomposition
. local row = 1

. foreach q of local quantiles {
  2.     * Perform Oaxaca-RIF decomposition and save results using putexcel
.     oaxaca_rif ln_wage $exp $education $caste hh_size female ///
>     married child_12 voc_train migrated_fr_job tot_chores_hrs urban overtime_40 ///
>     if year == 2008 , by(formal_employment) wgt(1) rif(q(`q')) rwlogit(HH_formal dep_ratio $exp $education $caste) swap
  3.     
.     * Save the results to the Excel sheet
.     matrix results = r(table)'
  4.     
.     * Save the quantile label
.     putexcel A`column' = ("Quantile `q'")
  5.     
.     * Save the matrix results starting from the next row
.     local next_column = `column' + 1
  6.     putexcel A`next_column' = matrix(results, names)
  7.     
.     * Update row counter for the next quantile block
.     local column = `column' + rowsof(results) + 2
  8. }
Estimating Reweighted RIF-OAXACA using RIF:q(1)
Model  : Blinder-Oaxaca RIF-decomposition
Type   : Reweighted
RIF    : q(1)
Scale  : 1
Group 1: formal_employment = 1 x1*b1             N of obs 1      = 2379
Group c: X1~>rw~>X2 or x2*b1                     N of obs C      = 2379
Group 2: formal_employment = 0 x2*b2             N of obs 2      = 4339

-----------------------------------------------------------------------------------------
                ln_wage |      Coef.   Std. Err.      z    P>|z|     [95% Conf. Interval]
------------------------+----------------------------------------------------------------
Overall                 |
                group_1 |   1.849282   .1013713    18.24   0.000     1.650598    2.047966
                group_c |   1.655726   .0764928    21.65   0.000     1.505803     1.80565
                group_2 |   1.025067   .0573041    17.89   0.000     .9127535    1.137381
            tdifference |    .824215    .116447     7.08   0.000     .5959832    1.052447
            t_explained |   .1935559   .1269933     1.52   0.127    -.0553463    .4424582
          t_unexplained |   .6306591   .0955767     6.60   0.000     .4433321     .817986
------------------------+----------------------------------------------------------------
explained               |
                  total |   .1935559   .1269933     1.52   0.127    -.0553463    .4424582
            p_explained |   .5253431   .1450467     3.62   0.000     .2410569    .8096293
             specif_err |  -.3317872   .1899212    -1.75   0.081    -.7040258    .0404515
------------------------+----------------------------------------------------------------
p_explained             |
             experience |    .073749   .0423658     1.74   0.082    -.0092866    .1567845
          experience_sq |   .0180383   .0308327     0.59   0.559    -.0423928    .0784693
education_Below_primary |   .0150407   .0501839     0.30   0.764    -.0833179    .1133994
      education_Primary |   .1891904   .0901673     2.10   0.036     .0124657    .3659151
  education_Tenth_grade |  -.0287273   .0457965    -0.63   0.530    -.1184868    .0610323
    education_Secondary |  -.0158584   .0836869    -0.19   0.850    -.1798818    .1481649
     education_Bachelor |  -.0036383   .0832365    -0.04   0.965    -.1667788    .1595022
education_Masters_above |   .0031098   .0568386     0.05   0.956    -.1082919    .1145114
 caste_group_6_Janajati |   .0073944   .0175959     0.42   0.674    -.0270928    .0418817
 caste_group_6_Adhibasi |   .1459621   .0352505     4.14   0.000     .0768723    .2150518
  caste_group_6_Madhesi |   .0050283   .0057924     0.87   0.385    -.0063247    .0163813
    caste_group_6_Dalit |   .0096503   .0496608     0.19   0.846    -.0876832    .1069837
   caste_group_6_Others |   .0247423   .0362104     0.68   0.494    -.0462289    .0957135
                hh_size |    .006136   .0077686     0.79   0.430    -.0090901    .0213621
                 female |   .0016874   .0035767     0.47   0.637    -.0053229    .0086976
                married |  -.0080836   .0403453    -0.20   0.841    -.0871588    .0709917
               child_12 |   .0158642   .0257143     0.62   0.537    -.0345348    .0662633
              voc_train |   .0224995   .0196078     1.15   0.251    -.0159311    .0609301
        migrated_fr_job |   .0103312   .0102847     1.00   0.315    -.0098265    .0304889
         tot_chores_hrs |  -.0007918   .0046463    -0.17   0.865    -.0098983    .0083147
                  urban |   .0058722   .0184676     0.32   0.751    -.0303236    .0420679
            overtime_40 |   .0281466   .0253848     1.11   0.268    -.0216067    .0778998
------------------------+----------------------------------------------------------------
specif_err              |
             experience |   1.487974    .742129     2.01   0.045     .0334284     2.94252
          experience_sq |  -.7069589   .4245989    -1.67   0.096    -1.539157    .1252396
education_Below_primary |   .0756631   .1091322     0.69   0.488     -.138232    .2895582
      education_Primary |  -.0919865   .1900201    -0.48   0.628    -.4644191     .280446
  education_Tenth_grade |    .100643   .1216634     0.83   0.408    -.1378128    .3390988
    education_Secondary |   .0372746   .0583723     0.64   0.523     -.077133    .1516822
     education_Bachelor |   .0293855   .0417815     0.70   0.482    -.0525047    .1112758
education_Masters_above |   .0136075    .019011     0.72   0.474    -.0236534    .0508684
 caste_group_6_Janajati |  -.0620969   .1180293    -0.53   0.599    -.2934301    .1692363
 caste_group_6_Adhibasi |   -.070933   .0576317    -1.23   0.218    -.1838891    .0420231
  caste_group_6_Madhesi |  -.0293565   .0483685    -0.61   0.544    -.1241571    .0654441
    caste_group_6_Dalit |   -.010692   .0756218    -0.14   0.888     -.158908    .1375241
   caste_group_6_Others |  -.0345583   .0578888    -0.60   0.551    -.1480182    .0789016
                hh_size |  -.4606625   .3724613    -1.24   0.216    -1.190673    .2693482
                 female |   .1313812    .083584     1.57   0.116    -.0324404    .2952029
                married |   .1418264   .2922645     0.49   0.627    -.4310014    .7146542
               child_12 |  -.0825914   .1760876    -0.47   0.639    -.4277168    .2625339
              voc_train |   .0258989   .0552989     0.47   0.640    -.0824849    .1342827
        migrated_fr_job |   .0164357   .1037546     0.16   0.874    -.1869197     .219791
         tot_chores_hrs |  -.1172243   .1073231    -1.09   0.275    -.3275737    .0931251
                  urban |  -.0623977   .2044736    -0.31   0.760    -.4631587    .3383633
            overtime_40 |   .0221054    .146823     0.15   0.880    -.2656625    .3098732
                  _cons |  -.6845249   .8938689    -0.77   0.444    -2.436476    1.067426
------------------------+----------------------------------------------------------------
unexplained             |
                  total |   .6306591   .0955767     6.60   0.000     .4433321     .817986
              rwg_error |   .0273598   .0371283     0.74   0.461    -.0454104      .10013
          p_unexplained |   .6032993   .1004994     6.00   0.000     .4063241    .8002745
------------------------+----------------------------------------------------------------
p_unexplained           |
             experience |  -.0104342   .5604759    -0.02   0.985    -1.108947    1.088078
          experience_sq |  -.1979259   .2896397    -0.68   0.494    -.7656094    .3697575
education_Below_primary |  -.1081101   .0565762    -1.91   0.056    -.2189975    .0027772
      education_Primary |  -.2912985   .0863848    -3.37   0.001    -.4606097   -.1219874
  education_Tenth_grade |  -.1365435   .0630009    -2.17   0.030    -.2600229   -.0130641
    education_Secondary |  -.0586884   .0367326    -1.60   0.110     -.130683    .0133061
     education_Bachelor |  -.0307385    .028389    -1.08   0.279    -.0863799    .0249029
education_Masters_above |  -.0161393   .0151101    -1.07   0.285    -.0457546    .0134761
 caste_group_6_Janajati |   .0999056   .0965735     1.03   0.301    -.0893751    .2891862
 caste_group_6_Adhibasi |   -.160317   .0335848    -4.77   0.000    -.2261421    -.094492
  caste_group_6_Madhesi |   .0378229   .0426119     0.89   0.375     -.045695    .1213408
    caste_group_6_Dalit |   .0469741   .0423357     1.11   0.267    -.0360023    .1299504
   caste_group_6_Others |  -.0054967   .0305268    -0.18   0.857    -.0653281    .0543347
                hh_size |   .1566481   .2964408     0.53   0.597    -.4243651    .7376614
                 female |  -.0552509   .0658517    -0.84   0.401    -.1843177     .073816
                married |  -.3404266   .1945724    -1.75   0.080    -.7217814    .0409282
               child_12 |   .1054711   .1345863     0.78   0.433    -.1583132    .3692554
              voc_train |   .0287819   .0408965     0.70   0.482    -.0513737    .1089375
        migrated_fr_job |   .0203723   .0675595     0.30   0.763     -.112042    .1527865
         tot_chores_hrs |   .1608824   .0799037     2.01   0.044      .004274    .3174908
                  urban |  -.1692001   .1579239    -1.07   0.284    -.4787253    .1403251
            overtime_40 |  -.1026947   .1526813    -0.67   0.501    -.4019446    .1965552
                  _cons |   1.629705   .5572429     2.92   0.003     .5375295    2.721881
------------------------+----------------------------------------------------------------
rwg_error               |
             experience |  -.0039308   .0116201    -0.34   0.735    -.0267058    .0188442
          experience_sq |    .008126   .0117229     0.69   0.488    -.0148504    .0311025
education_Below_primary |   .0134699    .008158     1.65   0.099    -.0025196    .0294593
      education_Primary |    -.01236   .0118885    -1.04   0.298    -.0356611    .0109411
  education_Tenth_grade |   -.008344   .0096223    -0.87   0.386    -.0272034    .0105154
    education_Secondary |  -.0010398     .00411    -0.25   0.800    -.0090953    .0070157
     education_Bachelor |  -.0005776   .0033481    -0.17   0.863    -.0071399    .0059846
education_Masters_above |  -.0004244   .0022853    -0.19   0.853    -.0049036    .0040547
 caste_group_6_Janajati |  -.0000132   .0007944    -0.02   0.987    -.0015702    .0015439
 caste_group_6_Adhibasi |  -.0144974   .0144461    -1.00   0.316    -.0428111    .0138164
  caste_group_6_Madhesi |   .0015626    .004388     0.36   0.722    -.0070377     .010163
    caste_group_6_Dalit |   .0001314   .0016363     0.08   0.936    -.0030756    .0033384
   caste_group_6_Others |  -.0000502   .0015019    -0.03   0.973    -.0029939    .0028935
                hh_size |  -.0159943    .018747    -0.85   0.394    -.0527377    .0207491
                 female |    .003742   .0045518     0.82   0.411    -.0051794    .0126635
                married |  -.0026481   .0037014    -0.72   0.474    -.0099028    .0046065
               child_12 |   .0004252   .0072808     0.06   0.953     -.013845    .0146953
              voc_train |   .0029759   .0050069     0.59   0.552    -.0068374    .0127892
        migrated_fr_job |   .0112541   .0105853     1.06   0.288    -.0094927    .0320009
         tot_chores_hrs |   .0038181   .0044868     0.85   0.395    -.0049758    .0126121
                  urban |  -.0053236   .0058311    -0.91   0.361    -.0167524    .0061053
            overtime_40 |   .0470579   .0278944     1.69   0.092    -.0076142      .10173
-----------------------------------------------------------------------------------------
A: invalid cell name
r(198);

end of do-file

r(198);

. do "/var/folders/14/04v4h4t52rq0_5mkppfg4bp40000gn/T//SD05543.000000"

. clear

. * Load the dataset
. use Pooled.dta, clear

. 
. * Generate the log of hourly wage
. gen ln_wage = ln(hourly_wage)

. 
. * Define the label for formal employment
. label define formal_employment 0 "Informal Employment" 1 "Formal Employment"

. 
. * Sort the data by psu, hhid, and year
. sort psu hhid year

. 
. * Create a total count of formal employment within household and year
. by psu hhid year: egen total_formal = total(formal_employment)

. gen HH_formal = total_formal - formal_employment

. 
. * Define global macros
. global exp "experience experience_sq"

. global education "education_Below_primary education_Primary education_Tenth_grade education_Secondary education_Bachelor education_Masters_above" 

. global caste "caste_group_6_Janajati caste_group_6_Adhibasi caste_group_6_Madhesi caste_group_6_Dalit caste_group_6_Others"

. 
. * Initialize an empty local macro
. local quantiles ""

. 
. * Loop through the specific quantiles and add them to the local macro
. forvalues i = 1(49)100 {
  2.     local quantiles "`quantiles' `i'"
  3. }

. 
. * Display the local macro to verify (optional)
. di "`quantiles'"
 1 50 99

. 
. * Initialize Excel sheet
. putexcel set test2.xlsx, sheet(xyz) replace

. 
. * Loop through quantiles and perform Oaxaca-RIF decomposition
. local row = 1

. foreach q of local quantiles {
  2.     * Perform Oaxaca-RIF decomposition and save results using putexcel
.     oaxaca_rif ln_wage $exp $education $caste hh_size female ///
>     married child_12 voc_train migrated_fr_job tot_chores_hrs urban overtime_40 ///
>     if year == 2008 , by(formal_employment) wgt(1) rif(q(`q')) rwlogit(HH_formal dep_ratio $exp $education $caste) swap
  3.     
.     * Save the results to the Excel sheet
.     matrix results = r(table)'    
  4.     * Save the quantile label
.     putexcel A`row' = ("Quantile `q'")
  5.     
.     * Save the matrix results starting from the next row
.     local next_row = `row' + 1
  6.     putexcel A`next_row' = matrix(results, names)
  7.     
.     * Update row counter for the next quantile block
.     local row = `row' + rowsof(results) + 2
  8. }
Estimating Reweighted RIF-OAXACA using RIF:q(1)
Model  : Blinder-Oaxaca RIF-decomposition
Type   : Reweighted
RIF    : q(1)
Scale  : 1
Group 1: formal_employment = 1 x1*b1             N of obs 1      = 2379
Group c: X1~>rw~>X2 or x2*b1                     N of obs C      = 2379
Group 2: formal_employment = 0 x2*b2             N of obs 2      = 4339

-----------------------------------------------------------------------------------------
                ln_wage |      Coef.   Std. Err.      z    P>|z|     [95% Conf. Interval]
------------------------+----------------------------------------------------------------
Overall                 |
                group_1 |   1.849282   .1013713    18.24   0.000     1.650598    2.047966
                group_c |   1.655726   .0764928    21.65   0.000     1.505803     1.80565
                group_2 |   1.025067   .0573041    17.89   0.000     .9127535    1.137381
            tdifference |    .824215    .116447     7.08   0.000     .5959832    1.052447
            t_explained |   .1935559   .1269933     1.52   0.127    -.0553463    .4424582
          t_unexplained |   .6306591   .0955767     6.60   0.000     .4433321     .817986
------------------------+----------------------------------------------------------------
explained               |
                  total |   .1935559   .1269933     1.52   0.127    -.0553463    .4424582
            p_explained |   .5253431   .1450467     3.62   0.000     .2410569    .8096293
             specif_err |  -.3317872   .1899212    -1.75   0.081    -.7040258    .0404515
------------------------+----------------------------------------------------------------
p_explained             |
             experience |    .073749   .0423658     1.74   0.082    -.0092866    .1567845
          experience_sq |   .0180383   .0308327     0.59   0.559    -.0423928    .0784693
education_Below_primary |   .0150407   .0501839     0.30   0.764    -.0833179    .1133994
      education_Primary |   .1891904   .0901673     2.10   0.036     .0124657    .3659151
  education_Tenth_grade |  -.0287273   .0457965    -0.63   0.530    -.1184868    .0610323
    education_Secondary |  -.0158584   .0836869    -0.19   0.850    -.1798818    .1481649
     education_Bachelor |  -.0036383   .0832365    -0.04   0.965    -.1667788    .1595022
education_Masters_above |   .0031098   .0568386     0.05   0.956    -.1082919    .1145114
 caste_group_6_Janajati |   .0073944   .0175959     0.42   0.674    -.0270928    .0418817
 caste_group_6_Adhibasi |   .1459621   .0352505     4.14   0.000     .0768723    .2150518
  caste_group_6_Madhesi |   .0050283   .0057924     0.87   0.385    -.0063247    .0163813
    caste_group_6_Dalit |   .0096503   .0496608     0.19   0.846    -.0876832    .1069837
   caste_group_6_Others |   .0247423   .0362104     0.68   0.494    -.0462289    .0957135
                hh_size |    .006136   .0077686     0.79   0.430    -.0090901    .0213621
                 female |   .0016874   .0035767     0.47   0.637    -.0053229    .0086976
                married |  -.0080836   .0403453    -0.20   0.841    -.0871588    .0709917
               child_12 |   .0158642   .0257143     0.62   0.537    -.0345348    .0662633
              voc_train |   .0224995   .0196078     1.15   0.251    -.0159311    .0609301
        migrated_fr_job |   .0103312   .0102847     1.00   0.315    -.0098265    .0304889
         tot_chores_hrs |  -.0007918   .0046463    -0.17   0.865    -.0098983    .0083147
                  urban |   .0058722   .0184676     0.32   0.751    -.0303236    .0420679
            overtime_40 |   .0281466   .0253848     1.11   0.268    -.0216067    .0778998
------------------------+----------------------------------------------------------------
specif_err              |
             experience |   1.487974    .742129     2.01   0.045     .0334284     2.94252
          experience_sq |  -.7069589   .4245989    -1.67   0.096    -1.539157    .1252396
education_Below_primary |   .0756631   .1091322     0.69   0.488     -.138232    .2895582
      education_Primary |  -.0919865   .1900201    -0.48   0.628    -.4644191     .280446
  education_Tenth_grade |    .100643   .1216634     0.83   0.408    -.1378128    .3390988
    education_Secondary |   .0372746   .0583723     0.64   0.523     -.077133    .1516822
     education_Bachelor |   .0293855   .0417815     0.70   0.482    -.0525047    .1112758
education_Masters_above |   .0136075    .019011     0.72   0.474    -.0236534    .0508684
 caste_group_6_Janajati |  -.0620969   .1180293    -0.53   0.599    -.2934301    .1692363
 caste_group_6_Adhibasi |   -.070933   .0576317    -1.23   0.218    -.1838891    .0420231
  caste_group_6_Madhesi |  -.0293565   .0483685    -0.61   0.544    -.1241571    .0654441
    caste_group_6_Dalit |   -.010692   .0756218    -0.14   0.888     -.158908    .1375241
   caste_group_6_Others |  -.0345583   .0578888    -0.60   0.551    -.1480182    .0789016
                hh_size |  -.4606625   .3724613    -1.24   0.216    -1.190673    .2693482
                 female |   .1313812    .083584     1.57   0.116    -.0324404    .2952029
                married |   .1418264   .2922645     0.49   0.627    -.4310014    .7146542
               child_12 |  -.0825914   .1760876    -0.47   0.639    -.4277168    .2625339
              voc_train |   .0258989   .0552989     0.47   0.640    -.0824849    .1342827
        migrated_fr_job |   .0164357   .1037546     0.16   0.874    -.1869197     .219791
         tot_chores_hrs |  -.1172243   .1073231    -1.09   0.275    -.3275737    .0931251
                  urban |  -.0623977   .2044736    -0.31   0.760    -.4631587    .3383633
            overtime_40 |   .0221054    .146823     0.15   0.880    -.2656625    .3098732
                  _cons |  -.6845249   .8938689    -0.77   0.444    -2.436476    1.067426
------------------------+----------------------------------------------------------------
unexplained             |
                  total |   .6306591   .0955767     6.60   0.000     .4433321     .817986
              rwg_error |   .0273598   .0371283     0.74   0.461    -.0454104      .10013
          p_unexplained |   .6032993   .1004994     6.00   0.000     .4063241    .8002745
------------------------+----------------------------------------------------------------
p_unexplained           |
             experience |  -.0104342   .5604759    -0.02   0.985    -1.108947    1.088078
          experience_sq |  -.1979259   .2896397    -0.68   0.494    -.7656094    .3697575
education_Below_primary |  -.1081101   .0565762    -1.91   0.056    -.2189975    .0027772
      education_Primary |  -.2912985   .0863848    -3.37   0.001    -.4606097   -.1219874
  education_Tenth_grade |  -.1365435   .0630009    -2.17   0.030    -.2600229   -.0130641
    education_Secondary |  -.0586884   .0367326    -1.60   0.110     -.130683    .0133061
     education_Bachelor |  -.0307385    .028389    -1.08   0.279    -.0863799    .0249029
education_Masters_above |  -.0161393   .0151101    -1.07   0.285    -.0457546    .0134761
 caste_group_6_Janajati |   .0999056   .0965735     1.03   0.301    -.0893751    .2891862
 caste_group_6_Adhibasi |   -.160317   .0335848    -4.77   0.000    -.2261421    -.094492
  caste_group_6_Madhesi |   .0378229   .0426119     0.89   0.375     -.045695    .1213408
    caste_group_6_Dalit |   .0469741   .0423357     1.11   0.267    -.0360023    .1299504
   caste_group_6_Others |  -.0054967   .0305268    -0.18   0.857    -.0653281    .0543347
                hh_size |   .1566481   .2964408     0.53   0.597    -.4243651    .7376614
                 female |  -.0552509   .0658517    -0.84   0.401    -.1843177     .073816
                married |  -.3404266   .1945724    -1.75   0.080    -.7217814    .0409282
               child_12 |   .1054711   .1345863     0.78   0.433    -.1583132    .3692554
              voc_train |   .0287819   .0408965     0.70   0.482    -.0513737    .1089375
        migrated_fr_job |   .0203723   .0675595     0.30   0.763     -.112042    .1527865
         tot_chores_hrs |   .1608824   .0799037     2.01   0.044      .004274    .3174908
                  urban |  -.1692001   .1579239    -1.07   0.284    -.4787253    .1403251
            overtime_40 |  -.1026947   .1526813    -0.67   0.501    -.4019446    .1965552
                  _cons |   1.629705   .5572429     2.92   0.003     .5375295    2.721881
------------------------+----------------------------------------------------------------
rwg_error               |
             experience |  -.0039308   .0116201    -0.34   0.735    -.0267058    .0188442
          experience_sq |    .008126   .0117229     0.69   0.488    -.0148504    .0311025
education_Below_primary |   .0134699    .008158     1.65   0.099    -.0025196    .0294593
      education_Primary |    -.01236   .0118885    -1.04   0.298    -.0356611    .0109411
  education_Tenth_grade |   -.008344   .0096223    -0.87   0.386    -.0272034    .0105154
    education_Secondary |  -.0010398     .00411    -0.25   0.800    -.0090953    .0070157
     education_Bachelor |  -.0005776   .0033481    -0.17   0.863    -.0071399    .0059846
education_Masters_above |  -.0004244   .0022853    -0.19   0.853    -.0049036    .0040547
 caste_group_6_Janajati |  -.0000132   .0007944    -0.02   0.987    -.0015702    .0015439
 caste_group_6_Adhibasi |  -.0144974   .0144461    -1.00   0.316    -.0428111    .0138164
  caste_group_6_Madhesi |   .0015626    .004388     0.36   0.722    -.0070377     .010163
    caste_group_6_Dalit |   .0001314   .0016363     0.08   0.936    -.0030756    .0033384
   caste_group_6_Others |  -.0000502   .0015019    -0.03   0.973    -.0029939    .0028935
                hh_size |  -.0159943    .018747    -0.85   0.394    -.0527377    .0207491
                 female |    .003742   .0045518     0.82   0.411    -.0051794    .0126635
                married |  -.0026481   .0037014    -0.72   0.474    -.0099028    .0046065
               child_12 |   .0004252   .0072808     0.06   0.953     -.013845    .0146953
              voc_train |   .0029759   .0050069     0.59   0.552    -.0068374    .0127892
        migrated_fr_job |   .0112541   .0105853     1.06   0.288    -.0094927    .0320009
         tot_chores_hrs |   .0038181   .0044868     0.85   0.395    -.0049758    .0126121
                  urban |  -.0053236   .0058311    -0.91   0.361    -.0167524    .0061053
            overtime_40 |   .0470579   .0278944     1.69   0.092    -.0076142      .10173
-----------------------------------------------------------------------------------------
file test2.xlsx saved
file test2.xlsx saved
Estimating Reweighted RIF-OAXACA using RIF:q(50)
Model  : Blinder-Oaxaca RIF-decomposition
Type   : Reweighted
RIF    : q(50)
Scale  : 1
Group 1: formal_employment = 1 x1*b1             N of obs 1      = 2379
Group c: X1~>rw~>X2 or x2*b1                     N of obs C      = 2379
Group 2: formal_employment = 0 x2*b2             N of obs 2      = 4339

-----------------------------------------------------------------------------------------
                ln_wage |      Coef.   Std. Err.      z    P>|z|     [95% Conf. Interval]
------------------------+----------------------------------------------------------------
Overall                 |
                group_1 |   3.751492   .0138971   269.95   0.000     3.724254     3.77873
                group_c |    3.27065   .0178437   183.29   0.000     3.235677    3.305623
                group_2 |   2.943632   .0111356   264.34   0.000     2.921807    2.965458
            tdifference |   .8078595   .0178082    45.36   0.000     .7729561    .8427629
            t_explained |   .4808423   .0226169    21.26   0.000     .4365139    .5251707
          t_unexplained |   .3270171   .0210332    15.55   0.000     .2857927    .3682416
------------------------+----------------------------------------------------------------
explained               |
                  total |   .4808423   .0226169    21.26   0.000     .4365139    .5251707
            p_explained |   .3912942   .0193789    20.19   0.000     .3533122    .4292761
             specif_err |   .0895481   .0250922     3.57   0.000     .0403684    .1387279
------------------------+----------------------------------------------------------------
p_explained             |
             experience |   .0242411   .0111211     2.18   0.029     .0024442     .046038
          experience_sq |   .0033237   .0055796     0.60   0.551     -.007612    .0142595
education_Below_primary |  -.0023617   .0057243    -0.41   0.680    -.0135811    .0088576
      education_Primary |   -.023752   .0103114    -2.30   0.021    -.0439619   -.0035421
  education_Tenth_grade |    .036038   .0077773     4.63   0.000     .0207948    .0512811
    education_Secondary |   .0846044   .0115097     7.35   0.000     .0620458    .1071631
     education_Bachelor |   .1136377   .0125226     9.07   0.000     .0890938    .1381816
education_Masters_above |   .0883255   .0098695     8.95   0.000     .0689817    .1076693
 caste_group_6_Janajati |  -.0005502   .0020024    -0.27   0.783    -.0044749    .0033745
 caste_group_6_Adhibasi |   .0041972   .0033957     1.24   0.216    -.0024582    .0108526
  caste_group_6_Madhesi |   .0011103   .0009099     1.22   0.222    -.0006732    .0028937
    caste_group_6_Dalit |   .0110044   .0057506     1.91   0.056    -.0002665    .0222753
   caste_group_6_Others |   .0024416   .0041246     0.59   0.554    -.0056424    .0105256
                hh_size |  -.0010532   .0010029    -1.05   0.294    -.0030188    .0009124
                 female |  -.0013106   .0022252    -0.59   0.556     -.005672    .0030508
                married |  -.0016517   .0046014    -0.36   0.720    -.0106702    .0073669
               child_12 |   .0059342   .0030717     1.93   0.053    -.0000862    .0119546
              voc_train |   .0059786   .0023699     2.52   0.012     .0013337    .0106236
        migrated_fr_job |   .0040672    .001767     2.30   0.021     .0006039    .0075305
         tot_chores_hrs |   .0005313   .0006613     0.80   0.422    -.0007647    .0018274
                  urban |   .0027476   .0021561     1.27   0.203    -.0014784    .0069735
            overtime_40 |   .0337906   .0049735     6.79   0.000     .0240428    .0435385
------------------------+----------------------------------------------------------------
specif_err              |
             experience |  -.2344452   .1076294    -2.18   0.029    -.4453949   -.0234955
          experience_sq |   .1412275   .0592777     2.38   0.017     .0250453    .2574098
education_Below_primary |  -.0399872   .0140295    -2.85   0.004    -.0674846   -.0124899
      education_Primary |  -.0746978    .024433    -3.06   0.002    -.1225856     -.02681
  education_Tenth_grade |   .0011269   .0160886     0.07   0.944    -.0304063      .03266
    education_Secondary |  -.0083643   .0080824    -1.03   0.301    -.0242055    .0074769
     education_Bachelor |  -.0062772   .0059515    -1.05   0.292     -.017942    .0053876
education_Masters_above |   .0011565   .0028799     0.40   0.688    -.0044881     .006801
 caste_group_6_Janajati |   .0146108   .0179125     0.82   0.415    -.0204971    .0497188
 caste_group_6_Adhibasi |   .0279192   .0080729     3.46   0.001     .0120965    .0437418
  caste_group_6_Madhesi |   .0177812   .0072642     2.45   0.014     .0035437    .0320187
    caste_group_6_Dalit |   .0103631   .0099696     1.04   0.299     -.009177    .0299032
   caste_group_6_Others |   .0067895   .0077315     0.88   0.380     -.008364     .021943
                hh_size |   .0836001   .0554221     1.51   0.131    -.0250253    .1922255
                 female |  -.0146185   .0123421    -1.18   0.236    -.0388086    .0095716
                married |  -.0895704   .0411697    -2.18   0.030    -.1702615   -.0088792
               child_12 |   .0159419   .0255958     0.62   0.533    -.0342249    .0661088
              voc_train |  -.0140719   .0084803    -1.66   0.097     -.030693    .0025491
        migrated_fr_job |    -.04188   .0155012    -2.70   0.007    -.0722618   -.0114981
         tot_chores_hrs |   .0240148   .0160213     1.50   0.134    -.0073863    .0554159
                  urban |  -.0921652    .029667    -3.11   0.002    -.1503115   -.0340188
            overtime_40 |   .1327526   .0218464     6.08   0.000     .0899344    .1755708
                  _cons |   .2283417   .1221668     1.87   0.062    -.0111007    .4677842
------------------------+----------------------------------------------------------------
unexplained             |
                  total |   .3270171   .0210332    15.55   0.000     .2857927    .3682416
              rwg_error |   .1102881   .0141163     7.81   0.000     .0826207    .1379555
          p_unexplained |    .216729   .0190546    11.37   0.000     .1793828    .2540753
------------------------+----------------------------------------------------------------
p_unexplained           |
             experience |   .4103548   .1047481     3.92   0.000     .2050524    .6156573
          experience_sq |  -.1851047     .05425    -3.41   0.001    -.2914327   -.0787767
education_Below_primary |   .0212718   .0105848     2.01   0.044     .0005261    .0420176
      education_Primary |   .0653119    .016166     4.04   0.000     .0336271    .0969968
  education_Tenth_grade |   .0280994    .011787     2.38   0.017     .0049973    .0512015
    education_Secondary |   .0106488   .0068577     1.55   0.120    -.0027921    .0240896
     education_Bachelor |   .0115216   .0053437     2.16   0.031     .0010482     .021995
education_Masters_above |   .0043399   .0028427     1.53   0.127    -.0012316    .0099114
 caste_group_6_Janajati |  -.0477037   .0180626    -2.64   0.008    -.0831057   -.0123017
 caste_group_6_Adhibasi |  -.0238227   .0062076    -3.84   0.000    -.0359895    -.011656
  caste_group_6_Madhesi |  -.0197247   .0080056    -2.46   0.014    -.0354155   -.0040339
    caste_group_6_Dalit |   -.027417   .0079911    -3.43   0.001    -.0430793   -.0117548
   caste_group_6_Others |  -.0079307   .0057252    -1.39   0.166     -.019152    .0032905
                hh_size |    .079359   .0557016     1.42   0.154    -.0298142    .1885322
                 female |   .0292339   .0123478     2.37   0.018     .0050326    .0534351
                married |   .0085833   .0363455     0.24   0.813    -.0626526    .0798192
               child_12 |  -.0732568   .0252433    -2.90   0.004    -.1227328   -.0237808
              voc_train |   .0118852   .0076335     1.56   0.119    -.0030761    .0268465
        migrated_fr_job |   .0251251   .0126477     1.99   0.047      .000336    .0499141
         tot_chores_hrs |   .0173913   .0149416     1.16   0.244    -.0118937    .0466762
                  urban |   .0865022   .0294875     2.93   0.003     .0287077    .1442968
            overtime_40 |  -.2052525   .0285049    -7.20   0.000    -.2611211    -.149384
                  _cons |  -.0026862   .1039851    -0.03   0.979    -.2064932    .2011208
------------------------+----------------------------------------------------------------
rwg_error               |
             experience |  -.0202298   .0145934    -1.39   0.166    -.0488324    .0083728
          experience_sq |   .0139731   .0102767     1.36   0.174    -.0061688     .034115
education_Below_primary |  -.0056845    .002856    -1.99   0.047    -.0112822   -.0000869
      education_Primary |   .0053197   .0049731     1.07   0.285    -.0044274    .0150668
  education_Tenth_grade |   .0042024   .0046921     0.90   0.370     -.004994    .0133989
    education_Secondary |   .0013152   .0051332     0.26   0.798    -.0087456     .011376
     education_Bachelor |   .0010061   .0057842     0.17   0.862    -.0103307     .012343
education_Masters_above |   .0006995    .003707     0.19   0.850     -.006566    .0079651
 caste_group_6_Janajati |   6.40e-06    .000386     0.02   0.987    -.0007501    .0007629
 caste_group_6_Adhibasi |  -.0028613   .0028491    -1.00   0.315    -.0084455     .002723
  caste_group_6_Madhesi |   .0038441   .0021937     1.75   0.080    -.0004555    .0081438
    caste_group_6_Dalit |   .0012878    .001904     0.68   0.499     -.002444    .0050195
   caste_group_6_Others |   -.000594   .0009644    -0.62   0.538    -.0024841    .0012961
                hh_size |     .00311   .0035977     0.86   0.387    -.0039415    .0101614
                 female |   .0011923   .0013175     0.90   0.365      -.00139    .0037745
                married |   .0011001   .0013141     0.84   0.402    -.0014754    .0036756
               child_12 |   .0034726   .0019327     1.80   0.072    -.0003155    .0072606
              voc_train |   .0035757   .0017349     2.06   0.039     .0001754    .0069761
        migrated_fr_job |   .0121562   .0032889     3.70   0.000     .0057101    .0186023
         tot_chores_hrs |  -.0005328   .0007064    -0.75   0.451    -.0019174    .0008518
                  urban |  -.0053948   .0023002    -2.35   0.019    -.0099032   -.0008864
            overtime_40 |   .0893241   .0083123    10.75   0.000     .0730322     .105616
-----------------------------------------------------------------------------------------
file test2.xlsx saved
file test2.xlsx saved
Estimating Reweighted RIF-OAXACA using RIF:q(99)
Model  : Blinder-Oaxaca RIF-decomposition
Type   : Reweighted
RIF    : q(99)
Scale  : 1
Group 1: formal_employment = 1 x1*b1             N of obs 1      = 2379
Group c: X1~>rw~>X2 or x2*b1                     N of obs C      = 2379
Group 2: formal_employment = 0 x2*b2             N of obs 2      = 4339

-----------------------------------------------------------------------------------------
                ln_wage |      Coef.   Std. Err.      z    P>|z|     [95% Conf. Interval]
------------------------+----------------------------------------------------------------
Overall                 |
                group_1 |   5.710972   .1676648    34.06   0.000     5.382355    6.039589
                group_c |   5.251636    .191071    27.49   0.000     4.877143    5.626128
                group_2 |   4.949139   .0690196    71.71   0.000     4.813863    5.084415
            tdifference |    .761833   .1813152     4.20   0.000     .4064618    1.117204
            t_explained |    .459336   .2542038     1.81   0.071    -.0388944    .9575663
          t_unexplained |    .302497   .2031547     1.49   0.136    -.0956788    .7006728
------------------------+----------------------------------------------------------------
explained               |
                  total |    .459336   .2542038     1.81   0.071    -.0388944    .9575663
            p_explained |   .3078769   .2387857     1.29   0.197    -.1601346    .7758883
             specif_err |   .1514591   .3452398     0.44   0.661    -.5251984    .8281166
------------------------+----------------------------------------------------------------
p_explained             |
             experience |   .0108578   .0454939     0.24   0.811    -.0783087    .1000243
          experience_sq |   .0077163   .0177564     0.43   0.664    -.0270856    .0425183
education_Below_primary |   .1023106   .0843487     1.21   0.225    -.0630097    .2676309
      education_Primary |   .2018792    .148746     1.36   0.175    -.0896576     .493416
  education_Tenth_grade |  -.0904436   .0772058    -1.17   0.241    -.2417642     .060877
    education_Secondary |  -.1294201   .1396054    -0.93   0.354    -.4030416    .1442014
     education_Bachelor |  -.0903287   .1386737    -0.65   0.515    -.3621242    .1814668
education_Masters_above |   .0781252   .0948188     0.82   0.410    -.1077162    .2639666
 caste_group_6_Janajati |  -.0208942   .0294501    -0.71   0.478    -.0786154     .036827
 caste_group_6_Adhibasi |    .026396   .0490183     0.54   0.590    -.0696781      .12247
  caste_group_6_Madhesi |   .0051231   .0085992     0.60   0.551    -.0117311    .0219773
    caste_group_6_Dalit |   .0167858   .0826468     0.20   0.839    -.1451991    .1787706
   caste_group_6_Others |  -.0525002   .0603868    -0.87   0.385    -.1708561    .0658557
                hh_size |   .0040822   .0116555     0.35   0.726    -.0187621    .0269265
                 female |  -.0054954   .0099482    -0.55   0.581    -.0249936    .0140028
                married |    .111104   .0680224     1.63   0.102    -.0222176    .2444255
               child_12 |   .0396107   .0430614     0.92   0.358    -.0447881    .1240095
              voc_train |   -.005916   .0321831    -0.18   0.854    -.0689937    .0571616
        migrated_fr_job |    .018336   .0172521     1.06   0.288    -.0154775    .0521495
         tot_chores_hrs |   .0000925   .0076682     0.01   0.990    -.0149369    .0151219
                  urban |   .0229843   .0309478     0.74   0.458    -.0376722    .0836408
            overtime_40 |   .0574715   .0424347     1.35   0.176     -.025699     .140642
------------------------+----------------------------------------------------------------
specif_err              |
             experience |   .1526927   1.466564     0.10   0.917     -2.72172    3.027106
          experience_sq |   .2766096   .8143095     0.34   0.734    -1.319408    1.872627
education_Below_primary |   .1773544   .1962085     0.90   0.366    -.2072072    .5619159
      education_Primary |   .5112284    .342834     1.49   0.136    -.1607139    1.183171
  education_Tenth_grade |   .3325548    .224985     1.48   0.139    -.1084076    .7735172
    education_Secondary |    .113508   .1114849     1.02   0.309    -.1049983    .3320143
     education_Bachelor |  -.0050353   .0811952    -0.06   0.951    -.1641751    .1541044
education_Masters_above |  -.0367387   .0391263    -0.94   0.348    -.1134249    .0399475
 caste_group_6_Janajati |  -.5064148   .2419941    -2.09   0.036    -.9807145   -.0321151
 caste_group_6_Adhibasi |  -.0264018   .1087659    -0.24   0.808     -.239579    .1867755
  caste_group_6_Madhesi |  -.0538115   .0974518    -0.55   0.581    -.2448135    .1371905
    caste_group_6_Dalit |  -.0053399   .1390711    -0.04   0.969    -.2779142    .2672344
   caste_group_6_Others |   .0468992   .1074851     0.44   0.663    -.1637677    .2575661
                hh_size |  -.1174798   .7509922    -0.16   0.876    -1.589398    1.354438
                 female |  -.0076574   .1673454    -0.05   0.964    -.3356484    .3203335
                married |  -.1575149   .5650849    -0.28   0.780    -1.265061    .9500313
               child_12 |   .3043802   .3487919     0.87   0.383    -.3792395    .9879998
              voc_train |  -.0332369   .1139141    -0.29   0.770    -.2565045    .1900307
        migrated_fr_job |   -.335498   .2096187    -1.60   0.109    -.7463431     .075347
         tot_chores_hrs |    .131169   .2168086     0.60   0.545    -.2937681     .556106
                  urban |  -.0892794     .40411    -0.22   0.825    -.8813204    .7027616
            overtime_40 |    .764209   .2949626     2.59   0.010      .186093    1.342325
                  _cons |  -1.284738   1.690193    -0.76   0.447    -4.597455     2.02798
------------------------+----------------------------------------------------------------
unexplained             |
                  total |    .302497   .2031547     1.49   0.136    -.0956788    .7006728
              rwg_error |   .4472109    .096651     4.63   0.000     .2577783    .6366434
          p_unexplained |  -.1447139   .2158333    -0.67   0.503    -.5677394    .2783117
------------------------+----------------------------------------------------------------
p_unexplained           |
             experience |  -.7680298   1.171216    -0.66   0.512    -3.063571    1.527512
          experience_sq |  -.3923566   .6097597    -0.64   0.520    -1.587464    .8027505
education_Below_primary |  -.4242188   .1203067    -3.53   0.000    -.6600156    -.188422
      education_Primary |  -.9201908   .1822271    -5.05   0.000    -1.277349   -.5630323
  education_Tenth_grade |  -.6014731   .1342066    -4.48   0.000    -.8645131   -.3384331
    education_Secondary |   -.268665   .0778008    -3.45   0.001    -.4211518   -.1161783
     education_Bachelor |  -.1321794   .0600805    -2.20   0.028     -.249935   -.0144238
education_Masters_above |   -.008653   .0315191    -0.27   0.784    -.0704294    .0531234
 caste_group_6_Janajati |   .4514235   .2027847     2.23   0.026     .0539727    .8488742
 caste_group_6_Adhibasi |   -.036973   .0684848    -0.54   0.589    -.1712006    .0972547
  caste_group_6_Madhesi |  -.0291121   .0900658    -0.32   0.747    -.2056378    .1474137
    caste_group_6_Dalit |  -.0413865   .0892361    -0.46   0.643    -.2162859     .133513
   caste_group_6_Others |   .0269603   .0645041     0.42   0.676    -.0994655    .1533861
                hh_size |   .1021822   .6473093     0.16   0.875    -1.166521    1.370885
                 female |  -.1360951   .1399236    -0.97   0.331    -.4103403    .1381501
                married |   .8320884   .4082349     2.04   0.042     .0319627    1.632214
               child_12 |  -.5819415   .2885358    -2.02   0.044    -1.147461   -.0164217
              voc_train |   .0025805   .0844272     0.03   0.976    -.1628939    .1680548
        migrated_fr_job |   .3713226   .1430112     2.60   0.009     .0910257    .6516194
         tot_chores_hrs |  -.0576587   .1694276    -0.34   0.734    -.3897307    .2744133
                  urban |   .2518324   .3291386     0.77   0.444    -.3932675    .8969323
            overtime_40 |   -1.07546   .3136085    -3.43   0.001    -1.690121   -.4607984
                  _cons |   3.291289   1.159266     2.84   0.005      1.01917    5.563409
------------------------+----------------------------------------------------------------
rwg_error               |
             experience |   -.002316   .0280059    -0.08   0.934    -.0572065    .0525745
          experience_sq |    .030084   .0332415     0.91   0.365    -.0350681    .0952362
education_Below_primary |   .0487854   .0262798     1.86   0.063    -.0027221    .1002928
      education_Primary |   -.039812   .0377503    -1.05   0.292    -.1138012    .0341772
  education_Tenth_grade |  -.0270418   .0307075    -0.88   0.379    -.0872275    .0331439
    education_Secondary |  -.0042495   .0166603    -0.26   0.799     -.036903     .028404
     education_Bachelor |  -.0006124   .0036771    -0.17   0.868    -.0078194    .0065946
education_Masters_above |   .0018687   .0099516     0.19   0.851    -.0176362    .0213735
 caste_group_6_Janajati |  -.0003326   .0200672    -0.02   0.987    -.0396636    .0389983
 caste_group_6_Adhibasi |  -.0015142    .005898    -0.26   0.797     -.013074    .0100456
  caste_group_6_Madhesi |  -.0018547   .0107292    -0.17   0.863    -.0228836    .0191741
    caste_group_6_Dalit |   .0008974    .004236     0.21   0.832     -.007405    .0091999
   caste_group_6_Others |   .0016328   .0044977     0.36   0.717    -.0071825    .0104481
                hh_size |   .0045681   .0460462     0.10   0.921    -.0856808    .0948169
                 female |   .0075141   .0097751     0.77   0.442    -.0116448     .026673
                married |   .0115913   .0141908     0.82   0.414    -.0162222    .0394048
               child_12 |    .037185    .023029     1.61   0.106    -.0079511     .082321
              voc_train |   .0027299   .0120919     0.23   0.821    -.0209697    .0264295
        migrated_fr_job |   .0782427    .030636     2.55   0.011     .0181971    .1382882
         tot_chores_hrs |  -.0048085    .007752    -0.62   0.535    -.0200022    .0103851
                  urban |  -.0136913   .0145224    -0.94   0.346    -.0421547    .0147722
            overtime_40 |   .3183447    .072332     4.40   0.000     .1765765    .4601128
-----------------------------------------------------------------------------------------
file test2.xlsx saved
file test2.xlsx saved

. 
end of do-file

. list results
variable results not found
r(111);

. matrix(results)
matrix operation not found
r(501);

. list matrix results
variable matrix not found
r(111);

. matrix list results

results[102,9]
                                     b          se           z      pvalue          ll          ul          df        crit       eform
           Overall:group_1   5.7109716   .16766478   34.061843   2.71e-254   5.3823547   6.0395886           .    1.959964           0
           Overall:group_c   5.2516357   .19107095   27.485264   2.63e-166   4.8771435   5.6261279           .    1.959964           0
           Overall:group_2   4.9491387   .06901962   71.706256           0   4.8138627   5.0844147           .    1.959964           0
       Overall:tdifference   .76183296   .18131516   4.2017057   .00002649   .40646177   1.1172041           .    1.959964           0
       Overall:t_explained   .45933597   .25420383   1.8069592   .07076864  -.03889439   .95756633           .    1.959964           0
      Overall:t_unexplai~d   .30249699   .20315466   1.4889985   .13648776  -.09567883   .70067282           .    1.959964           0
           explained:total   .45933597   .25420383   1.8069592   .07076864  -.03889439   .95756633           .    1.959964           0
     explained:p_explained   .30787686   .23878574   1.2893436   .19727867  -.16013459   .77588832           .    1.959964           0
      explained:specif_err    .1514591   .34523976   .43870701   .66087384  -.52519839    .8281166           .    1.959964           0
    p_explained:experience   .01085779   .04549394   .23866453   .81136572  -.07830869   .10002427           .    1.959964           0
  p_explained:experience~q   .00771632   .01775642   .43456494   .66387824  -.02708563   .04251827           .    1.959964           0
  p_explained:educ~primary   .10231059   .08434866   1.2129486   .22514945  -.06300974   .26763092           .    1.959964           0
  p_explained:educ~Primary   .20187921   .14874599   1.3572077   .17471522  -.08965758     .493416           .    1.959964           0
  p_explained:education~de   -.0904436   .07720581  -1.1714611   .24141347   -.2417642     .060877           .    1.959964           0
  p_explained:educati~dary  -.12942012   .13960538  -.92704252   .35390446  -.40304164   .14420139           .    1.959964           0
  p_explained:education_~r  -.09032871   .13867373  -.65137577   .51480395  -.36212422   .18146681           .    1.959964           0
  p_explained:education~ve   .07812519   .09481879   .82394203    .4099725  -.10771623   .26396661           .    1.959964           0
  p_explained:caste_gro~ti   -.0208942   .02945012  -.70947758   .47802816  -.07861537   .03682697           .    1.959964           0
  p_explained:caste_gr~asi   .02639596   .04901828   .53849222   .59023728   -.0696781   .12247003           .    1.959964           0
  p_explained:caste_gr~esi   .00512314   .00859924   .59576682   .55133101  -.01173105   .02197733           .    1.959964           0
  p_explained:caste_grou~t   .01678577   .08264684   .20310235   .83905503  -.14519907    .1787706           .    1.959964           0
  p_explained:caste_gro~rs   -.0525002   .06038675  -.86939934   .38462875  -.17085607   .06585566           .    1.959964           0
       p_explained:hh_size   .00408222   .01165546   .35024103   .72615782  -.01876205   .02692649           .    1.959964           0
        p_explained:female  -.00549538   .00994824  -.55239786    .5806758  -.02499357    .0140028           .    1.959964           0
       p_explained:married   .11110395   .06802244   1.6333426   .10239697  -.02221759   .24442549           .    1.959964           0
      p_explained:child_12    .0396107   .04306142   .91986519   .35764321  -.04478813   .12400953           .    1.959964           0
     p_explained:voc_train  -.00591602   .03218307  -.18382386   .85415164  -.06899368   .05716165           .    1.959964           0
  p_explained:migrated_f~b     .018336    .0172521   1.0628275   .28786017  -.01547749    .0521495           .    1.959964           0
  p_explained:tot_chores~s   .00009251   .00766818   .01206354   .99037492  -.01493686   .01512187           .    1.959964           0
         p_explained:urban   .02298426   .03094777    .7426791   .45767598  -.03767225   .08364077           .    1.959964           0
   p_explained:overtime_40   .05747149    .0424347   1.3543513   .17562434  -.02569899   .14064196           .    1.959964           0
     specif_err:experience   .15269266   1.4665641   .10411591   .91707736  -2.7217202   3.0271056           .    1.959964           0
   specif_err:experience~q    .2766096   .81430952   .33968607   .73409295  -1.3194077   1.8726269           .    1.959964           0
   specif_err:educ~primary   .17735436   .19620849   .90390765   .36604437  -.20720722   .56191594           .    1.959964           0
   specif_err:educ~Primary   .51122843   .34283402   1.4911835   .13591332  -.16071389   1.1831708           .    1.959964           0
   specif_err:education~de    .3325548   .22498495   1.4781202   .13937561   -.1084076   .77351721           .    1.959964           0
   specif_err:educati~dary   .11350796   .11148486   1.0181469   .30860815  -.10499835   .33201428           .    1.959964           0
   specif_err:education_~r  -.00503534   .08119524  -.06201523    .9505507  -.16417508    .1541044           .    1.959964           0
   specif_err:education~ve   -.0367387   .03912632  -.93897675   .34774268  -.11342488   .03994747           .    1.959964           0
   specif_err:caste_gro~ti  -.50641479   .24199409  -2.0926742   .03637825  -.98071449  -.03211509           .    1.959964           0
   specif_err:caste_gr~asi  -.02640177   .10876589  -.24273941   .80820727  -.23957899   .18677545           .    1.959964           0
   specif_err:caste_gr~esi  -.05381149   .09745179  -.55218578   .58082108  -.24481348    .1371905           .    1.959964           0
   specif_err:caste_grou~t  -.00533991   .13907108  -.03839698   .96937117  -.27791422    .2672344           .    1.959964           0
   specif_err:caste_gro~rs   .04689919   .10748507   .43633218   .66259574  -.16376767   .25756606           .    1.959964           0
        specif_err:hh_size  -.11747981   .75099223  -.15643279   .87569189  -1.5893975   1.3544379           .    1.959964           0
         specif_err:female  -.00765744   .16734541  -.04575829    .9635029  -.33564842   .32033353           .    1.959964           0
        specif_err:married  -.15751487   .56508494  -.27874547   .78044017   -1.265061   .95003127           .    1.959964           0
       specif_err:child_12   .30438016   .34879193   .87266972   .38284312  -.37923946   .98799978           .    1.959964           0
      specif_err:voc_train  -.03323689   .11391415  -.29177144   .77046138  -.25650452   .19003073           .    1.959964           0
   specif_err:migrated_f~b  -.33549802   .20961868  -1.6005158    .1094842  -.74634308   .07534705           .    1.959964           0
   specif_err:tot_chores~s   .13116895   .21680859   .60499888   .54517974  -.29376808   .55610598           .    1.959964           0
          specif_err:urban  -.08927941   .40410997  -.22092849   .82514811   -.8813204   .70276158           .    1.959964           0
    specif_err:overtime_40   .76420903   .29496258   2.5908677   .00957343   .18609299   1.3423251           .    1.959964           0
          specif_err:_cons  -1.2847376    1.690193  -.76011296   .44718706   -4.597455   2.0279798           .    1.959964           0
         unexplained:total   .30249699   .20315466   1.4889985   .13648776  -.09567883   .70067282           .    1.959964           0
     unexplained:rwg_error   .44721086   .09665103   4.6270679   3.709e-06   .25777833   .63664338           .    1.959964           0
  unexplained:p_unexplai~d  -.14471386   .21583332  -.67048898   .50254613  -.56773939   .27831167           .    1.959964           0
  p_unexplained:experience  -.76802975   1.1712162  -.65575405   .51198239  -3.0635713   1.5275118           .    1.959964           0
p_unexplained:experience~q  -.39235658   .60975971  -.64346097   .51992503  -1.5874637    .8027505           .    1.959964           0
p_unexplained:educ~primary  -.42421879   .12030669  -3.5261445   .00042166  -.66001558  -.18842201           .    1.959964           0
p_unexplained:educ~Primary  -.92019076   .18222707   -5.049693   4.425e-07  -1.2773492  -.56303226           .    1.959964           0
p_unexplained:education~de  -.60147309   .13420657  -4.4816965   7.405e-06  -.86451313  -.33843306           .    1.959964           0
p_unexplained:educati~dary  -.26866504   .07780081  -3.4532422   .00055389  -.42115183  -.11617825           .    1.959964           0
p_unexplained:education_~r  -.13217939   .06008049  -2.2000387   .02780415  -.24993498   -.0144238           .    1.959964           0
p_unexplained:education~ve  -.00865301   .03151915  -.27453169   .78367606   -.0704294   .05312339           .    1.959964           0
p_unexplained:caste_gro~ti   .45142346   .20278471   2.2261218   .02600602   .05397274   .84887419           .    1.959964           0
p_unexplained:caste_gr~asi  -.03697296   .06848476  -.53987134   .58928576  -.17120061    .0972547           .    1.959964           0
p_unexplained:caste_gr~esi  -.02911208   .09006582  -.32323112   .74652021  -.20563784   .14741369           .    1.959964           0
p_unexplained:caste_grou~t  -.04138647   .08923606  -.46378641   .64280078  -.21628594     .133513           .    1.959964           0
p_unexplained:caste_gro~rs   .02696027   .06450413   .41796197   .67597492   -.0994655   .15338605           .    1.959964           0
     p_unexplained:hh_size    .1021822   .64730935   .15785683   .87456962  -1.1665208   1.3708852           .    1.959964           0
      p_unexplained:female   -.1360951   .13992359  -.97263869   .33073291   -.4103403    .1381501           .    1.959964           0
     p_unexplained:married   .83208845   .40823494   2.0382588   .04152406   .03196266   1.6322142           .    1.959964           0
    p_unexplained:child_12  -.58194147   .28853582  -2.0168778   .04370827  -1.1474613  -.01642166           .    1.959964           0
   p_unexplained:voc_train   .00258045   .08442723   .03056423   .97561707  -.16289387   .16805478           .    1.959964           0
p_unexplained:migrated_f~b   .37132256   .14301122   2.5964575   .00941906   .09102572    .6516194           .    1.959964           0
p_unexplained:tot_chores~s  -.05765869   .16942761  -.34031458   .73361964  -.38973071   .27441333           .    1.959964           0
       p_unexplained:urban   .25183239   .32913864   .76512557   .44419677   -.3932675   .89693228           .    1.959964           0
 p_unexplained:overtime_40  -1.0754599   .31360853  -3.4293068   .00060513  -1.6901213  -.46079843           .    1.959964           0
       p_unexplained:_cons   3.2912894   1.1592658   2.8391154   .00452388   1.0191702   5.5634086           .    1.959964           0
      rwg_error:experience  -.00231604   .02800587  -.08269831   .93409143  -.05720654   .05257447           .    1.959964           0
    rwg_error:experience~q   .03008403    .0332415   .90501432    .3654578  -.03506811   .09523618           .    1.959964           0
    rwg_error:educ~primary   .04878537   .02627979   1.8563833   .06339894  -.00272208   .10029281           .    1.959964           0
    rwg_error:educ~Primary  -.03981197    .0377503  -1.0546136   .29160209  -.11380119   .03417725           .    1.959964           0
    rwg_error:education~de  -.02704183   .03070755  -.88062493   .37852086  -.08722752   .03314386           .    1.959964           0
    rwg_error:educati~dary  -.00424948   .01666026  -.25506653   .79867171  -.03690299   .02840404           .    1.959964           0
    rwg_error:education_~r  -.00061238   .00367712  -.16653843   .86773325  -.00781941   .00659465           .    1.959964           0
    rwg_error:education~ve   .00186868   .00995165   .18777548   .85105266  -.01763619   .02137354           .    1.959964           0
    rwg_error:caste_gro~ti  -.00033264   .02006718  -.01657614   .98677476   -.0396636   .03899832           .    1.959964           0
    rwg_error:caste_gr~asi  -.00151419   .00589797  -.25673039   .79738691    -.013074   .01004562           .    1.959964           0
    rwg_error:caste_gr~esi  -.00185475   .01072919  -.17286927   .86275419  -.02288357   .01917408           .    1.959964           0
    rwg_error:caste_grou~t   .00089744   .00423601   .21185942   .83221671    -.007405   .00919988           .    1.959964           0
    rwg_error:caste_gro~rs    .0016328   .00449767   .36303236   .71658071  -.00718248   .01044808           .    1.959964           0
         rwg_error:hh_size   .00456806    .0460462   .09920598   .92097473  -.08568083   .09481695           .    1.959964           0
          rwg_error:female   .00751406   .00977513   .76869154   .44207645  -.01164484   .02667296           .    1.959964           0
         rwg_error:married   .01159129   .01419084   .81681507   .41403412  -.01622224   .03940483           .    1.959964           0
        rwg_error:child_12   .03718496     .023029   1.6147012   .10637541  -.00795106   .08232097           .    1.959964           0
       rwg_error:voc_train   .00272988   .01209187   .22576129   .82138709  -.02096975    .0264295           .    1.959964           0
    rwg_error:migrated_f~b   .07824267   .03063604   2.5539417   .01065111   .01819713   .13828822           .    1.959964           0
    rwg_error:tot_chores~s   -.0048085   .00775201   -.6202916   .53506582  -.02000215   .01038515           .    1.959964           0
           rwg_error:urban  -.01369126   .01452243   -.9427667   .34580025  -.04215469   .01477217           .    1.959964           0
     rwg_error:overtime_40   .31834466   .07233201   4.4011585   .00001077   .17657652   .46011281           .    1.959964           0

. matrix list results[1]
[ invalid name
matrix [1] not found
r(111);

. matrix list results'
' invalid name
matrix ' not found
r(111);

. do "/var/folders/14/04v4h4t52rq0_5mkppfg4bp40000gn/T//SD05543.000000"

. clear

. * Load the dataset
. use Pooled.dta, clear

. 
. * Generate the log of hourly wage
. gen ln_wage = ln(hourly_wage)

. 
. * Define the label for formal employment
. label define formal_employment 0 "Informal Employment" 1 "Formal Employment"

. 
. * Sort the data by psu, hhid, and year
. sort psu hhid year

. 
. * Create a total count of formal employment within household and year
. by psu hhid year: egen total_formal = total(formal_employment)

. gen HH_formal = total_formal - formal_employment

. 
. * Define global macros
. global exp "experience experience_sq"

. global education "education_Below_primary education_Primary education_Tenth_grade education_Secondary education_Bachelor education_Masters_above" 

. global caste "caste_group_6_Janajati caste_group_6_Adhibasi caste_group_6_Madhesi caste_group_6_Dalit caste_group_6_Others"

. 
. * Initialize an empty local macro
. local quantiles ""

. 
. * Loop through the specific quantiles and add them to the local macro
. forvalues i = 1(49)100 {
  2.     local quantiles "`quantiles' `i'"
  3. }

. 
. * Display the local macro to verify (optional)
. di "`quantiles'"
 1 50 99

. 
. * Initialize Excel sheet
. putexcel set test2.xlsx, sheet(xyz) replace

. 
. * Loop through quantiles and perform Oaxaca-RIF decomposition
. local row = 1

. foreach q of local quantiles {
  2.     * Perform Oaxaca-RIF decomposition and save results using putexcel
.     oaxaca_rif ln_wage $exp $education $caste hh_size female ///
>     married child_12 voc_train migrated_fr_job tot_chores_hrs urban overtime_40 ///
>     if year == 2008 , by(formal_employment) wgt(1) rif(q(`q')) rwlogit(HH_formal dep_ratio $exp $education $caste) swap
  3.     
.     * Save the results to the Excel sheet
.     matrix results = r(table)   
  4.     * Save the quantile label
.     putexcel A`row' = ("Quantile `q'")
  5.     
.     * Save the matrix results starting from the next row
.     local next_row = `row' + 1
  6.     putexcel A`next_row' = matrix(results, names)
  7.     
.     * Update row counter for the next quantile block
.     local row = `row' + rowsof(results) + 2
  8. }
Estimating Reweighted RIF-OAXACA using RIF:q(1)
Model  : Blinder-Oaxaca RIF-decomposition
Type   : Reweighted
RIF    : q(1)
Scale  : 1
Group 1: formal_employment = 1 x1*b1             N of obs 1      = 2379
Group c: X1~>rw~>X2 or x2*b1                     N of obs C      = 2379
Group 2: formal_employment = 0 x2*b2             N of obs 2      = 4339

-----------------------------------------------------------------------------------------
                ln_wage |      Coef.   Std. Err.      z    P>|z|     [95% Conf. Interval]
------------------------+----------------------------------------------------------------
Overall                 |
                group_1 |   1.849282   .1013713    18.24   0.000     1.650598    2.047966
                group_c |   1.655726   .0764928    21.65   0.000     1.505803     1.80565
                group_2 |   1.025067   .0573041    17.89   0.000     .9127535    1.137381
            tdifference |    .824215    .116447     7.08   0.000     .5959832    1.052447
            t_explained |   .1935559   .1269933     1.52   0.127    -.0553463    .4424582
          t_unexplained |   .6306591   .0955767     6.60   0.000     .4433321     .817986
------------------------+----------------------------------------------------------------
explained               |
                  total |   .1935559   .1269933     1.52   0.127    -.0553463    .4424582
            p_explained |   .5253431   .1450467     3.62   0.000     .2410569    .8096293
             specif_err |  -.3317872   .1899212    -1.75   0.081    -.7040258    .0404515
------------------------+----------------------------------------------------------------
p_explained             |
             experience |    .073749   .0423658     1.74   0.082    -.0092866    .1567845
          experience_sq |   .0180383   .0308327     0.59   0.559    -.0423928    .0784693
education_Below_primary |   .0150407   .0501839     0.30   0.764    -.0833179    .1133994
      education_Primary |   .1891904   .0901673     2.10   0.036     .0124657    .3659151
  education_Tenth_grade |  -.0287273   .0457965    -0.63   0.530    -.1184868    .0610323
    education_Secondary |  -.0158584   .0836869    -0.19   0.850    -.1798818    .1481649
     education_Bachelor |  -.0036383   .0832365    -0.04   0.965    -.1667788    .1595022
education_Masters_above |   .0031098   .0568386     0.05   0.956    -.1082919    .1145114
 caste_group_6_Janajati |   .0073944   .0175959     0.42   0.674    -.0270928    .0418817
 caste_group_6_Adhibasi |   .1459621   .0352505     4.14   0.000     .0768723    .2150518
  caste_group_6_Madhesi |   .0050283   .0057924     0.87   0.385    -.0063247    .0163813
    caste_group_6_Dalit |   .0096503   .0496608     0.19   0.846    -.0876832    .1069837
   caste_group_6_Others |   .0247423   .0362104     0.68   0.494    -.0462289    .0957135
                hh_size |    .006136   .0077686     0.79   0.430    -.0090901    .0213621
                 female |   .0016874   .0035767     0.47   0.637    -.0053229    .0086976
                married |  -.0080836   .0403453    -0.20   0.841    -.0871588    .0709917
               child_12 |   .0158642   .0257143     0.62   0.537    -.0345348    .0662633
              voc_train |   .0224995   .0196078     1.15   0.251    -.0159311    .0609301
        migrated_fr_job |   .0103312   .0102847     1.00   0.315    -.0098265    .0304889
         tot_chores_hrs |  -.0007918   .0046463    -0.17   0.865    -.0098983    .0083147
                  urban |   .0058722   .0184676     0.32   0.751    -.0303236    .0420679
            overtime_40 |   .0281466   .0253848     1.11   0.268    -.0216067    .0778998
------------------------+----------------------------------------------------------------
specif_err              |
             experience |   1.487974    .742129     2.01   0.045     .0334284     2.94252
          experience_sq |  -.7069589   .4245989    -1.67   0.096    -1.539157    .1252396
education_Below_primary |   .0756631   .1091322     0.69   0.488     -.138232    .2895582
      education_Primary |  -.0919865   .1900201    -0.48   0.628    -.4644191     .280446
  education_Tenth_grade |    .100643   .1216634     0.83   0.408    -.1378128    .3390988
    education_Secondary |   .0372746   .0583723     0.64   0.523     -.077133    .1516822
     education_Bachelor |   .0293855   .0417815     0.70   0.482    -.0525047    .1112758
education_Masters_above |   .0136075    .019011     0.72   0.474    -.0236534    .0508684
 caste_group_6_Janajati |  -.0620969   .1180293    -0.53   0.599    -.2934301    .1692363
 caste_group_6_Adhibasi |   -.070933   .0576317    -1.23   0.218    -.1838891    .0420231
  caste_group_6_Madhesi |  -.0293565   .0483685    -0.61   0.544    -.1241571    .0654441
    caste_group_6_Dalit |   -.010692   .0756218    -0.14   0.888     -.158908    .1375241
   caste_group_6_Others |  -.0345583   .0578888    -0.60   0.551    -.1480182    .0789016
                hh_size |  -.4606625   .3724613    -1.24   0.216    -1.190673    .2693482
                 female |   .1313812    .083584     1.57   0.116    -.0324404    .2952029
                married |   .1418264   .2922645     0.49   0.627    -.4310014    .7146542
               child_12 |  -.0825914   .1760876    -0.47   0.639    -.4277168    .2625339
              voc_train |   .0258989   .0552989     0.47   0.640    -.0824849    .1342827
        migrated_fr_job |   .0164357   .1037546     0.16   0.874    -.1869197     .219791
         tot_chores_hrs |  -.1172243   .1073231    -1.09   0.275    -.3275737    .0931251
                  urban |  -.0623977   .2044736    -0.31   0.760    -.4631587    .3383633
            overtime_40 |   .0221054    .146823     0.15   0.880    -.2656625    .3098732
                  _cons |  -.6845249   .8938689    -0.77   0.444    -2.436476    1.067426
------------------------+----------------------------------------------------------------
unexplained             |
                  total |   .6306591   .0955767     6.60   0.000     .4433321     .817986
              rwg_error |   .0273598   .0371283     0.74   0.461    -.0454104      .10013
          p_unexplained |   .6032993   .1004994     6.00   0.000     .4063241    .8002745
------------------------+----------------------------------------------------------------
p_unexplained           |
             experience |  -.0104342   .5604759    -0.02   0.985    -1.108947    1.088078
          experience_sq |  -.1979259   .2896397    -0.68   0.494    -.7656094    .3697575
education_Below_primary |  -.1081101   .0565762    -1.91   0.056    -.2189975    .0027772
      education_Primary |  -.2912985   .0863848    -3.37   0.001    -.4606097   -.1219874
  education_Tenth_grade |  -.1365435   .0630009    -2.17   0.030    -.2600229   -.0130641
    education_Secondary |  -.0586884   .0367326    -1.60   0.110     -.130683    .0133061
     education_Bachelor |  -.0307385    .028389    -1.08   0.279    -.0863799    .0249029
education_Masters_above |  -.0161393   .0151101    -1.07   0.285    -.0457546    .0134761
 caste_group_6_Janajati |   .0999056   .0965735     1.03   0.301    -.0893751    .2891862
 caste_group_6_Adhibasi |   -.160317   .0335848    -4.77   0.000    -.2261421    -.094492
  caste_group_6_Madhesi |   .0378229   .0426119     0.89   0.375     -.045695    .1213408
    caste_group_6_Dalit |   .0469741   .0423357     1.11   0.267    -.0360023    .1299504
   caste_group_6_Others |  -.0054967   .0305268    -0.18   0.857    -.0653281    .0543347
                hh_size |   .1566481   .2964408     0.53   0.597    -.4243651    .7376614
                 female |  -.0552509   .0658517    -0.84   0.401    -.1843177     .073816
                married |  -.3404266   .1945724    -1.75   0.080    -.7217814    .0409282
               child_12 |   .1054711   .1345863     0.78   0.433    -.1583132    .3692554
              voc_train |   .0287819   .0408965     0.70   0.482    -.0513737    .1089375
        migrated_fr_job |   .0203723   .0675595     0.30   0.763     -.112042    .1527865
         tot_chores_hrs |   .1608824   .0799037     2.01   0.044      .004274    .3174908
                  urban |  -.1692001   .1579239    -1.07   0.284    -.4787253    .1403251
            overtime_40 |  -.1026947   .1526813    -0.67   0.501    -.4019446    .1965552
                  _cons |   1.629705   .5572429     2.92   0.003     .5375295    2.721881
------------------------+----------------------------------------------------------------
rwg_error               |
             experience |  -.0039308   .0116201    -0.34   0.735    -.0267058    .0188442
          experience_sq |    .008126   .0117229     0.69   0.488    -.0148504    .0311025
education_Below_primary |   .0134699    .008158     1.65   0.099    -.0025196    .0294593
      education_Primary |    -.01236   .0118885    -1.04   0.298    -.0356611    .0109411
  education_Tenth_grade |   -.008344   .0096223    -0.87   0.386    -.0272034    .0105154
    education_Secondary |  -.0010398     .00411    -0.25   0.800    -.0090953    .0070157
     education_Bachelor |  -.0005776   .0033481    -0.17   0.863    -.0071399    .0059846
education_Masters_above |  -.0004244   .0022853    -0.19   0.853    -.0049036    .0040547
 caste_group_6_Janajati |  -.0000132   .0007944    -0.02   0.987    -.0015702    .0015439
 caste_group_6_Adhibasi |  -.0144974   .0144461    -1.00   0.316    -.0428111    .0138164
  caste_group_6_Madhesi |   .0015626    .004388     0.36   0.722    -.0070377     .010163
    caste_group_6_Dalit |   .0001314   .0016363     0.08   0.936    -.0030756    .0033384
   caste_group_6_Others |  -.0000502   .0015019    -0.03   0.973    -.0029939    .0028935
                hh_size |  -.0159943    .018747    -0.85   0.394    -.0527377    .0207491
                 female |    .003742   .0045518     0.82   0.411    -.0051794    .0126635
                married |  -.0026481   .0037014    -0.72   0.474    -.0099028    .0046065
               child_12 |   .0004252   .0072808     0.06   0.953     -.013845    .0146953
              voc_train |   .0029759   .0050069     0.59   0.552    -.0068374    .0127892
        migrated_fr_job |   .0112541   .0105853     1.06   0.288    -.0094927    .0320009
         tot_chores_hrs |   .0038181   .0044868     0.85   0.395    -.0049758    .0126121
                  urban |  -.0053236   .0058311    -0.91   0.361    -.0167524    .0061053
            overtime_40 |   .0470579   .0278944     1.69   0.092    -.0076142      .10173
-----------------------------------------------------------------------------------------
file test2.xlsx saved
file test2.xlsx saved
Estimating Reweighted RIF-OAXACA using RIF:q(50)
Model  : Blinder-Oaxaca RIF-decomposition
Type   : Reweighted
RIF    : q(50)
Scale  : 1
Group 1: formal_employment = 1 x1*b1             N of obs 1      = 2379
Group c: X1~>rw~>X2 or x2*b1                     N of obs C      = 2379
Group 2: formal_employment = 0 x2*b2             N of obs 2      = 4339

-----------------------------------------------------------------------------------------
                ln_wage |      Coef.   Std. Err.      z    P>|z|     [95% Conf. Interval]
------------------------+----------------------------------------------------------------
Overall                 |
                group_1 |   3.751492   .0138971   269.95   0.000     3.724254     3.77873
                group_c |    3.27065   .0178437   183.29   0.000     3.235677    3.305623
                group_2 |   2.943632   .0111356   264.34   0.000     2.921807    2.965458
            tdifference |   .8078595   .0178082    45.36   0.000     .7729561    .8427629
            t_explained |   .4808423   .0226169    21.26   0.000     .4365139    .5251707
          t_unexplained |   .3270171   .0210332    15.55   0.000     .2857927    .3682416
------------------------+----------------------------------------------------------------
explained               |
                  total |   .4808423   .0226169    21.26   0.000     .4365139    .5251707
            p_explained |   .3912942   .0193789    20.19   0.000     .3533122    .4292761
             specif_err |   .0895481   .0250922     3.57   0.000     .0403684    .1387279
------------------------+----------------------------------------------------------------
p_explained             |
             experience |   .0242411   .0111211     2.18   0.029     .0024442     .046038
          experience_sq |   .0033237   .0055796     0.60   0.551     -.007612    .0142595
education_Below_primary |  -.0023617   .0057243    -0.41   0.680    -.0135811    .0088576
      education_Primary |   -.023752   .0103114    -2.30   0.021    -.0439619   -.0035421
  education_Tenth_grade |    .036038   .0077773     4.63   0.000     .0207948    .0512811
    education_Secondary |   .0846044   .0115097     7.35   0.000     .0620458    .1071631
     education_Bachelor |   .1136377   .0125226     9.07   0.000     .0890938    .1381816
education_Masters_above |   .0883255   .0098695     8.95   0.000     .0689817    .1076693
 caste_group_6_Janajati |  -.0005502   .0020024    -0.27   0.783    -.0044749    .0033745
 caste_group_6_Adhibasi |   .0041972   .0033957     1.24   0.216    -.0024582    .0108526
  caste_group_6_Madhesi |   .0011103   .0009099     1.22   0.222    -.0006732    .0028937
    caste_group_6_Dalit |   .0110044   .0057506     1.91   0.056    -.0002665    .0222753
   caste_group_6_Others |   .0024416   .0041246     0.59   0.554    -.0056424    .0105256
                hh_size |  -.0010532   .0010029    -1.05   0.294    -.0030188    .0009124
                 female |  -.0013106   .0022252    -0.59   0.556     -.005672    .0030508
                married |  -.0016517   .0046014    -0.36   0.720    -.0106702    .0073669
               child_12 |   .0059342   .0030717     1.93   0.053    -.0000862    .0119546
              voc_train |   .0059786   .0023699     2.52   0.012     .0013337    .0106236
        migrated_fr_job |   .0040672    .001767     2.30   0.021     .0006039    .0075305
         tot_chores_hrs |   .0005313   .0006613     0.80   0.422    -.0007647    .0018274
                  urban |   .0027476   .0021561     1.27   0.203    -.0014784    .0069735
            overtime_40 |   .0337906   .0049735     6.79   0.000     .0240428    .0435385
------------------------+----------------------------------------------------------------
specif_err              |
             experience |  -.2344452   .1076294    -2.18   0.029    -.4453949   -.0234955
          experience_sq |   .1412275   .0592777     2.38   0.017     .0250453    .2574098
education_Below_primary |  -.0399872   .0140295    -2.85   0.004    -.0674846   -.0124899
      education_Primary |  -.0746978    .024433    -3.06   0.002    -.1225856     -.02681
  education_Tenth_grade |   .0011269   .0160886     0.07   0.944    -.0304063      .03266
    education_Secondary |  -.0083643   .0080824    -1.03   0.301    -.0242055    .0074769
     education_Bachelor |  -.0062772   .0059515    -1.05   0.292     -.017942    .0053876
education_Masters_above |   .0011565   .0028799     0.40   0.688    -.0044881     .006801
 caste_group_6_Janajati |   .0146108   .0179125     0.82   0.415    -.0204971    .0497188
 caste_group_6_Adhibasi |   .0279192   .0080729     3.46   0.001     .0120965    .0437418
  caste_group_6_Madhesi |   .0177812   .0072642     2.45   0.014     .0035437    .0320187
    caste_group_6_Dalit |   .0103631   .0099696     1.04   0.299     -.009177    .0299032
   caste_group_6_Others |   .0067895   .0077315     0.88   0.380     -.008364     .021943
                hh_size |   .0836001   .0554221     1.51   0.131    -.0250253    .1922255
                 female |  -.0146185   .0123421    -1.18   0.236    -.0388086    .0095716
                married |  -.0895704   .0411697    -2.18   0.030    -.1702615   -.0088792
               child_12 |   .0159419   .0255958     0.62   0.533    -.0342249    .0661088
              voc_train |  -.0140719   .0084803    -1.66   0.097     -.030693    .0025491
        migrated_fr_job |    -.04188   .0155012    -2.70   0.007    -.0722618   -.0114981
         tot_chores_hrs |   .0240148   .0160213     1.50   0.134    -.0073863    .0554159
                  urban |  -.0921652    .029667    -3.11   0.002    -.1503115   -.0340188
            overtime_40 |   .1327526   .0218464     6.08   0.000     .0899344    .1755708
                  _cons |   .2283417   .1221668     1.87   0.062    -.0111007    .4677842
------------------------+----------------------------------------------------------------
unexplained             |
                  total |   .3270171   .0210332    15.55   0.000     .2857927    .3682416
              rwg_error |   .1102881   .0141163     7.81   0.000     .0826207    .1379555
          p_unexplained |    .216729   .0190546    11.37   0.000     .1793828    .2540753
------------------------+----------------------------------------------------------------
p_unexplained           |
             experience |   .4103548   .1047481     3.92   0.000     .2050524    .6156573
          experience_sq |  -.1851047     .05425    -3.41   0.001    -.2914327   -.0787767
education_Below_primary |   .0212718   .0105848     2.01   0.044     .0005261    .0420176
      education_Primary |   .0653119    .016166     4.04   0.000     .0336271    .0969968
  education_Tenth_grade |   .0280994    .011787     2.38   0.017     .0049973    .0512015
    education_Secondary |   .0106488   .0068577     1.55   0.120    -.0027921    .0240896
     education_Bachelor |   .0115216   .0053437     2.16   0.031     .0010482     .021995
education_Masters_above |   .0043399   .0028427     1.53   0.127    -.0012316    .0099114
 caste_group_6_Janajati |  -.0477037   .0180626    -2.64   0.008    -.0831057   -.0123017
 caste_group_6_Adhibasi |  -.0238227   .0062076    -3.84   0.000    -.0359895    -.011656
  caste_group_6_Madhesi |  -.0197247   .0080056    -2.46   0.014    -.0354155   -.0040339
    caste_group_6_Dalit |   -.027417   .0079911    -3.43   0.001    -.0430793   -.0117548
   caste_group_6_Others |  -.0079307   .0057252    -1.39   0.166     -.019152    .0032905
                hh_size |    .079359   .0557016     1.42   0.154    -.0298142    .1885322
                 female |   .0292339   .0123478     2.37   0.018     .0050326    .0534351
                married |   .0085833   .0363455     0.24   0.813    -.0626526    .0798192
               child_12 |  -.0732568   .0252433    -2.90   0.004    -.1227328   -.0237808
              voc_train |   .0118852   .0076335     1.56   0.119    -.0030761    .0268465
        migrated_fr_job |   .0251251   .0126477     1.99   0.047      .000336    .0499141
         tot_chores_hrs |   .0173913   .0149416     1.16   0.244    -.0118937    .0466762
                  urban |   .0865022   .0294875     2.93   0.003     .0287077    .1442968
            overtime_40 |  -.2052525   .0285049    -7.20   0.000    -.2611211    -.149384
                  _cons |  -.0026862   .1039851    -0.03   0.979    -.2064932    .2011208
------------------------+----------------------------------------------------------------
rwg_error               |
             experience |  -.0202298   .0145934    -1.39   0.166    -.0488324    .0083728
          experience_sq |   .0139731   .0102767     1.36   0.174    -.0061688     .034115
education_Below_primary |  -.0056845    .002856    -1.99   0.047    -.0112822   -.0000869
      education_Primary |   .0053197   .0049731     1.07   0.285    -.0044274    .0150668
  education_Tenth_grade |   .0042024   .0046921     0.90   0.370     -.004994    .0133989
    education_Secondary |   .0013152   .0051332     0.26   0.798    -.0087456     .011376
     education_Bachelor |   .0010061   .0057842     0.17   0.862    -.0103307     .012343
education_Masters_above |   .0006995    .003707     0.19   0.850     -.006566    .0079651
 caste_group_6_Janajati |   6.40e-06    .000386     0.02   0.987    -.0007501    .0007629
 caste_group_6_Adhibasi |  -.0028613   .0028491    -1.00   0.315    -.0084455     .002723
  caste_group_6_Madhesi |   .0038441   .0021937     1.75   0.080    -.0004555    .0081438
    caste_group_6_Dalit |   .0012878    .001904     0.68   0.499     -.002444    .0050195
   caste_group_6_Others |   -.000594   .0009644    -0.62   0.538    -.0024841    .0012961
                hh_size |     .00311   .0035977     0.86   0.387    -.0039415    .0101614
                 female |   .0011923   .0013175     0.90   0.365      -.00139    .0037745
                married |   .0011001   .0013141     0.84   0.402    -.0014754    .0036756
               child_12 |   .0034726   .0019327     1.80   0.072    -.0003155    .0072606
              voc_train |   .0035757   .0017349     2.06   0.039     .0001754    .0069761
        migrated_fr_job |   .0121562   .0032889     3.70   0.000     .0057101    .0186023
         tot_chores_hrs |  -.0005328   .0007064    -0.75   0.451    -.0019174    .0008518
                  urban |  -.0053948   .0023002    -2.35   0.019    -.0099032   -.0008864
            overtime_40 |   .0893241   .0083123    10.75   0.000     .0730322     .105616
-----------------------------------------------------------------------------------------
file test2.xlsx saved
file test2.xlsx saved
Estimating Reweighted RIF-OAXACA using RIF:q(99)
Model  : Blinder-Oaxaca RIF-decomposition
Type   : Reweighted
RIF    : q(99)
Scale  : 1
Group 1: formal_employment = 1 x1*b1             N of obs 1      = 2379
Group c: X1~>rw~>X2 or x2*b1                     N of obs C      = 2379
Group 2: formal_employment = 0 x2*b2             N of obs 2      = 4339

-----------------------------------------------------------------------------------------
                ln_wage |      Coef.   Std. Err.      z    P>|z|     [95% Conf. Interval]
------------------------+----------------------------------------------------------------
Overall                 |
                group_1 |   5.710972   .1676648    34.06   0.000     5.382355    6.039589
                group_c |   5.251636    .191071    27.49   0.000     4.877143    5.626128
                group_2 |   4.949139   .0690196    71.71   0.000     4.813863    5.084415
            tdifference |    .761833   .1813152     4.20   0.000     .4064618    1.117204
            t_explained |    .459336   .2542038     1.81   0.071    -.0388944    .9575663
          t_unexplained |    .302497   .2031547     1.49   0.136    -.0956788    .7006728
------------------------+----------------------------------------------------------------
explained               |
                  total |    .459336   .2542038     1.81   0.071    -.0388944    .9575663
            p_explained |   .3078769   .2387857     1.29   0.197    -.1601346    .7758883
             specif_err |   .1514591   .3452398     0.44   0.661    -.5251984    .8281166
------------------------+----------------------------------------------------------------
p_explained             |
             experience |   .0108578   .0454939     0.24   0.811    -.0783087    .1000243
          experience_sq |   .0077163   .0177564     0.43   0.664    -.0270856    .0425183
education_Below_primary |   .1023106   .0843487     1.21   0.225    -.0630097    .2676309
      education_Primary |   .2018792    .148746     1.36   0.175    -.0896576     .493416
  education_Tenth_grade |  -.0904436   .0772058    -1.17   0.241    -.2417642     .060877
    education_Secondary |  -.1294201   .1396054    -0.93   0.354    -.4030416    .1442014
     education_Bachelor |  -.0903287   .1386737    -0.65   0.515    -.3621242    .1814668
education_Masters_above |   .0781252   .0948188     0.82   0.410    -.1077162    .2639666
 caste_group_6_Janajati |  -.0208942   .0294501    -0.71   0.478    -.0786154     .036827
 caste_group_6_Adhibasi |    .026396   .0490183     0.54   0.590    -.0696781      .12247
  caste_group_6_Madhesi |   .0051231   .0085992     0.60   0.551    -.0117311    .0219773
    caste_group_6_Dalit |   .0167858   .0826468     0.20   0.839    -.1451991    .1787706
   caste_group_6_Others |  -.0525002   .0603868    -0.87   0.385    -.1708561    .0658557
                hh_size |   .0040822   .0116555     0.35   0.726    -.0187621    .0269265
                 female |  -.0054954   .0099482    -0.55   0.581    -.0249936    .0140028
                married |    .111104   .0680224     1.63   0.102    -.0222176    .2444255
               child_12 |   .0396107   .0430614     0.92   0.358    -.0447881    .1240095
              voc_train |   -.005916   .0321831    -0.18   0.854    -.0689937    .0571616
        migrated_fr_job |    .018336   .0172521     1.06   0.288    -.0154775    .0521495
         tot_chores_hrs |   .0000925   .0076682     0.01   0.990    -.0149369    .0151219
                  urban |   .0229843   .0309478     0.74   0.458    -.0376722    .0836408
            overtime_40 |   .0574715   .0424347     1.35   0.176     -.025699     .140642
------------------------+----------------------------------------------------------------
specif_err              |
             experience |   .1526927   1.466564     0.10   0.917     -2.72172    3.027106
          experience_sq |   .2766096   .8143095     0.34   0.734    -1.319408    1.872627
education_Below_primary |   .1773544   .1962085     0.90   0.366    -.2072072    .5619159
      education_Primary |   .5112284    .342834     1.49   0.136    -.1607139    1.183171
  education_Tenth_grade |   .3325548    .224985     1.48   0.139    -.1084076    .7735172
    education_Secondary |    .113508   .1114849     1.02   0.309    -.1049983    .3320143
     education_Bachelor |  -.0050353   .0811952    -0.06   0.951    -.1641751    .1541044
education_Masters_above |  -.0367387   .0391263    -0.94   0.348    -.1134249    .0399475
 caste_group_6_Janajati |  -.5064148   .2419941    -2.09   0.036    -.9807145   -.0321151
 caste_group_6_Adhibasi |  -.0264018   .1087659    -0.24   0.808     -.239579    .1867755
  caste_group_6_Madhesi |  -.0538115   .0974518    -0.55   0.581    -.2448135    .1371905
    caste_group_6_Dalit |  -.0053399   .1390711    -0.04   0.969    -.2779142    .2672344
   caste_group_6_Others |   .0468992   .1074851     0.44   0.663    -.1637677    .2575661
                hh_size |  -.1174798   .7509922    -0.16   0.876    -1.589398    1.354438
                 female |  -.0076574   .1673454    -0.05   0.964    -.3356484    .3203335
                married |  -.1575149   .5650849    -0.28   0.780    -1.265061    .9500313
               child_12 |   .3043802   .3487919     0.87   0.383    -.3792395    .9879998
              voc_train |  -.0332369   .1139141    -0.29   0.770    -.2565045    .1900307
        migrated_fr_job |   -.335498   .2096187    -1.60   0.109    -.7463431     .075347
         tot_chores_hrs |    .131169   .2168086     0.60   0.545    -.2937681     .556106
                  urban |  -.0892794     .40411    -0.22   0.825    -.8813204    .7027616
            overtime_40 |    .764209   .2949626     2.59   0.010      .186093    1.342325
                  _cons |  -1.284738   1.690193    -0.76   0.447    -4.597455     2.02798
------------------------+----------------------------------------------------------------
unexplained             |
                  total |    .302497   .2031547     1.49   0.136    -.0956788    .7006728
              rwg_error |   .4472109    .096651     4.63   0.000     .2577783    .6366434
          p_unexplained |  -.1447139   .2158333    -0.67   0.503    -.5677394    .2783117
------------------------+----------------------------------------------------------------
p_unexplained           |
             experience |  -.7680298   1.171216    -0.66   0.512    -3.063571    1.527512
          experience_sq |  -.3923566   .6097597    -0.64   0.520    -1.587464    .8027505
education_Below_primary |  -.4242188   .1203067    -3.53   0.000    -.6600156    -.188422
      education_Primary |  -.9201908   .1822271    -5.05   0.000    -1.277349   -.5630323
  education_Tenth_grade |  -.6014731   .1342066    -4.48   0.000    -.8645131   -.3384331
    education_Secondary |   -.268665   .0778008    -3.45   0.001    -.4211518   -.1161783
     education_Bachelor |  -.1321794   .0600805    -2.20   0.028     -.249935   -.0144238
education_Masters_above |   -.008653   .0315191    -0.27   0.784    -.0704294    .0531234
 caste_group_6_Janajati |   .4514235   .2027847     2.23   0.026     .0539727    .8488742
 caste_group_6_Adhibasi |   -.036973   .0684848    -0.54   0.589    -.1712006    .0972547
  caste_group_6_Madhesi |  -.0291121   .0900658    -0.32   0.747    -.2056378    .1474137
    caste_group_6_Dalit |  -.0413865   .0892361    -0.46   0.643    -.2162859     .133513
   caste_group_6_Others |   .0269603   .0645041     0.42   0.676    -.0994655    .1533861
                hh_size |   .1021822   .6473093     0.16   0.875    -1.166521    1.370885
                 female |  -.1360951   .1399236    -0.97   0.331    -.4103403    .1381501
                married |   .8320884   .4082349     2.04   0.042     .0319627    1.632214
               child_12 |  -.5819415   .2885358    -2.02   0.044    -1.147461   -.0164217
              voc_train |   .0025805   .0844272     0.03   0.976    -.1628939    .1680548
        migrated_fr_job |   .3713226   .1430112     2.60   0.009     .0910257    .6516194
         tot_chores_hrs |  -.0576587   .1694276    -0.34   0.734    -.3897307    .2744133
                  urban |   .2518324   .3291386     0.77   0.444    -.3932675    .8969323
            overtime_40 |   -1.07546   .3136085    -3.43   0.001    -1.690121   -.4607984
                  _cons |   3.291289   1.159266     2.84   0.005      1.01917    5.563409
------------------------+----------------------------------------------------------------
rwg_error               |
             experience |   -.002316   .0280059    -0.08   0.934    -.0572065    .0525745
          experience_sq |    .030084   .0332415     0.91   0.365    -.0350681    .0952362
education_Below_primary |   .0487854   .0262798     1.86   0.063    -.0027221    .1002928
      education_Primary |   -.039812   .0377503    -1.05   0.292    -.1138012    .0341772
  education_Tenth_grade |  -.0270418   .0307075    -0.88   0.379    -.0872275    .0331439
    education_Secondary |  -.0042495   .0166603    -0.26   0.799     -.036903     .028404
     education_Bachelor |  -.0006124   .0036771    -0.17   0.868    -.0078194    .0065946
education_Masters_above |   .0018687   .0099516     0.19   0.851    -.0176362    .0213735
 caste_group_6_Janajati |  -.0003326   .0200672    -0.02   0.987    -.0396636    .0389983
 caste_group_6_Adhibasi |  -.0015142    .005898    -0.26   0.797     -.013074    .0100456
  caste_group_6_Madhesi |  -.0018547   .0107292    -0.17   0.863    -.0228836    .0191741
    caste_group_6_Dalit |   .0008974    .004236     0.21   0.832     -.007405    .0091999
   caste_group_6_Others |   .0016328   .0044977     0.36   0.717    -.0071825    .0104481
                hh_size |   .0045681   .0460462     0.10   0.921    -.0856808    .0948169
                 female |   .0075141   .0097751     0.77   0.442    -.0116448     .026673
                married |   .0115913   .0141908     0.82   0.414    -.0162222    .0394048
               child_12 |    .037185    .023029     1.61   0.106    -.0079511     .082321
              voc_train |   .0027299   .0120919     0.23   0.821    -.0209697    .0264295
        migrated_fr_job |   .0782427    .030636     2.55   0.011     .0181971    .1382882
         tot_chores_hrs |  -.0048085    .007752    -0.62   0.535    -.0200022    .0103851
                  urban |  -.0136913   .0145224    -0.94   0.346    -.0421547    .0147722
            overtime_40 |   .3183447    .072332     4.40   0.000     .1765765    .4601128
-----------------------------------------------------------------------------------------
file test2.xlsx saved
file test2.xlsx saved

. 
end of do-file

. matrix list results

results[9,102]
             Overall:      Overall:      Overall:      Overall:      Overall:      Overall:    explained:    explained:    explained:  p_explained:  p_explained:  p_explained:  p_explained:
             group_1       group_c       group_2   tdifference   t_explained  t_unexplai~d         total   p_explained    specif_err    experience  experience~q  educ~primary  educ~Primary
     b     5.7109716     5.2516357     4.9491387     .76183296     .45933597     .30249699     .45933597     .30787686      .1514591     .01085779     .00771632     .10231059     .20187921
    se     .16766478     .19107095     .06901962     .18131516     .25420383     .20315466     .25420383     .23878574     .34523976     .04549394     .01775642     .08434866     .14874599
     z     34.061843     27.485264     71.706256     4.2017057     1.8069592     1.4889985     1.8069592     1.2893436     .43870701     .23866453     .43456494     1.2129486     1.3572077
pvalue     2.71e-254     2.63e-166             0     .00002649     .07076864     .13648776     .07076864     .19727867     .66087384     .81136572     .66387824     .22514945     .17471522
    ll     5.3823547     4.8771435     4.8138627     .40646177    -.03889439    -.09567883    -.03889439    -.16013459    -.52519839    -.07830869    -.02708563    -.06300974    -.08965758
    ul     6.0395886     5.6261279     5.0844147     1.1172041     .95756633     .70067282     .95756633     .77588832      .8281166     .10002427     .04251827     .26763092       .493416
    df             .             .             .             .             .             .             .             .             .             .             .             .             .
  crit      1.959964      1.959964      1.959964      1.959964      1.959964      1.959964      1.959964      1.959964      1.959964      1.959964      1.959964      1.959964      1.959964
 eform             0             0             0             0             0             0             0             0             0             0             0             0             0

         p_explained:  p_explained:  p_explained:  p_explained:  p_explained:  p_explained:  p_explained:  p_explained:  p_explained:  p_explained:  p_explained:  p_explained:  p_explained:
        education~de  educati~dary  education_~r  education~ve  caste_gro~ti  caste_gr~asi  caste_gr~esi  caste_grou~t  caste_gro~rs       hh_size        female       married      child_12
     b     -.0904436    -.12942012    -.09032871     .07812519     -.0208942     .02639596     .00512314     .01678577     -.0525002     .00408222    -.00549538     .11110395      .0396107
    se     .07720581     .13960538     .13867373     .09481879     .02945012     .04901828     .00859924     .08264684     .06038675     .01165546     .00994824     .06802244     .04306142
     z    -1.1714611    -.92704252    -.65137577     .82394203    -.70947758     .53849222     .59576682     .20310235    -.86939934     .35024103    -.55239786     1.6333426     .91986519
pvalue     .24141347     .35390446     .51480395      .4099725     .47802816     .59023728     .55133101     .83905503     .38462875     .72615782      .5806758     .10239697     .35764321
    ll     -.2417642    -.40304164    -.36212422    -.10771623    -.07861537     -.0696781    -.01173105    -.14519907    -.17085607    -.01876205    -.02499357    -.02221759    -.04478813
    ul       .060877     .14420139     .18146681     .26396661     .03682697     .12247003     .02197733      .1787706     .06585566     .02692649      .0140028     .24442549     .12400953
    df             .             .             .             .             .             .             .             .             .             .             .             .             .
  crit      1.959964      1.959964      1.959964      1.959964      1.959964      1.959964      1.959964      1.959964      1.959964      1.959964      1.959964      1.959964      1.959964
 eform             0             0             0             0             0             0             0             0             0             0             0             0             0

         p_explained:  p_explained:  p_explained:  p_explained:  p_explained:   specif_err:   specif_err:   specif_err:   specif_err:   specif_err:   specif_err:   specif_err:   specif_err:
           voc_train  migrated_f~b  tot_chores~s         urban   overtime_40    experience  experience~q  educ~primary  educ~Primary  education~de  educati~dary  education_~r  education~ve
     b    -.00591602       .018336     .00009251     .02298426     .05747149     .15269266      .2766096     .17735436     .51122843      .3325548     .11350796    -.00503534     -.0367387
    se     .03218307      .0172521     .00766818     .03094777      .0424347     1.4665641     .81430952     .19620849     .34283402     .22498495     .11148486     .08119524     .03912632
     z    -.18382386     1.0628275     .01206354      .7426791     1.3543513     .10411591     .33968607     .90390765     1.4911835     1.4781202     1.0181469    -.06201523    -.93897675
pvalue     .85415164     .28786017     .99037492     .45767598     .17562434     .91707736     .73409295     .36604437     .13591332     .13937561     .30860815      .9505507     .34774268
    ll    -.06899368    -.01547749    -.01493686    -.03767225    -.02569899    -2.7217202    -1.3194077    -.20720722    -.16071389     -.1084076    -.10499835    -.16417508    -.11342488
    ul     .05716165      .0521495     .01512187     .08364077     .14064196     3.0271056     1.8726269     .56191594     1.1831708     .77351721     .33201428      .1541044     .03994747
    df             .             .             .             .             .             .             .             .             .             .             .             .             .
  crit      1.959964      1.959964      1.959964      1.959964      1.959964      1.959964      1.959964      1.959964      1.959964      1.959964      1.959964      1.959964      1.959964
 eform             0             0             0             0             0             0             0             0             0             0             0             0             0

          specif_err:   specif_err:   specif_err:   specif_err:   specif_err:   specif_err:   specif_err:   specif_err:   specif_err:   specif_err:   specif_err:   specif_err:   specif_err:
        caste_gro~ti  caste_gr~asi  caste_gr~esi  caste_grou~t  caste_gro~rs       hh_size        female       married      child_12     voc_train  migrated_f~b  tot_chores~s         urban
     b    -.50641479    -.02640177    -.05381149    -.00533991     .04689919    -.11747981    -.00765744    -.15751487     .30438016    -.03323689    -.33549802     .13116895    -.08927941
    se     .24199409     .10876589     .09745179     .13907108     .10748507     .75099223     .16734541     .56508494     .34879193     .11391415     .20961868     .21680859     .40410997
     z    -2.0926742    -.24273941    -.55218578    -.03839698     .43633218    -.15643279    -.04575829    -.27874547     .87266972    -.29177144    -1.6005158     .60499888    -.22092849
pvalue     .03637825     .80820727     .58082108     .96937117     .66259574     .87569189      .9635029     .78044017     .38284312     .77046138      .1094842     .54517974     .82514811
    ll    -.98071449    -.23957899    -.24481348    -.27791422    -.16376767    -1.5893975    -.33564842     -1.265061    -.37923946    -.25650452    -.74634308    -.29376808     -.8813204
    ul    -.03211509     .18677545      .1371905      .2672344     .25756606     1.3544379     .32033353     .95003127     .98799978     .19003073     .07534705     .55610598     .70276158
    df             .             .             .             .             .             .             .             .             .             .             .             .             .
  crit      1.959964      1.959964      1.959964      1.959964      1.959964      1.959964      1.959964      1.959964      1.959964      1.959964      1.959964      1.959964      1.959964
 eform             0             0             0             0             0             0             0             0             0             0             0             0             0

          specif_err:   specif_err:  unexplained:  unexplained:  unexplained:  p_unexpla~d:  p_unexpla~d:  p_unexpla~d:  p_unexpla~d:  p_unexpla~d:  p_unexpla~d:  p_unexpla~d:  p_unexpla~d:
         overtime_40         _cons         total     rwg_error  p_unexplai~d    experience  experience~q  educ~primary  educ~Primary  education~de  educati~dary  education_~r  education~ve
     b     .76420903    -1.2847376     .30249699     .44721086    -.14471386    -.76802975    -.39235658    -.42421879    -.92019076    -.60147309    -.26866504    -.13217939    -.00865301
    se     .29496258      1.690193     .20315466     .09665103     .21583332     1.1712162     .60975971     .12030669     .18222707     .13420657     .07780081     .06008049     .03151915
     z     2.5908677    -.76011296     1.4889985     4.6270679    -.67048898    -.65575405    -.64346097    -3.5261445     -5.049693    -4.4816965    -3.4532422    -2.2000387    -.27453169
pvalue     .00957343     .44718706     .13648776     3.709e-06     .50254613     .51198239     .51992503     .00042166     4.425e-07     7.405e-06     .00055389     .02780415     .78367606
    ll     .18609299     -4.597455    -.09567883     .25777833    -.56773939    -3.0635713    -1.5874637    -.66001558    -1.2773492    -.86451313    -.42115183    -.24993498     -.0704294
    ul     1.3423251     2.0279798     .70067282     .63664338     .27831167     1.5275118      .8027505    -.18842201    -.56303226    -.33843306    -.11617825     -.0144238     .05312339
    df             .             .             .             .             .             .             .             .             .             .             .             .             .
  crit      1.959964      1.959964      1.959964      1.959964      1.959964      1.959964      1.959964      1.959964      1.959964      1.959964      1.959964      1.959964      1.959964
 eform             0             0             0             0             0             0             0             0             0             0             0             0             0

         p_unexpla~d:  p_unexpla~d:  p_unexpla~d:  p_unexpla~d:  p_unexpla~d:  p_unexpla~d:  p_unexpla~d:  p_unexpla~d:  p_unexpla~d:  p_unexpla~d:  p_unexpla~d:  p_unexpla~d:  p_unexpla~d:
        caste_gro~ti  caste_gr~asi  caste_gr~esi  caste_grou~t  caste_gro~rs       hh_size        female       married      child_12     voc_train  migrated_f~b  tot_chores~s         urban
     b     .45142346    -.03697296    -.02911208    -.04138647     .02696027      .1021822     -.1360951     .83208845    -.58194147     .00258045     .37132256    -.05765869     .25183239
    se     .20278471     .06848476     .09006582     .08923606     .06450413     .64730935     .13992359     .40823494     .28853582     .08442723     .14301122     .16942761     .32913864
     z     2.2261218    -.53987134    -.32323112    -.46378641     .41796197     .15785683    -.97263869     2.0382588    -2.0168778     .03056423     2.5964575    -.34031458     .76512557
pvalue     .02600602     .58928576     .74652021     .64280078     .67597492     .87456962     .33073291     .04152406     .04370827     .97561707     .00941906     .73361964     .44419677
    ll     .05397274    -.17120061    -.20563784    -.21628594     -.0994655    -1.1665208     -.4103403     .03196266    -1.1474613    -.16289387     .09102572    -.38973071     -.3932675
    ul     .84887419      .0972547     .14741369       .133513     .15338605     1.3708852      .1381501     1.6322142    -.01642166     .16805478      .6516194     .27441333     .89693228
    df             .             .             .             .             .             .             .             .             .             .             .             .             .
  crit      1.959964      1.959964      1.959964      1.959964      1.959964      1.959964      1.959964      1.959964      1.959964      1.959964      1.959964      1.959964      1.959964
 eform             0             0             0             0             0             0             0             0             0             0             0             0             0

         p_unexpla~d:  p_unexpla~d:    rwg_error:    rwg_error:    rwg_error:    rwg_error:    rwg_error:    rwg_error:    rwg_error:    rwg_error:    rwg_error:    rwg_error:    rwg_error:
         overtime_40         _cons    experience  experience~q  educ~primary  educ~Primary  education~de  educati~dary  education_~r  education~ve  caste_gro~ti  caste_gr~asi  caste_gr~esi
     b    -1.0754599     3.2912894    -.00231604     .03008403     .04878537    -.03981197    -.02704183    -.00424948    -.00061238     .00186868    -.00033264    -.00151419    -.00185475
    se     .31360853     1.1592658     .02800587      .0332415     .02627979      .0377503     .03070755     .01666026     .00367712     .00995165     .02006718     .00589797     .01072919
     z    -3.4293068     2.8391154    -.08269831     .90501432     1.8563833    -1.0546136    -.88062493    -.25506653    -.16653843     .18777548    -.01657614    -.25673039    -.17286927
pvalue     .00060513     .00452388     .93409143      .3654578     .06339894     .29160209     .37852086     .79867171     .86773325     .85105266     .98677476     .79738691     .86275419
    ll    -1.6901213     1.0191702    -.05720654    -.03506811    -.00272208    -.11380119    -.08722752    -.03690299    -.00781941    -.01763619     -.0396636      -.013074    -.02288357
    ul    -.46079843     5.5634086     .05257447     .09523618     .10029281     .03417725     .03314386     .02840404     .00659465     .02137354     .03899832     .01004562     .01917408
    df             .             .             .             .             .             .             .             .             .             .             .             .             .
  crit      1.959964      1.959964      1.959964      1.959964      1.959964      1.959964      1.959964      1.959964      1.959964      1.959964      1.959964      1.959964      1.959964
 eform             0             0             0             0             0             0             0             0             0             0             0             0             0

           rwg_error:    rwg_error:    rwg_error:    rwg_error:    rwg_error:    rwg_error:    rwg_error:    rwg_error:    rwg_error:    rwg_error:    rwg_error:
        caste_grou~t  caste_gro~rs       hh_size        female       married      child_12     voc_train  migrated_f~b  tot_chores~s         urban   overtime_40
     b     .00089744      .0016328     .00456806     .00751406     .01159129     .03718496     .00272988     .07824267     -.0048085    -.01369126     .31834466
    se     .00423601     .00449767      .0460462     .00977513     .01419084       .023029     .01209187     .03063604     .00775201     .01452243     .07233201
     z     .21185942     .36303236     .09920598     .76869154     .81681507     1.6147012     .22576129     2.5539417     -.6202916     -.9427667     4.4011585
pvalue     .83221671     .71658071     .92097473     .44207645     .41403412     .10637541     .82138709     .01065111     .53506582     .34580025     .00001077
    ll      -.007405    -.00718248    -.08568083    -.01164484    -.01622224    -.00795106    -.02096975     .01819713    -.02000215    -.04215469     .17657652
    ul     .00919988     .01044808     .09481695     .02667296     .03940483     .08232097      .0264295     .13828822     .01038515     .01477217     .46011281
    df             .             .             .             .             .             .             .             .             .             .             .
  crit      1.959964      1.959964      1.959964      1.959964      1.959964      1.959964      1.959964      1.959964      1.959964      1.959964      1.959964
 eform             0             0             0             0             0             0             0             0             0             0             0

. matrix list results(b)
results(b) invalid name
matrix results(b) not found
r(111);

. matrix list results[b]
[ invalid name
matrix [b] not found
r(111);

. matrix list results[,b]
[ invalid name
matrix [,b] not found
r(111);

. matrix list results[b,]
[ invalid name
matrix [b,] not found
r(111);

. matrix list results[9,6]
[ invalid name
matrix [9,6] not found
r(111);

. matrix list r(table)

r(table)[9,102]
             Overall:      Overall:      Overall:      Overall:      Overall:      Overall:    explained:    explained:    explained:  p_explained:  p_explained:  p_explained:  p_explained:
             group_1       group_c       group_2   tdifference   t_explained  t_unexplai~d         total   p_explained    specif_err    experience  experience~q  educ~primary  educ~Primary
     b     5.7109716     5.2516357     4.9491387     .76183296     .45933597     .30249699     .45933597     .30787686      .1514591     .01085779     .00771632     .10231059     .20187921
    se     .16766478     .19107095     .06901962     .18131516     .25420383     .20315466     .25420383     .23878574     .34523976     .04549394     .01775642     .08434866     .14874599
     z     34.061843     27.485264     71.706256     4.2017057     1.8069592     1.4889985     1.8069592     1.2893436     .43870701     .23866453     .43456494     1.2129486     1.3572077
pvalue     2.71e-254     2.63e-166             0     .00002649     .07076864     .13648776     .07076864     .19727867     .66087384     .81136572     .66387824     .22514945     .17471522
    ll     5.3823547     4.8771435     4.8138627     .40646177    -.03889439    -.09567883    -.03889439    -.16013459    -.52519839    -.07830869    -.02708563    -.06300974    -.08965758
    ul     6.0395886     5.6261279     5.0844147     1.1172041     .95756633     .70067282     .95756633     .77588832      .8281166     .10002427     .04251827     .26763092       .493416
    df             .             .             .             .             .             .             .             .             .             .             .             .             .
  crit      1.959964      1.959964      1.959964      1.959964      1.959964      1.959964      1.959964      1.959964      1.959964      1.959964      1.959964      1.959964      1.959964
 eform             0             0             0             0             0             0             0             0             0             0             0             0             0

         p_explained:  p_explained:  p_explained:  p_explained:  p_explained:  p_explained:  p_explained:  p_explained:  p_explained:  p_explained:  p_explained:  p_explained:  p_explained:
        education~de  educati~dary  education_~r  education~ve  caste_gro~ti  caste_gr~asi  caste_gr~esi  caste_grou~t  caste_gro~rs       hh_size        female       married      child_12
     b     -.0904436    -.12942012    -.09032871     .07812519     -.0208942     .02639596     .00512314     .01678577     -.0525002     .00408222    -.00549538     .11110395      .0396107
    se     .07720581     .13960538     .13867373     .09481879     .02945012     .04901828     .00859924     .08264684     .06038675     .01165546     .00994824     .06802244     .04306142
     z    -1.1714611    -.92704252    -.65137577     .82394203    -.70947758     .53849222     .59576682     .20310235    -.86939934     .35024103    -.55239786     1.6333426     .91986519
pvalue     .24141347     .35390446     .51480395      .4099725     .47802816     .59023728     .55133101     .83905503     .38462875     .72615782      .5806758     .10239697     .35764321
    ll     -.2417642    -.40304164    -.36212422    -.10771623    -.07861537     -.0696781    -.01173105    -.14519907    -.17085607    -.01876205    -.02499357    -.02221759    -.04478813
    ul       .060877     .14420139     .18146681     .26396661     .03682697     .12247003     .02197733      .1787706     .06585566     .02692649      .0140028     .24442549     .12400953
    df             .             .             .             .             .             .             .             .             .             .             .             .             .
  crit      1.959964      1.959964      1.959964      1.959964      1.959964      1.959964      1.959964      1.959964      1.959964      1.959964      1.959964      1.959964      1.959964
 eform             0             0             0             0             0             0             0             0             0             0             0             0             0

         p_explained:  p_explained:  p_explained:  p_explained:  p_explained:   specif_err:   specif_err:   specif_err:   specif_err:   specif_err:   specif_err:   specif_err:   specif_err:
           voc_train  migrated_f~b  tot_chores~s         urban   overtime_40    experience  experience~q  educ~primary  educ~Primary  education~de  educati~dary  education_~r  education~ve
     b    -.00591602       .018336     .00009251     .02298426     .05747149     .15269266      .2766096     .17735436     .51122843      .3325548     .11350796    -.00503534     -.0367387
    se     .03218307      .0172521     .00766818     .03094777      .0424347     1.4665641     .81430952     .19620849     .34283402     .22498495     .11148486     .08119524     .03912632
     z    -.18382386     1.0628275     .01206354      .7426791     1.3543513     .10411591     .33968607     .90390765     1.4911835     1.4781202     1.0181469    -.06201523    -.93897675
pvalue     .85415164     .28786017     .99037492     .45767598     .17562434     .91707736     .73409295     .36604437     .13591332     .13937561     .30860815      .9505507     .34774268
    ll    -.06899368    -.01547749    -.01493686    -.03767225    -.02569899    -2.7217202    -1.3194077    -.20720722    -.16071389     -.1084076    -.10499835    -.16417508    -.11342488
    ul     .05716165      .0521495     .01512187     .08364077     .14064196     3.0271056     1.8726269     .56191594     1.1831708     .77351721     .33201428      .1541044     .03994747
    df             .             .             .             .             .             .             .             .             .             .             .             .             .
  crit      1.959964      1.959964      1.959964      1.959964      1.959964      1.959964      1.959964      1.959964      1.959964      1.959964      1.959964      1.959964      1.959964
 eform             0             0             0             0             0             0             0             0             0             0             0             0             0

          specif_err:   specif_err:   specif_err:   specif_err:   specif_err:   specif_err:   specif_err:   specif_err:   specif_err:   specif_err:   specif_err:   specif_err:   specif_err:
        caste_gro~ti  caste_gr~asi  caste_gr~esi  caste_grou~t  caste_gro~rs       hh_size        female       married      child_12     voc_train  migrated_f~b  tot_chores~s         urban
     b    -.50641479    -.02640177    -.05381149    -.00533991     .04689919    -.11747981    -.00765744    -.15751487     .30438016    -.03323689    -.33549802     .13116895    -.08927941
    se     .24199409     .10876589     .09745179     .13907108     .10748507     .75099223     .16734541     .56508494     .34879193     .11391415     .20961868     .21680859     .40410997
     z    -2.0926742    -.24273941    -.55218578    -.03839698     .43633218    -.15643279    -.04575829    -.27874547     .87266972    -.29177144    -1.6005158     .60499888    -.22092849
pvalue     .03637825     .80820727     .58082108     .96937117     .66259574     .87569189      .9635029     .78044017     .38284312     .77046138      .1094842     .54517974     .82514811
    ll    -.98071449    -.23957899    -.24481348    -.27791422    -.16376767    -1.5893975    -.33564842     -1.265061    -.37923946    -.25650452    -.74634308    -.29376808     -.8813204
    ul    -.03211509     .18677545      .1371905      .2672344     .25756606     1.3544379     .32033353     .95003127     .98799978     .19003073     .07534705     .55610598     .70276158
    df             .             .             .             .             .             .             .             .             .             .             .             .             .
  crit      1.959964      1.959964      1.959964      1.959964      1.959964      1.959964      1.959964      1.959964      1.959964      1.959964      1.959964      1.959964      1.959964
 eform             0             0             0             0             0             0             0             0             0             0             0             0             0

          specif_err:   specif_err:  unexplained:  unexplained:  unexplained:  p_unexpla~d:  p_unexpla~d:  p_unexpla~d:  p_unexpla~d:  p_unexpla~d:  p_unexpla~d:  p_unexpla~d:  p_unexpla~d:
         overtime_40         _cons         total     rwg_error  p_unexplai~d    experience  experience~q  educ~primary  educ~Primary  education~de  educati~dary  education_~r  education~ve
     b     .76420903    -1.2847376     .30249699     .44721086    -.14471386    -.76802975    -.39235658    -.42421879    -.92019076    -.60147309    -.26866504    -.13217939    -.00865301
    se     .29496258      1.690193     .20315466     .09665103     .21583332     1.1712162     .60975971     .12030669     .18222707     .13420657     .07780081     .06008049     .03151915
     z     2.5908677    -.76011296     1.4889985     4.6270679    -.67048898    -.65575405    -.64346097    -3.5261445     -5.049693    -4.4816965    -3.4532422    -2.2000387    -.27453169
pvalue     .00957343     .44718706     .13648776     3.709e-06     .50254613     .51198239     .51992503     .00042166     4.425e-07     7.405e-06     .00055389     .02780415     .78367606
    ll     .18609299     -4.597455    -.09567883     .25777833    -.56773939    -3.0635713    -1.5874637    -.66001558    -1.2773492    -.86451313    -.42115183    -.24993498     -.0704294
    ul     1.3423251     2.0279798     .70067282     .63664338     .27831167     1.5275118      .8027505    -.18842201    -.56303226    -.33843306    -.11617825     -.0144238     .05312339
    df             .             .             .             .             .             .             .             .             .             .             .             .             .
  crit      1.959964      1.959964      1.959964      1.959964      1.959964      1.959964      1.959964      1.959964      1.959964      1.959964      1.959964      1.959964      1.959964
 eform             0             0             0             0             0             0             0             0             0             0             0             0             0

         p_unexpla~d:  p_unexpla~d:  p_unexpla~d:  p_unexpla~d:  p_unexpla~d:  p_unexpla~d:  p_unexpla~d:  p_unexpla~d:  p_unexpla~d:  p_unexpla~d:  p_unexpla~d:  p_unexpla~d:  p_unexpla~d:
        caste_gro~ti  caste_gr~asi  caste_gr~esi  caste_grou~t  caste_gro~rs       hh_size        female       married      child_12     voc_train  migrated_f~b  tot_chores~s         urban
     b     .45142346    -.03697296    -.02911208    -.04138647     .02696027      .1021822     -.1360951     .83208845    -.58194147     .00258045     .37132256    -.05765869     .25183239
    se     .20278471     .06848476     .09006582     .08923606     .06450413     .64730935     .13992359     .40823494     .28853582     .08442723     .14301122     .16942761     .32913864
     z     2.2261218    -.53987134    -.32323112    -.46378641     .41796197     .15785683    -.97263869     2.0382588    -2.0168778     .03056423     2.5964575    -.34031458     .76512557
pvalue     .02600602     .58928576     .74652021     .64280078     .67597492     .87456962     .33073291     .04152406     .04370827     .97561707     .00941906     .73361964     .44419677
    ll     .05397274    -.17120061    -.20563784    -.21628594     -.0994655    -1.1665208     -.4103403     .03196266    -1.1474613    -.16289387     .09102572    -.38973071     -.3932675
    ul     .84887419      .0972547     .14741369       .133513     .15338605     1.3708852      .1381501     1.6322142    -.01642166     .16805478      .6516194     .27441333     .89693228
    df             .             .             .             .             .             .             .             .             .             .             .             .             .
  crit      1.959964      1.959964      1.959964      1.959964      1.959964      1.959964      1.959964      1.959964      1.959964      1.959964      1.959964      1.959964      1.959964
 eform             0             0             0             0             0             0             0             0             0             0             0             0             0

         p_unexpla~d:  p_unexpla~d:    rwg_error:    rwg_error:    rwg_error:    rwg_error:    rwg_error:    rwg_error:    rwg_error:    rwg_error:    rwg_error:    rwg_error:    rwg_error:
         overtime_40         _cons    experience  experience~q  educ~primary  educ~Primary  education~de  educati~dary  education_~r  education~ve  caste_gro~ti  caste_gr~asi  caste_gr~esi
     b    -1.0754599     3.2912894    -.00231604     .03008403     .04878537    -.03981197    -.02704183    -.00424948    -.00061238     .00186868    -.00033264    -.00151419    -.00185475
    se     .31360853     1.1592658     .02800587      .0332415     .02627979      .0377503     .03070755     .01666026     .00367712     .00995165     .02006718     .00589797     .01072919
     z    -3.4293068     2.8391154    -.08269831     .90501432     1.8563833    -1.0546136    -.88062493    -.25506653    -.16653843     .18777548    -.01657614    -.25673039    -.17286927
pvalue     .00060513     .00452388     .93409143      .3654578     .06339894     .29160209     .37852086     .79867171     .86773325     .85105266     .98677476     .79738691     .86275419
    ll    -1.6901213     1.0191702    -.05720654    -.03506811    -.00272208    -.11380119    -.08722752    -.03690299    -.00781941    -.01763619     -.0396636      -.013074    -.02288357
    ul    -.46079843     5.5634086     .05257447     .09523618     .10029281     .03417725     .03314386     .02840404     .00659465     .02137354     .03899832     .01004562     .01917408
    df             .             .             .             .             .             .             .             .             .             .             .             .             .
  crit      1.959964      1.959964      1.959964      1.959964      1.959964      1.959964      1.959964      1.959964      1.959964      1.959964      1.959964      1.959964      1.959964
 eform             0             0             0             0             0             0             0             0             0             0             0             0             0

           rwg_error:    rwg_error:    rwg_error:    rwg_error:    rwg_error:    rwg_error:    rwg_error:    rwg_error:    rwg_error:    rwg_error:    rwg_error:
        caste_grou~t  caste_gro~rs       hh_size        female       married      child_12     voc_train  migrated_f~b  tot_chores~s         urban   overtime_40
     b     .00089744      .0016328     .00456806     .00751406     .01159129     .03718496     .00272988     .07824267     -.0048085    -.01369126     .31834466
    se     .00423601     .00449767      .0460462     .00977513     .01419084       .023029     .01209187     .03063604     .00775201     .01452243     .07233201
     z     .21185942     .36303236     .09920598     .76869154     .81681507     1.6147012     .22576129     2.5539417     -.6202916     -.9427667     4.4011585
pvalue     .83221671     .71658071     .92097473     .44207645     .41403412     .10637541     .82138709     .01065111     .53506582     .34580025     .00001077
    ll      -.007405    -.00718248    -.08568083    -.01164484    -.01622224    -.00795106    -.02096975     .01819713    -.02000215    -.04215469     .17657652
    ul     .00919988     .01044808     .09481695     .02667296     .03940483     .08232097      .0264295     .13828822     .01038515     .01477217     .46011281
    df             .             .             .             .             .             .             .             .             .             .             .
  crit      1.959964      1.959964      1.959964      1.959964      1.959964      1.959964      1.959964      1.959964      1.959964      1.959964      1.959964
 eform             0             0             0             0             0             0             0             0             0             0             0

. matrix list r(table)[9,6]
[ invalid name
matrix [9,6] not found
r(111);

. matlist r(table)

             | Overall                                                          | explained                       | p_expla~d                                                                   
             |   group_1    group_c    group_2  tdiffer~e  t_expla~d  t_unexp~d |     total  p_expla~d  specif_~r | experie~e  experie~q  e~primary  e~Primary  educat~de  educ~dary  educati~r 
-------------+------------------------------------------------------------------+---------------------------------+-----------------------------------------------------------------------------
           b |  5.710972   5.251636   4.949139    .761833    .459336    .302497 |   .459336   .3078769   .1514591 |  .0108578   .0077163   .1023106   .2018792  -.0904436  -.1294201  -.0903287 
          se |  .1676648    .191071   .0690196   .1813152   .2542038   .2031547 |  .2542038   .2387857   .3452398 |  .0454939   .0177564   .0843487    .148746   .0772058   .1396054   .1386737 
           z |  34.06184   27.48526   71.70626   4.201706   1.806959   1.488999 |  1.806959   1.289344    .438707 |  .2386645   .4345649   1.212949   1.357208  -1.171461  -.9270425  -.6513758 
      pvalue |  2.7e-254   2.6e-166          0   .0000265   .0707686   .1364878 |  .0707686   .1972787   .6608738 |  .8113657   .6638782   .2251495   .1747152   .2414135   .3539045   .5148039 
          ll |  5.382355   4.877143   4.813863   .4064618  -.0388944  -.0956788 | -.0388944  -.1601346  -.5251984 | -.0783087  -.0270856  -.0630097  -.0896576  -.2417642  -.4030416  -.3621242 
          ul |  6.039589   5.626128   5.084415   1.117204   .9575663   .7006728 |  .9575663   .7758883   .8281166 |  .1000243   .0425183   .2676309    .493416    .060877   .1442014   .1814668 
          df |         .          .          .          .          .          . |         .          .          . |         .          .          .          .          .          .          . 
        crit |  1.959964   1.959964   1.959964   1.959964   1.959964   1.959964 |  1.959964   1.959964   1.959964 |  1.959964   1.959964   1.959964   1.959964   1.959964   1.959964   1.959964 
       eform |         0          0          0          0          0          0 |         0          0          0 |         0          0          0          0          0          0          0 

             | p_expla~d                                                                                                                                                           | specif_~r 
             | educat~ve  caste_~ti  caste~asi  caste~esi  caste_g~t  caste_~rs    hh_size     female    married   child_12  voc_train  migrate~b  tot_cho~s      urban  overti~40 | experie~e 
-------------+---------------------------------------------------------------------------------------------------------------------------------------------------------------------+-----------
           b |  .0781252  -.0208942    .026396   .0051231   .0167858  -.0525002   .0040822  -.0054954    .111104   .0396107   -.005916    .018336   .0000925   .0229843   .0574715 |  .1526927 
          se |  .0948188   .0294501   .0490183   .0085992   .0826468   .0603868   .0116555   .0099482   .0680224   .0430614   .0321831   .0172521   .0076682   .0309478   .0424347 |  1.466564 
           z |   .823942  -.7094776   .5384922   .5957668   .2031024  -.8693993    .350241  -.5523979   1.633343   .9198652  -.1838239   1.062828   .0120635   .7426791   1.354351 |  .1041159 
      pvalue |  .4099725   .4780282   .5902373    .551331    .839055   .3846287   .7261578   .5806758    .102397   .3576432   .8541516   .2878602   .9903749    .457676   .1756243 |  .9170774 
          ll | -.1077162  -.0786154  -.0696781  -.0117311  -.1451991  -.1708561  -.0187621  -.0249936  -.0222176  -.0447881  -.0689937  -.0154775  -.0149369  -.0376722   -.025699 |  -2.72172 
          ul |  .2639666    .036827     .12247   .0219773   .1787706   .0658557   .0269265   .0140028   .2444255   .1240095   .0571616   .0521495   .0151219   .0836408    .140642 |  3.027106 
          df |         .          .          .          .          .          .          .          .          .          .          .          .          .          .          . |         . 
        crit |  1.959964   1.959964   1.959964   1.959964   1.959964   1.959964   1.959964   1.959964   1.959964   1.959964   1.959964   1.959964   1.959964   1.959964   1.959964 |  1.959964 
       eform |         0          0          0          0          0          0          0          0          0          0          0          0          0          0          0 |         0 

             | specif_~r                                                                                                                                                                      
             | experie~q  e~primary  e~Primary  educat~de  educ~dary  educati~r  educat~ve  caste_~ti  caste~asi  caste~esi  caste_g~t  caste_~rs    hh_size     female    married   child_12 
-------------+--------------------------------------------------------------------------------------------------------------------------------------------------------------------------------
           b |  .2766096   .1773544   .5112284   .3325548    .113508  -.0050353  -.0367387  -.5064148  -.0264018  -.0538115  -.0053399   .0468992  -.1174798  -.0076574  -.1575149   .3043802 
          se |  .8143095   .1962085    .342834    .224985   .1114849   .0811952   .0391263   .2419941   .1087659   .0974518   .1390711   .1074851   .7509922   .1673454   .5650849   .3487919 
           z |  .3396861   .9039077   1.491184    1.47812   1.018147  -.0620152  -.9389767  -2.092674  -.2427394  -.5521858   -.038397   .4363322  -.1564328  -.0457583  -.2787455   .8726697 
      pvalue |   .734093   .3660444   .1359133   .1393756   .3086082   .9505507   .3477427   .0363782   .8082073   .5808211   .9693712   .6625957   .8756919   .9635029   .7804402   .3828431 
          ll | -1.319408  -.2072072  -.1607139  -.1084076  -.1049983  -.1641751  -.1134249  -.9807145   -.239579  -.2448135  -.2779142  -.1637677  -1.589398  -.3356484  -1.265061  -.3792395 
          ul |  1.872627   .5619159   1.183171   .7735172   .3320143   .1541044   .0399475  -.0321151   .1867755   .1371905   .2672344   .2575661   1.354438   .3203335   .9500313   .9879998 
          df |         .          .          .          .          .          .          .          .          .          .          .          .          .          .          .          . 
        crit |  1.959964   1.959964   1.959964   1.959964   1.959964   1.959964   1.959964   1.959964   1.959964   1.959964   1.959964   1.959964   1.959964   1.959964   1.959964   1.959964 
       eform |         0          0          0          0          0          0          0          0          0          0          0          0          0          0          0          0 

             | specif_~r                                                        | unexpla~d                       | p_unexp~d                                                                   
             | voc_train  migrate~b  tot_cho~s      urban  overti~40      _cons |     total  rwg_error  p_unexp~d | experie~e  experie~q  e~primary  e~Primary  educat~de  educ~dary  educati~r 
-------------+------------------------------------------------------------------+---------------------------------+-----------------------------------------------------------------------------
           b | -.0332369   -.335498    .131169  -.0892794    .764209  -1.284738 |   .302497   .4472109  -.1447139 | -.7680298  -.3923566  -.4242188  -.9201908  -.6014731   -.268665  -.1321794 
          se |  .1139141   .2096187   .2168086     .40411   .2949626   1.690193 |  .2031547    .096651   .2158333 |  1.171216   .6097597   .1203067   .1822271   .1342066   .0778008   .0600805 
           z | -.2917714  -1.600516   .6049989  -.2209285   2.590868   -.760113 |  1.488999   4.627068   -.670489 | -.6557541   -.643461  -3.526145  -5.049693  -4.481696  -3.453242  -2.200039 
      pvalue |  .7704614   .1094842   .5451797   .8251481   .0095734   .4471871 |  .1364878   3.71e-06   .5025461 |  .5119824    .519925   .0004217   4.43e-07   7.41e-06   .0005539   .0278042 
          ll | -.2565045  -.7463431  -.2937681  -.8813204    .186093  -4.597455 | -.0956788   .2577783  -.5677394 | -3.063571  -1.587464  -.6600156  -1.277349  -.8645131  -.4211518   -.249935 
          ul |  .1900307    .075347    .556106   .7027616   1.342325    2.02798 |  .7006728   .6366434   .2783117 |  1.527512   .8027505   -.188422  -.5630323  -.3384331  -.1161783  -.0144238 
          df |         .          .          .          .          .          . |         .          .          . |         .          .          .          .          .          .          . 
        crit |  1.959964   1.959964   1.959964   1.959964   1.959964   1.959964 |  1.959964   1.959964   1.959964 |  1.959964   1.959964   1.959964   1.959964   1.959964   1.959964   1.959964 
       eform |         0          0          0          0          0          0 |         0          0          0 |         0          0          0          0          0          0          0 

             | p_unexp~d                                                                                                                                                                      
             | educat~ve  caste_~ti  caste~asi  caste~esi  caste_g~t  caste_~rs    hh_size     female    married   child_12  voc_train  migrate~b  tot_cho~s      urban  overti~40      _cons 
-------------+--------------------------------------------------------------------------------------------------------------------------------------------------------------------------------
           b |  -.008653   .4514235   -.036973  -.0291121  -.0413865   .0269603   .1021822  -.1360951   .8320884  -.5819415   .0025805   .3713226  -.0576587   .2518324   -1.07546   3.291289 
          se |  .0315191   .2027847   .0684848   .0900658   .0892361   .0645041   .6473093   .1399236   .4082349   .2885358   .0844272   .1430112   .1694276   .3291386   .3136085   1.159266 
           z | -.2745317   2.226122  -.5398713  -.3232311  -.4637864    .417962   .1578568  -.9726387   2.038259  -2.016878   .0305642   2.596458  -.3403146   .7651256  -3.429307   2.839115 
      pvalue |  .7836761    .026006   .5892858   .7465202   .6428008   .6759749   .8745696   .3307329   .0415241   .0437083   .9756171   .0094191   .7336196   .4441968   .0006051   .0045239 
          ll | -.0704294   .0539727  -.1712006  -.2056378  -.2162859  -.0994655  -1.166521  -.4103403   .0319627  -1.147461  -.1628939   .0910257  -.3897307  -.3932675  -1.690121    1.01917 
          ul |  .0531234   .8488742   .0972547   .1474137    .133513   .1533861   1.370885   .1381501   1.632214  -.0164217   .1680548   .6516194   .2744133   .8969323  -.4607984   5.563409 
          df |         .          .          .          .          .          .          .          .          .          .          .          .          .          .          .          . 
        crit |  1.959964   1.959964   1.959964   1.959964   1.959964   1.959964   1.959964   1.959964   1.959964   1.959964   1.959964   1.959964   1.959964   1.959964   1.959964   1.959964 
       eform |         0          0          0          0          0          0          0          0          0          0          0          0          0          0          0          0 

             | rwg_error                                                                                                                                                                      
             | experie~e  experie~q  e~primary  e~Primary  educat~de  educ~dary  educati~r  educat~ve  caste_~ti  caste~asi  caste~esi  caste_g~t  caste_~rs    hh_size     female    married 
-------------+--------------------------------------------------------------------------------------------------------------------------------------------------------------------------------
           b |  -.002316    .030084   .0487854   -.039812  -.0270418  -.0042495  -.0006124   .0018687  -.0003326  -.0015142  -.0018547   .0008974   .0016328   .0045681   .0075141   .0115913 
          se |  .0280059   .0332415   .0262798   .0377503   .0307075   .0166603   .0036771   .0099516   .0200672    .005898   .0107292    .004236   .0044977   .0460462   .0097751   .0141908 
           z | -.0826983   .9050143   1.856383  -1.054614  -.8806249  -.2550665  -.1665384   .1877755  -.0165761  -.2567304  -.1728693   .2118594   .3630324    .099206   .7686915   .8168151 
      pvalue |  .9340914   .3654578   .0633989   .2916021   .3785209   .7986717   .8677332   .8510527   .9867748   .7973869   .8627542   .8322167   .7165807   .9209747   .4420764   .4140341 
          ll | -.0572065  -.0350681  -.0027221  -.1138012  -.0872275   -.036903  -.0078194  -.0176362  -.0396636   -.013074  -.0228836   -.007405  -.0071825  -.0856808  -.0116448  -.0162222 
          ul |  .0525745   .0952362   .1002928   .0341772   .0331439    .028404   .0065946   .0213735   .0389983   .0100456   .0191741   .0091999   .0104481   .0948169    .026673   .0394048 
          df |         .          .          .          .          .          .          .          .          .          .          .          .          .          .          .          . 
        crit |  1.959964   1.959964   1.959964   1.959964   1.959964   1.959964   1.959964   1.959964   1.959964   1.959964   1.959964   1.959964   1.959964   1.959964   1.959964   1.959964 
       eform |         0          0          0          0          0          0          0          0          0          0          0          0          0          0          0          0 

             | rwg_error                                                        
             |  child_12  voc_train  migrate~b  tot_cho~s      urban  overti~40 
-------------+------------------------------------------------------------------
           b |   .037185   .0027299   .0782427  -.0048085  -.0136913   .3183447 
          se |   .023029   .0120919    .030636    .007752   .0145224    .072332 
           z |  1.614701   .2257613   2.553942  -.6202916  -.9427667   4.401159 
      pvalue |  .1063754   .8213871   .0106511   .5350658   .3458002   .0000108 
          ll | -.0079511  -.0209697   .0181971  -.0200022  -.0421547   .1765765 
          ul |   .082321   .0264295   .1382882   .0103851   .0147722   .4601128 
          df |         .          .          .          .          .          . 
        crit |  1.959964   1.959964   1.959964   1.959964   1.959964   1.959964 
       eform |         0          0          0          0          0          0 

. matlist r(table)[1,1]
invalid syntax
r(198);

. matlist results

             | Overall                                                          | explained                       | p_expla~d                                                                   
             |   group_1    group_c    group_2  tdiffer~e  t_expla~d  t_unexp~d |     total  p_expla~d  specif_~r | experie~e  experie~q  e~primary  e~Primary  educat~de  educ~dary  educati~r 
-------------+------------------------------------------------------------------+---------------------------------+-----------------------------------------------------------------------------
           b |  5.710972   5.251636   4.949139    .761833    .459336    .302497 |   .459336   .3078769   .1514591 |  .0108578   .0077163   .1023106   .2018792  -.0904436  -.1294201  -.0903287 
          se |  .1676648    .191071   .0690196   .1813152   .2542038   .2031547 |  .2542038   .2387857   .3452398 |  .0454939   .0177564   .0843487    .148746   .0772058   .1396054   .1386737 
           z |  34.06184   27.48526   71.70626   4.201706   1.806959   1.488999 |  1.806959   1.289344    .438707 |  .2386645   .4345649   1.212949   1.357208  -1.171461  -.9270425  -.6513758 
      pvalue |  2.7e-254   2.6e-166          0   .0000265   .0707686   .1364878 |  .0707686   .1972787   .6608738 |  .8113657   .6638782   .2251495   .1747152   .2414135   .3539045   .5148039 
          ll |  5.382355   4.877143   4.813863   .4064618  -.0388944  -.0956788 | -.0388944  -.1601346  -.5251984 | -.0783087  -.0270856  -.0630097  -.0896576  -.2417642  -.4030416  -.3621242 
          ul |  6.039589   5.626128   5.084415   1.117204   .9575663   .7006728 |  .9575663   .7758883   .8281166 |  .1000243   .0425183   .2676309    .493416    .060877   .1442014   .1814668 
          df |         .          .          .          .          .          . |         .          .          . |         .          .          .          .          .          .          . 
        crit |  1.959964   1.959964   1.959964   1.959964   1.959964   1.959964 |  1.959964   1.959964   1.959964 |  1.959964   1.959964   1.959964   1.959964   1.959964   1.959964   1.959964 
       eform |         0          0          0          0          0          0 |         0          0          0 |         0          0          0          0          0          0          0 

             | p_expla~d                                                                                                                                                           | specif_~r 
             | educat~ve  caste_~ti  caste~asi  caste~esi  caste_g~t  caste_~rs    hh_size     female    married   child_12  voc_train  migrate~b  tot_cho~s      urban  overti~40 | experie~e 
-------------+---------------------------------------------------------------------------------------------------------------------------------------------------------------------+-----------
           b |  .0781252  -.0208942    .026396   .0051231   .0167858  -.0525002   .0040822  -.0054954    .111104   .0396107   -.005916    .018336   .0000925   .0229843   .0574715 |  .1526927 
          se |  .0948188   .0294501   .0490183   .0085992   .0826468   .0603868   .0116555   .0099482   .0680224   .0430614   .0321831   .0172521   .0076682   .0309478   .0424347 |  1.466564 
           z |   .823942  -.7094776   .5384922   .5957668   .2031024  -.8693993    .350241  -.5523979   1.633343   .9198652  -.1838239   1.062828   .0120635   .7426791   1.354351 |  .1041159 
      pvalue |  .4099725   .4780282   .5902373    .551331    .839055   .3846287   .7261578   .5806758    .102397   .3576432   .8541516   .2878602   .9903749    .457676   .1756243 |  .9170774 
          ll | -.1077162  -.0786154  -.0696781  -.0117311  -.1451991  -.1708561  -.0187621  -.0249936  -.0222176  -.0447881  -.0689937  -.0154775  -.0149369  -.0376722   -.025699 |  -2.72172 
          ul |  .2639666    .036827     .12247   .0219773   .1787706   .0658557   .0269265   .0140028   .2444255   .1240095   .0571616   .0521495   .0151219   .0836408    .140642 |  3.027106 
          df |         .          .          .          .          .          .          .          .          .          .          .          .          .          .          . |         . 
        crit |  1.959964   1.959964   1.959964   1.959964   1.959964   1.959964   1.959964   1.959964   1.959964   1.959964   1.959964   1.959964   1.959964   1.959964   1.959964 |  1.959964 
       eform |         0          0          0          0          0          0          0          0          0          0          0          0          0          0          0 |         0 

             | specif_~r                                                                                                                                                                      
             | experie~q  e~primary  e~Primary  educat~de  educ~dary  educati~r  educat~ve  caste_~ti  caste~asi  caste~esi  caste_g~t  caste_~rs    hh_size     female    married   child_12 
-------------+--------------------------------------------------------------------------------------------------------------------------------------------------------------------------------
           b |  .2766096   .1773544   .5112284   .3325548    .113508  -.0050353  -.0367387  -.5064148  -.0264018  -.0538115  -.0053399   .0468992  -.1174798  -.0076574  -.1575149   .3043802 
          se |  .8143095   .1962085    .342834    .224985   .1114849   .0811952   .0391263   .2419941   .1087659   .0974518   .1390711   .1074851   .7509922   .1673454   .5650849   .3487919 
           z |  .3396861   .9039077   1.491184    1.47812   1.018147  -.0620152  -.9389767  -2.092674  -.2427394  -.5521858   -.038397   .4363322  -.1564328  -.0457583  -.2787455   .8726697 
      pvalue |   .734093   .3660444   .1359133   .1393756   .3086082   .9505507   .3477427   .0363782   .8082073   .5808211   .9693712   .6625957   .8756919   .9635029   .7804402   .3828431 
          ll | -1.319408  -.2072072  -.1607139  -.1084076  -.1049983  -.1641751  -.1134249  -.9807145   -.239579  -.2448135  -.2779142  -.1637677  -1.589398  -.3356484  -1.265061  -.3792395 
          ul |  1.872627   .5619159   1.183171   .7735172   .3320143   .1541044   .0399475  -.0321151   .1867755   .1371905   .2672344   .2575661   1.354438   .3203335   .9500313   .9879998 
          df |         .          .          .          .          .          .          .          .          .          .          .          .          .          .          .          . 
        crit |  1.959964   1.959964   1.959964   1.959964   1.959964   1.959964   1.959964   1.959964   1.959964   1.959964   1.959964   1.959964   1.959964   1.959964   1.959964   1.959964 
       eform |         0          0          0          0          0          0          0          0          0          0          0          0          0          0          0          0 

             | specif_~r                                                        | unexpla~d                       | p_unexp~d                                                                   
             | voc_train  migrate~b  tot_cho~s      urban  overti~40      _cons |     total  rwg_error  p_unexp~d | experie~e  experie~q  e~primary  e~Primary  educat~de  educ~dary  educati~r 
-------------+------------------------------------------------------------------+---------------------------------+-----------------------------------------------------------------------------
           b | -.0332369   -.335498    .131169  -.0892794    .764209  -1.284738 |   .302497   .4472109  -.1447139 | -.7680298  -.3923566  -.4242188  -.9201908  -.6014731   -.268665  -.1321794 
          se |  .1139141   .2096187   .2168086     .40411   .2949626   1.690193 |  .2031547    .096651   .2158333 |  1.171216   .6097597   .1203067   .1822271   .1342066   .0778008   .0600805 
           z | -.2917714  -1.600516   .6049989  -.2209285   2.590868   -.760113 |  1.488999   4.627068   -.670489 | -.6557541   -.643461  -3.526145  -5.049693  -4.481696  -3.453242  -2.200039 
      pvalue |  .7704614   .1094842   .5451797   .8251481   .0095734   .4471871 |  .1364878   3.71e-06   .5025461 |  .5119824    .519925   .0004217   4.43e-07   7.41e-06   .0005539   .0278042 
          ll | -.2565045  -.7463431  -.2937681  -.8813204    .186093  -4.597455 | -.0956788   .2577783  -.5677394 | -3.063571  -1.587464  -.6600156  -1.277349  -.8645131  -.4211518   -.249935 
          ul |  .1900307    .075347    .556106   .7027616   1.342325    2.02798 |  .7006728   .6366434   .2783117 |  1.527512   .8027505   -.188422  -.5630323  -.3384331  -.1161783  -.0144238 
          df |         .          .          .          .          .          . |         .          .          . |         .          .          .          .          .          .          . 
        crit |  1.959964   1.959964   1.959964   1.959964   1.959964   1.959964 |  1.959964   1.959964   1.959964 |  1.959964   1.959964   1.959964   1.959964   1.959964   1.959964   1.959964 
       eform |         0          0          0          0          0          0 |         0          0          0 |         0          0          0          0          0          0          0 

             | p_unexp~d                                                                                                                                                                      
             | educat~ve  caste_~ti  caste~asi  caste~esi  caste_g~t  caste_~rs    hh_size     female    married   child_12  voc_train  migrate~b  tot_cho~s      urban  overti~40      _cons 
-------------+--------------------------------------------------------------------------------------------------------------------------------------------------------------------------------
           b |  -.008653   .4514235   -.036973  -.0291121  -.0413865   .0269603   .1021822  -.1360951   .8320884  -.5819415   .0025805   .3713226  -.0576587   .2518324   -1.07546   3.291289 
          se |  .0315191   .2027847   .0684848   .0900658   .0892361   .0645041   .6473093   .1399236   .4082349   .2885358   .0844272   .1430112   .1694276   .3291386   .3136085   1.159266 
           z | -.2745317   2.226122  -.5398713  -.3232311  -.4637864    .417962   .1578568  -.9726387   2.038259  -2.016878   .0305642   2.596458  -.3403146   .7651256  -3.429307   2.839115 
      pvalue |  .7836761    .026006   .5892858   .7465202   .6428008   .6759749   .8745696   .3307329   .0415241   .0437083   .9756171   .0094191   .7336196   .4441968   .0006051   .0045239 
          ll | -.0704294   .0539727  -.1712006  -.2056378  -.2162859  -.0994655  -1.166521  -.4103403   .0319627  -1.147461  -.1628939   .0910257  -.3897307  -.3932675  -1.690121    1.01917 
          ul |  .0531234   .8488742   .0972547   .1474137    .133513   .1533861   1.370885   .1381501   1.632214  -.0164217   .1680548   .6516194   .2744133   .8969323  -.4607984   5.563409 
          df |         .          .          .          .          .          .          .          .          .          .          .          .          .          .          .          . 
        crit |  1.959964   1.959964   1.959964   1.959964   1.959964   1.959964   1.959964   1.959964   1.959964   1.959964   1.959964   1.959964   1.959964   1.959964   1.959964   1.959964 
       eform |         0          0          0          0          0          0          0          0          0          0          0          0          0          0          0          0 

             | rwg_error                                                                                                                                                                      
             | experie~e  experie~q  e~primary  e~Primary  educat~de  educ~dary  educati~r  educat~ve  caste_~ti  caste~asi  caste~esi  caste_g~t  caste_~rs    hh_size     female    married 
-------------+--------------------------------------------------------------------------------------------------------------------------------------------------------------------------------
           b |  -.002316    .030084   .0487854   -.039812  -.0270418  -.0042495  -.0006124   .0018687  -.0003326  -.0015142  -.0018547   .0008974   .0016328   .0045681   .0075141   .0115913 
          se |  .0280059   .0332415   .0262798   .0377503   .0307075   .0166603   .0036771   .0099516   .0200672    .005898   .0107292    .004236   .0044977   .0460462   .0097751   .0141908 
           z | -.0826983   .9050143   1.856383  -1.054614  -.8806249  -.2550665  -.1665384   .1877755  -.0165761  -.2567304  -.1728693   .2118594   .3630324    .099206   .7686915   .8168151 
      pvalue |  .9340914   .3654578   .0633989   .2916021   .3785209   .7986717   .8677332   .8510527   .9867748   .7973869   .8627542   .8322167   .7165807   .9209747   .4420764   .4140341 
          ll | -.0572065  -.0350681  -.0027221  -.1138012  -.0872275   -.036903  -.0078194  -.0176362  -.0396636   -.013074  -.0228836   -.007405  -.0071825  -.0856808  -.0116448  -.0162222 
          ul |  .0525745   .0952362   .1002928   .0341772   .0331439    .028404   .0065946   .0213735   .0389983   .0100456   .0191741   .0091999   .0104481   .0948169    .026673   .0394048 
          df |         .          .          .          .          .          .          .          .          .          .          .          .          .          .          .          . 
        crit |  1.959964   1.959964   1.959964   1.959964   1.959964   1.959964   1.959964   1.959964   1.959964   1.959964   1.959964   1.959964   1.959964   1.959964   1.959964   1.959964 
       eform |         0          0          0          0          0          0          0          0          0          0          0          0          0          0          0          0 

             | rwg_error                                                        
             |  child_12  voc_train  migrate~b  tot_cho~s      urban  overti~40 
-------------+------------------------------------------------------------------
           b |   .037185   .0027299   .0782427  -.0048085  -.0136913   .3183447 
          se |   .023029   .0120919    .030636    .007752   .0145224    .072332 
           z |  1.614701   .2257613   2.553942  -.6202916  -.9427667   4.401159 
      pvalue |  .1063754   .8213871   .0106511   .5350658   .3458002   .0000108 
          ll | -.0079511  -.0209697   .0181971  -.0200022  -.0421547   .1765765 
          ul |   .082321   .0264295   .1382882   .0103851   .0147722   .4601128 
          df |         .          .          .          .          .          . 
        crit |  1.959964   1.959964   1.959964   1.959964   1.959964   1.959964 
       eform |         0          0          0          0          0          0 

. matlist results[1,1]

             |        c1 
-------------+-----------
          r1 |  5.710972 

. matlist results[1:9,1]
1:9 not found
r(111);

. matlist results[1..9,1]

             | Overall   
             |   group_1 
-------------+-----------
           b |  5.710972 
          se |  .1676648 
           z |  34.06184 
      pvalue |  2.7e-254 
          ll |  5.382355 
          ul |  6.039589 
          df |         . 
        crit |  1.959964 
       eform |         0 

. matlist results[1..9,1..6]

             | Overall                                                          
             |   group_1    group_c    group_2  tdiffer~e  t_expla~d  t_unexp~d 
-------------+------------------------------------------------------------------
           b |  5.710972   5.251636   4.949139    .761833    .459336    .302497 
          se |  .1676648    .191071   .0690196   .1813152   .2542038   .2031547 
           z |  34.06184   27.48526   71.70626   4.201706   1.806959   1.488999 
      pvalue |  2.7e-254   2.6e-166          0   .0000265   .0707686   .1364878 
          ll |  5.382355   4.877143   4.813863   .4064618  -.0388944  -.0956788 
          ul |  6.039589   5.626128   5.084415   1.117204   .9575663   .7006728 
          df |         .          .          .          .          .          . 
        crit |  1.959964   1.959964   1.959964   1.959964   1.959964   1.959964 
       eform |         0          0          0          0          0          0 

. matlist results[1 5 6,1..6]
conformability error
r(503);

. matlist results[1..6,1..6]

             | Overall                                                          
             |   group_1    group_c    group_2  tdiffer~e  t_expla~d  t_unexp~d 
-------------+------------------------------------------------------------------
           b |  5.710972   5.251636   4.949139    .761833    .459336    .302497 
          se |  .1676648    .191071   .0690196   .1813152   .2542038   .2031547 
           z |  34.06184   27.48526   71.70626   4.201706   1.806959   1.488999 
      pvalue |  2.7e-254   2.6e-166          0   .0000265   .0707686   .1364878 
          ll |  5.382355   4.877143   4.813863   .4064618  -.0388944  -.0956788 
          ul |  6.039589   5.626128   5.084415   1.117204   .9575663   .7006728 

. do "/var/folders/14/04v4h4t52rq0_5mkppfg4bp40000gn/T//SD05543.000000"

. clear

. * Load the dataset
. use Pooled.dta, clear

. 
. * Generate the log of hourly wage
. gen ln_wage = ln(hourly_wage)

. 
. * Define the label for formal employment
. label define formal_employment 0 "Informal Employment" 1 "Formal Employment"

. 
. * Sort the data by psu, hhid, and year
. sort psu hhid year

. 
. * Create a total count of formal employment within household and year
. by psu hhid year: egen total_formal = total(formal_employment)

. gen HH_formal = total_formal - formal_employment

. 
. * Define global macros
. global exp "experience experience_sq"

. global education "education_Below_primary education_Primary education_Tenth_grade education_Secondary education_Bachelor education_Masters_above" 

. global caste "caste_group_6_Janajati caste_group_6_Adhibasi caste_group_6_Madhesi caste_group_6_Dalit caste_group_6_Others"

. 
. * Initialize an empty local macro
. local quantiles ""

. 
. * Loop through the specific quantiles and add them to the local macro
. forvalues i = 1(49)100 {
  2.     local quantiles "`quantiles' `i'"
  3. }

. 
. * Display the local macro to verify (optional)
. di "`quantiles'"
 1 50 99

. 
. * Initialize Excel sheet
. putexcel set test2.xlsx, sheet(xyz) replace

. 
. * Loop through quantiles and perform Oaxaca-RIF decomposition
. local row = 1

. foreach q of local quantiles {
  2.     * Perform Oaxaca-RIF decomposition and save results using putexcel
.     oaxaca_rif ln_wage $exp $education $caste hh_size female ///
>     married child_12 voc_train migrated_fr_job tot_chores_hrs urban overtime_40 ///
>     if year == 2008 , by(formal_employment) wgt(1) rif(q(`q')) rwlogit(HH_formal dep_ratio $exp $education $caste) swap
  3.     
.     * Save the results to the Excel sheet
.     matrix results = r(table)
  4.         matrix nresult = result[1..6,1..6]
  5.     * Save the quantile label
.     putexcel A`row' = ("Quantile `q'")
  6.     
.     * Save the matrix results starting from the next row
.     local next_row = `row' + 1
  7.     putexcel A`next_row' = matrix(nresults', names)
  8.     
.     * Update row counter for the next quantile block
.     local row = `row' + rowsof(results) + 2
  9. }
Estimating Reweighted RIF-OAXACA using RIF:q(1)
Model  : Blinder-Oaxaca RIF-decomposition
Type   : Reweighted
RIF    : q(1)
Scale  : 1
Group 1: formal_employment = 1 x1*b1             N of obs 1      = 2379
Group c: X1~>rw~>X2 or x2*b1                     N of obs C      = 2379
Group 2: formal_employment = 0 x2*b2             N of obs 2      = 4339

-----------------------------------------------------------------------------------------
                ln_wage |      Coef.   Std. Err.      z    P>|z|     [95% Conf. Interval]
------------------------+----------------------------------------------------------------
Overall                 |
                group_1 |   1.849282   .1013713    18.24   0.000     1.650598    2.047966
                group_c |   1.655726   .0764928    21.65   0.000     1.505803     1.80565
                group_2 |   1.025067   .0573041    17.89   0.000     .9127535    1.137381
            tdifference |    .824215    .116447     7.08   0.000     .5959832    1.052447
            t_explained |   .1935559   .1269933     1.52   0.127    -.0553463    .4424582
          t_unexplained |   .6306591   .0955767     6.60   0.000     .4433321     .817986
------------------------+----------------------------------------------------------------
explained               |
                  total |   .1935559   .1269933     1.52   0.127    -.0553463    .4424582
            p_explained |   .5253431   .1450467     3.62   0.000     .2410569    .8096293
             specif_err |  -.3317872   .1899212    -1.75   0.081    -.7040258    .0404515
------------------------+----------------------------------------------------------------
p_explained             |
             experience |    .073749   .0423658     1.74   0.082    -.0092866    .1567845
          experience_sq |   .0180383   .0308327     0.59   0.559    -.0423928    .0784693
education_Below_primary |   .0150407   .0501839     0.30   0.764    -.0833179    .1133994
      education_Primary |   .1891904   .0901673     2.10   0.036     .0124657    .3659151
  education_Tenth_grade |  -.0287273   .0457965    -0.63   0.530    -.1184868    .0610323
    education_Secondary |  -.0158584   .0836869    -0.19   0.850    -.1798818    .1481649
     education_Bachelor |  -.0036383   .0832365    -0.04   0.965    -.1667788    .1595022
education_Masters_above |   .0031098   .0568386     0.05   0.956    -.1082919    .1145114
 caste_group_6_Janajati |   .0073944   .0175959     0.42   0.674    -.0270928    .0418817
 caste_group_6_Adhibasi |   .1459621   .0352505     4.14   0.000     .0768723    .2150518
  caste_group_6_Madhesi |   .0050283   .0057924     0.87   0.385    -.0063247    .0163813
    caste_group_6_Dalit |   .0096503   .0496608     0.19   0.846    -.0876832    .1069837
   caste_group_6_Others |   .0247423   .0362104     0.68   0.494    -.0462289    .0957135
                hh_size |    .006136   .0077686     0.79   0.430    -.0090901    .0213621
                 female |   .0016874   .0035767     0.47   0.637    -.0053229    .0086976
                married |  -.0080836   .0403453    -0.20   0.841    -.0871588    .0709917
               child_12 |   .0158642   .0257143     0.62   0.537    -.0345348    .0662633
              voc_train |   .0224995   .0196078     1.15   0.251    -.0159311    .0609301
        migrated_fr_job |   .0103312   .0102847     1.00   0.315    -.0098265    .0304889
         tot_chores_hrs |  -.0007918   .0046463    -0.17   0.865    -.0098983    .0083147
                  urban |   .0058722   .0184676     0.32   0.751    -.0303236    .0420679
            overtime_40 |   .0281466   .0253848     1.11   0.268    -.0216067    .0778998
------------------------+----------------------------------------------------------------
specif_err              |
             experience |   1.487974    .742129     2.01   0.045     .0334284     2.94252
          experience_sq |  -.7069589   .4245989    -1.67   0.096    -1.539157    .1252396
education_Below_primary |   .0756631   .1091322     0.69   0.488     -.138232    .2895582
      education_Primary |  -.0919865   .1900201    -0.48   0.628    -.4644191     .280446
  education_Tenth_grade |    .100643   .1216634     0.83   0.408    -.1378128    .3390988
    education_Secondary |   .0372746   .0583723     0.64   0.523     -.077133    .1516822
     education_Bachelor |   .0293855   .0417815     0.70   0.482    -.0525047    .1112758
education_Masters_above |   .0136075    .019011     0.72   0.474    -.0236534    .0508684
 caste_group_6_Janajati |  -.0620969   .1180293    -0.53   0.599    -.2934301    .1692363
 caste_group_6_Adhibasi |   -.070933   .0576317    -1.23   0.218    -.1838891    .0420231
  caste_group_6_Madhesi |  -.0293565   .0483685    -0.61   0.544    -.1241571    .0654441
    caste_group_6_Dalit |   -.010692   .0756218    -0.14   0.888     -.158908    .1375241
   caste_group_6_Others |  -.0345583   .0578888    -0.60   0.551    -.1480182    .0789016
                hh_size |  -.4606625   .3724613    -1.24   0.216    -1.190673    .2693482
                 female |   .1313812    .083584     1.57   0.116    -.0324404    .2952029
                married |   .1418264   .2922645     0.49   0.627    -.4310014    .7146542
               child_12 |  -.0825914   .1760876    -0.47   0.639    -.4277168    .2625339
              voc_train |   .0258989   .0552989     0.47   0.640    -.0824849    .1342827
        migrated_fr_job |   .0164357   .1037546     0.16   0.874    -.1869197     .219791
         tot_chores_hrs |  -.1172243   .1073231    -1.09   0.275    -.3275737    .0931251
                  urban |  -.0623977   .2044736    -0.31   0.760    -.4631587    .3383633
            overtime_40 |   .0221054    .146823     0.15   0.880    -.2656625    .3098732
                  _cons |  -.6845249   .8938689    -0.77   0.444    -2.436476    1.067426
------------------------+----------------------------------------------------------------
unexplained             |
                  total |   .6306591   .0955767     6.60   0.000     .4433321     .817986
              rwg_error |   .0273598   .0371283     0.74   0.461    -.0454104      .10013
          p_unexplained |   .6032993   .1004994     6.00   0.000     .4063241    .8002745
------------------------+----------------------------------------------------------------
p_unexplained           |
             experience |  -.0104342   .5604759    -0.02   0.985    -1.108947    1.088078
          experience_sq |  -.1979259   .2896397    -0.68   0.494    -.7656094    .3697575
education_Below_primary |  -.1081101   .0565762    -1.91   0.056    -.2189975    .0027772
      education_Primary |  -.2912985   .0863848    -3.37   0.001    -.4606097   -.1219874
  education_Tenth_grade |  -.1365435   .0630009    -2.17   0.030    -.2600229   -.0130641
    education_Secondary |  -.0586884   .0367326    -1.60   0.110     -.130683    .0133061
     education_Bachelor |  -.0307385    .028389    -1.08   0.279    -.0863799    .0249029
education_Masters_above |  -.0161393   .0151101    -1.07   0.285    -.0457546    .0134761
 caste_group_6_Janajati |   .0999056   .0965735     1.03   0.301    -.0893751    .2891862
 caste_group_6_Adhibasi |   -.160317   .0335848    -4.77   0.000    -.2261421    -.094492
  caste_group_6_Madhesi |   .0378229   .0426119     0.89   0.375     -.045695    .1213408
    caste_group_6_Dalit |   .0469741   .0423357     1.11   0.267    -.0360023    .1299504
   caste_group_6_Others |  -.0054967   .0305268    -0.18   0.857    -.0653281    .0543347
                hh_size |   .1566481   .2964408     0.53   0.597    -.4243651    .7376614
                 female |  -.0552509   .0658517    -0.84   0.401    -.1843177     .073816
                married |  -.3404266   .1945724    -1.75   0.080    -.7217814    .0409282
               child_12 |   .1054711   .1345863     0.78   0.433    -.1583132    .3692554
              voc_train |   .0287819   .0408965     0.70   0.482    -.0513737    .1089375
        migrated_fr_job |   .0203723   .0675595     0.30   0.763     -.112042    .1527865
         tot_chores_hrs |   .1608824   .0799037     2.01   0.044      .004274    .3174908
                  urban |  -.1692001   .1579239    -1.07   0.284    -.4787253    .1403251
            overtime_40 |  -.1026947   .1526813    -0.67   0.501    -.4019446    .1965552
                  _cons |   1.629705   .5572429     2.92   0.003     .5375295    2.721881
------------------------+----------------------------------------------------------------
rwg_error               |
             experience |  -.0039308   .0116201    -0.34   0.735    -.0267058    .0188442
          experience_sq |    .008126   .0117229     0.69   0.488    -.0148504    .0311025
education_Below_primary |   .0134699    .008158     1.65   0.099    -.0025196    .0294593
      education_Primary |    -.01236   .0118885    -1.04   0.298    -.0356611    .0109411
  education_Tenth_grade |   -.008344   .0096223    -0.87   0.386    -.0272034    .0105154
    education_Secondary |  -.0010398     .00411    -0.25   0.800    -.0090953    .0070157
     education_Bachelor |  -.0005776   .0033481    -0.17   0.863    -.0071399    .0059846
education_Masters_above |  -.0004244   .0022853    -0.19   0.853    -.0049036    .0040547
 caste_group_6_Janajati |  -.0000132   .0007944    -0.02   0.987    -.0015702    .0015439
 caste_group_6_Adhibasi |  -.0144974   .0144461    -1.00   0.316    -.0428111    .0138164
  caste_group_6_Madhesi |   .0015626    .004388     0.36   0.722    -.0070377     .010163
    caste_group_6_Dalit |   .0001314   .0016363     0.08   0.936    -.0030756    .0033384
   caste_group_6_Others |  -.0000502   .0015019    -0.03   0.973    -.0029939    .0028935
                hh_size |  -.0159943    .018747    -0.85   0.394    -.0527377    .0207491
                 female |    .003742   .0045518     0.82   0.411    -.0051794    .0126635
                married |  -.0026481   .0037014    -0.72   0.474    -.0099028    .0046065
               child_12 |   .0004252   .0072808     0.06   0.953     -.013845    .0146953
              voc_train |   .0029759   .0050069     0.59   0.552    -.0068374    .0127892
        migrated_fr_job |   .0112541   .0105853     1.06   0.288    -.0094927    .0320009
         tot_chores_hrs |   .0038181   .0044868     0.85   0.395    -.0049758    .0126121
                  urban |  -.0053236   .0058311    -0.91   0.361    -.0167524    .0061053
            overtime_40 |   .0470579   .0278944     1.69   0.092    -.0076142      .10173
-----------------------------------------------------------------------------------------
result not found
r(111);

end of do-file

r(111);

. do "/var/folders/14/04v4h4t52rq0_5mkppfg4bp40000gn/T//SD05543.000000"

. clear

. * Load the dataset
. use Pooled.dta, clear

. 
. * Generate the log of hourly wage
. gen ln_wage = ln(hourly_wage)

. 
. * Define the label for formal employment
. label define formal_employment 0 "Informal Employment" 1 "Formal Employment"

. 
. * Sort the data by psu, hhid, and year
. sort psu hhid year

. 
. * Create a total count of formal employment within household and year
. by psu hhid year: egen total_formal = total(formal_employment)

. gen HH_formal = total_formal - formal_employment

. 
. * Define global macros
. global exp "experience experience_sq"

. global education "education_Below_primary education_Primary education_Tenth_grade education_Secondary education_Bachelor education_Masters_above" 

. global caste "caste_group_6_Janajati caste_group_6_Adhibasi caste_group_6_Madhesi caste_group_6_Dalit caste_group_6_Others"

. 
. * Initialize an empty local macro
. local quantiles ""

. 
. * Loop through the specific quantiles and add them to the local macro
. forvalues i = 1(49)100 {
  2.     local quantiles "`quantiles' `i'"
  3. }

. 
. * Display the local macro to verify (optional)
. di "`quantiles'"
 1 50 99

. 
. * Initialize Excel sheet
. putexcel set test2.xlsx, sheet(xyz) replace

. 
. * Loop through quantiles and perform Oaxaca-RIF decomposition
. local row = 1

. foreach q of local quantiles {
  2.     * Perform Oaxaca-RIF decomposition and save results using putexcel
.     oaxaca_rif ln_wage $exp $education $caste hh_size female ///
>     married child_12 voc_train migrated_fr_job tot_chores_hrs urban overtime_40 ///
>     if year == 2008 , by(formal_employment) wgt(1) rif(q(`q')) rwlogit(HH_formal dep_ratio $exp $education $caste) swap
  3.     
.     * Save the results to the Excel sheet
.     matrix results = r(table)
  4.         matrix nresult = results[1..6,1..6]
  5.     * Save the quantile label
.     putexcel A`row' = ("Quantile `q'")
  6.     
.     * Save the matrix results starting from the next row
.     local next_row = `row' + 1
  7.     putexcel A`next_row' = matrix(nresult', names)
  8.     
.     * Update row counter for the next quantile block
.     local row = `row' + rowsof(nresult) + 2
  9. }
Estimating Reweighted RIF-OAXACA using RIF:q(1)
Model  : Blinder-Oaxaca RIF-decomposition
Type   : Reweighted
RIF    : q(1)
Scale  : 1
Group 1: formal_employment = 1 x1*b1             N of obs 1      = 2379
Group c: X1~>rw~>X2 or x2*b1                     N of obs C      = 2379
Group 2: formal_employment = 0 x2*b2             N of obs 2      = 4339

-----------------------------------------------------------------------------------------
                ln_wage |      Coef.   Std. Err.      z    P>|z|     [95% Conf. Interval]
------------------------+----------------------------------------------------------------
Overall                 |
                group_1 |   1.849282   .1013713    18.24   0.000     1.650598    2.047966
                group_c |   1.655726   .0764928    21.65   0.000     1.505803     1.80565
                group_2 |   1.025067   .0573041    17.89   0.000     .9127535    1.137381
            tdifference |    .824215    .116447     7.08   0.000     .5959832    1.052447
            t_explained |   .1935559   .1269933     1.52   0.127    -.0553463    .4424582
          t_unexplained |   .6306591   .0955767     6.60   0.000     .4433321     .817986
------------------------+----------------------------------------------------------------
explained               |
                  total |   .1935559   .1269933     1.52   0.127    -.0553463    .4424582
            p_explained |   .5253431   .1450467     3.62   0.000     .2410569    .8096293
             specif_err |  -.3317872   .1899212    -1.75   0.081    -.7040258    .0404515
------------------------+----------------------------------------------------------------
p_explained             |
             experience |    .073749   .0423658     1.74   0.082    -.0092866    .1567845
          experience_sq |   .0180383   .0308327     0.59   0.559    -.0423928    .0784693
education_Below_primary |   .0150407   .0501839     0.30   0.764    -.0833179    .1133994
      education_Primary |   .1891904   .0901673     2.10   0.036     .0124657    .3659151
  education_Tenth_grade |  -.0287273   .0457965    -0.63   0.530    -.1184868    .0610323
    education_Secondary |  -.0158584   .0836869    -0.19   0.850    -.1798818    .1481649
     education_Bachelor |  -.0036383   .0832365    -0.04   0.965    -.1667788    .1595022
education_Masters_above |   .0031098   .0568386     0.05   0.956    -.1082919    .1145114
 caste_group_6_Janajati |   .0073944   .0175959     0.42   0.674    -.0270928    .0418817
 caste_group_6_Adhibasi |   .1459621   .0352505     4.14   0.000     .0768723    .2150518
  caste_group_6_Madhesi |   .0050283   .0057924     0.87   0.385    -.0063247    .0163813
    caste_group_6_Dalit |   .0096503   .0496608     0.19   0.846    -.0876832    .1069837
   caste_group_6_Others |   .0247423   .0362104     0.68   0.494    -.0462289    .0957135
                hh_size |    .006136   .0077686     0.79   0.430    -.0090901    .0213621
                 female |   .0016874   .0035767     0.47   0.637    -.0053229    .0086976
                married |  -.0080836   .0403453    -0.20   0.841    -.0871588    .0709917
               child_12 |   .0158642   .0257143     0.62   0.537    -.0345348    .0662633
              voc_train |   .0224995   .0196078     1.15   0.251    -.0159311    .0609301
        migrated_fr_job |   .0103312   .0102847     1.00   0.315    -.0098265    .0304889
         tot_chores_hrs |  -.0007918   .0046463    -0.17   0.865    -.0098983    .0083147
                  urban |   .0058722   .0184676     0.32   0.751    -.0303236    .0420679
            overtime_40 |   .0281466   .0253848     1.11   0.268    -.0216067    .0778998
------------------------+----------------------------------------------------------------
specif_err              |
             experience |   1.487974    .742129     2.01   0.045     .0334284     2.94252
          experience_sq |  -.7069589   .4245989    -1.67   0.096    -1.539157    .1252396
education_Below_primary |   .0756631   .1091322     0.69   0.488     -.138232    .2895582
      education_Primary |  -.0919865   .1900201    -0.48   0.628    -.4644191     .280446
  education_Tenth_grade |    .100643   .1216634     0.83   0.408    -.1378128    .3390988
    education_Secondary |   .0372746   .0583723     0.64   0.523     -.077133    .1516822
     education_Bachelor |   .0293855   .0417815     0.70   0.482    -.0525047    .1112758
education_Masters_above |   .0136075    .019011     0.72   0.474    -.0236534    .0508684
 caste_group_6_Janajati |  -.0620969   .1180293    -0.53   0.599    -.2934301    .1692363
 caste_group_6_Adhibasi |   -.070933   .0576317    -1.23   0.218    -.1838891    .0420231
  caste_group_6_Madhesi |  -.0293565   .0483685    -0.61   0.544    -.1241571    .0654441
    caste_group_6_Dalit |   -.010692   .0756218    -0.14   0.888     -.158908    .1375241
   caste_group_6_Others |  -.0345583   .0578888    -0.60   0.551    -.1480182    .0789016
                hh_size |  -.4606625   .3724613    -1.24   0.216    -1.190673    .2693482
                 female |   .1313812    .083584     1.57   0.116    -.0324404    .2952029
                married |   .1418264   .2922645     0.49   0.627    -.4310014    .7146542
               child_12 |  -.0825914   .1760876    -0.47   0.639    -.4277168    .2625339
              voc_train |   .0258989   .0552989     0.47   0.640    -.0824849    .1342827
        migrated_fr_job |   .0164357   .1037546     0.16   0.874    -.1869197     .219791
         tot_chores_hrs |  -.1172243   .1073231    -1.09   0.275    -.3275737    .0931251
                  urban |  -.0623977   .2044736    -0.31   0.760    -.4631587    .3383633
            overtime_40 |   .0221054    .146823     0.15   0.880    -.2656625    .3098732
                  _cons |  -.6845249   .8938689    -0.77   0.444    -2.436476    1.067426
------------------------+----------------------------------------------------------------
unexplained             |
                  total |   .6306591   .0955767     6.60   0.000     .4433321     .817986
              rwg_error |   .0273598   .0371283     0.74   0.461    -.0454104      .10013
          p_unexplained |   .6032993   .1004994     6.00   0.000     .4063241    .8002745
------------------------+----------------------------------------------------------------
p_unexplained           |
             experience |  -.0104342   .5604759    -0.02   0.985    -1.108947    1.088078
          experience_sq |  -.1979259   .2896397    -0.68   0.494    -.7656094    .3697575
education_Below_primary |  -.1081101   .0565762    -1.91   0.056    -.2189975    .0027772
      education_Primary |  -.2912985   .0863848    -3.37   0.001    -.4606097   -.1219874
  education_Tenth_grade |  -.1365435   .0630009    -2.17   0.030    -.2600229   -.0130641
    education_Secondary |  -.0586884   .0367326    -1.60   0.110     -.130683    .0133061
     education_Bachelor |  -.0307385    .028389    -1.08   0.279    -.0863799    .0249029
education_Masters_above |  -.0161393   .0151101    -1.07   0.285    -.0457546    .0134761
 caste_group_6_Janajati |   .0999056   .0965735     1.03   0.301    -.0893751    .2891862
 caste_group_6_Adhibasi |   -.160317   .0335848    -4.77   0.000    -.2261421    -.094492
  caste_group_6_Madhesi |   .0378229   .0426119     0.89   0.375     -.045695    .1213408
    caste_group_6_Dalit |   .0469741   .0423357     1.11   0.267    -.0360023    .1299504
   caste_group_6_Others |  -.0054967   .0305268    -0.18   0.857    -.0653281    .0543347
                hh_size |   .1566481   .2964408     0.53   0.597    -.4243651    .7376614
                 female |  -.0552509   .0658517    -0.84   0.401    -.1843177     .073816
                married |  -.3404266   .1945724    -1.75   0.080    -.7217814    .0409282
               child_12 |   .1054711   .1345863     0.78   0.433    -.1583132    .3692554
              voc_train |   .0287819   .0408965     0.70   0.482    -.0513737    .1089375
        migrated_fr_job |   .0203723   .0675595     0.30   0.763     -.112042    .1527865
         tot_chores_hrs |   .1608824   .0799037     2.01   0.044      .004274    .3174908
                  urban |  -.1692001   .1579239    -1.07   0.284    -.4787253    .1403251
            overtime_40 |  -.1026947   .1526813    -0.67   0.501    -.4019446    .1965552
                  _cons |   1.629705   .5572429     2.92   0.003     .5375295    2.721881
------------------------+----------------------------------------------------------------
rwg_error               |
             experience |  -.0039308   .0116201    -0.34   0.735    -.0267058    .0188442
          experience_sq |    .008126   .0117229     0.69   0.488    -.0148504    .0311025
education_Below_primary |   .0134699    .008158     1.65   0.099    -.0025196    .0294593
      education_Primary |    -.01236   .0118885    -1.04   0.298    -.0356611    .0109411
  education_Tenth_grade |   -.008344   .0096223    -0.87   0.386    -.0272034    .0105154
    education_Secondary |  -.0010398     .00411    -0.25   0.800    -.0090953    .0070157
     education_Bachelor |  -.0005776   .0033481    -0.17   0.863    -.0071399    .0059846
education_Masters_above |  -.0004244   .0022853    -0.19   0.853    -.0049036    .0040547
 caste_group_6_Janajati |  -.0000132   .0007944    -0.02   0.987    -.0015702    .0015439
 caste_group_6_Adhibasi |  -.0144974   .0144461    -1.00   0.316    -.0428111    .0138164
  caste_group_6_Madhesi |   .0015626    .004388     0.36   0.722    -.0070377     .010163
    caste_group_6_Dalit |   .0001314   .0016363     0.08   0.936    -.0030756    .0033384
   caste_group_6_Others |  -.0000502   .0015019    -0.03   0.973    -.0029939    .0028935
                hh_size |  -.0159943    .018747    -0.85   0.394    -.0527377    .0207491
                 female |    .003742   .0045518     0.82   0.411    -.0051794    .0126635
                married |  -.0026481   .0037014    -0.72   0.474    -.0099028    .0046065
               child_12 |   .0004252   .0072808     0.06   0.953     -.013845    .0146953
              voc_train |   .0029759   .0050069     0.59   0.552    -.0068374    .0127892
        migrated_fr_job |   .0112541   .0105853     1.06   0.288    -.0094927    .0320009
         tot_chores_hrs |   .0038181   .0044868     0.85   0.395    -.0049758    .0126121
                  urban |  -.0053236   .0058311    -0.91   0.361    -.0167524    .0061053
            overtime_40 |   .0470579   .0278944     1.69   0.092    -.0076142      .10173
-----------------------------------------------------------------------------------------
file test2.xlsx saved
file test2.xlsx saved
Estimating Reweighted RIF-OAXACA using RIF:q(50)
Model  : Blinder-Oaxaca RIF-decomposition
Type   : Reweighted
RIF    : q(50)
Scale  : 1
Group 1: formal_employment = 1 x1*b1             N of obs 1      = 2379
Group c: X1~>rw~>X2 or x2*b1                     N of obs C      = 2379
Group 2: formal_employment = 0 x2*b2             N of obs 2      = 4339

-----------------------------------------------------------------------------------------
                ln_wage |      Coef.   Std. Err.      z    P>|z|     [95% Conf. Interval]
------------------------+----------------------------------------------------------------
Overall                 |
                group_1 |   3.751492   .0138971   269.95   0.000     3.724254     3.77873
                group_c |    3.27065   .0178437   183.29   0.000     3.235677    3.305623
                group_2 |   2.943632   .0111356   264.34   0.000     2.921807    2.965458
            tdifference |   .8078595   .0178082    45.36   0.000     .7729561    .8427629
            t_explained |   .4808423   .0226169    21.26   0.000     .4365139    .5251707
          t_unexplained |   .3270171   .0210332    15.55   0.000     .2857927    .3682416
------------------------+----------------------------------------------------------------
explained               |
                  total |   .4808423   .0226169    21.26   0.000     .4365139    .5251707
            p_explained |   .3912942   .0193789    20.19   0.000     .3533122    .4292761
             specif_err |   .0895481   .0250922     3.57   0.000     .0403684    .1387279
------------------------+----------------------------------------------------------------
p_explained             |
             experience |   .0242411   .0111211     2.18   0.029     .0024442     .046038
          experience_sq |   .0033237   .0055796     0.60   0.551     -.007612    .0142595
education_Below_primary |  -.0023617   .0057243    -0.41   0.680    -.0135811    .0088576
      education_Primary |   -.023752   .0103114    -2.30   0.021    -.0439619   -.0035421
  education_Tenth_grade |    .036038   .0077773     4.63   0.000     .0207948    .0512811
    education_Secondary |   .0846044   .0115097     7.35   0.000     .0620458    .1071631
     education_Bachelor |   .1136377   .0125226     9.07   0.000     .0890938    .1381816
education_Masters_above |   .0883255   .0098695     8.95   0.000     .0689817    .1076693
 caste_group_6_Janajati |  -.0005502   .0020024    -0.27   0.783    -.0044749    .0033745
 caste_group_6_Adhibasi |   .0041972   .0033957     1.24   0.216    -.0024582    .0108526
  caste_group_6_Madhesi |   .0011103   .0009099     1.22   0.222    -.0006732    .0028937
    caste_group_6_Dalit |   .0110044   .0057506     1.91   0.056    -.0002665    .0222753
   caste_group_6_Others |   .0024416   .0041246     0.59   0.554    -.0056424    .0105256
                hh_size |  -.0010532   .0010029    -1.05   0.294    -.0030188    .0009124
                 female |  -.0013106   .0022252    -0.59   0.556     -.005672    .0030508
                married |  -.0016517   .0046014    -0.36   0.720    -.0106702    .0073669
               child_12 |   .0059342   .0030717     1.93   0.053    -.0000862    .0119546
              voc_train |   .0059786   .0023699     2.52   0.012     .0013337    .0106236
        migrated_fr_job |   .0040672    .001767     2.30   0.021     .0006039    .0075305
         tot_chores_hrs |   .0005313   .0006613     0.80   0.422    -.0007647    .0018274
                  urban |   .0027476   .0021561     1.27   0.203    -.0014784    .0069735
            overtime_40 |   .0337906   .0049735     6.79   0.000     .0240428    .0435385
------------------------+----------------------------------------------------------------
specif_err              |
             experience |  -.2344452   .1076294    -2.18   0.029    -.4453949   -.0234955
          experience_sq |   .1412275   .0592777     2.38   0.017     .0250453    .2574098
education_Below_primary |  -.0399872   .0140295    -2.85   0.004    -.0674846   -.0124899
      education_Primary |  -.0746978    .024433    -3.06   0.002    -.1225856     -.02681
  education_Tenth_grade |   .0011269   .0160886     0.07   0.944    -.0304063      .03266
    education_Secondary |  -.0083643   .0080824    -1.03   0.301    -.0242055    .0074769
     education_Bachelor |  -.0062772   .0059515    -1.05   0.292     -.017942    .0053876
education_Masters_above |   .0011565   .0028799     0.40   0.688    -.0044881     .006801
 caste_group_6_Janajati |   .0146108   .0179125     0.82   0.415    -.0204971    .0497188
 caste_group_6_Adhibasi |   .0279192   .0080729     3.46   0.001     .0120965    .0437418
  caste_group_6_Madhesi |   .0177812   .0072642     2.45   0.014     .0035437    .0320187
    caste_group_6_Dalit |   .0103631   .0099696     1.04   0.299     -.009177    .0299032
   caste_group_6_Others |   .0067895   .0077315     0.88   0.380     -.008364     .021943
                hh_size |   .0836001   .0554221     1.51   0.131    -.0250253    .1922255
                 female |  -.0146185   .0123421    -1.18   0.236    -.0388086    .0095716
                married |  -.0895704   .0411697    -2.18   0.030    -.1702615   -.0088792
               child_12 |   .0159419   .0255958     0.62   0.533    -.0342249    .0661088
              voc_train |  -.0140719   .0084803    -1.66   0.097     -.030693    .0025491
        migrated_fr_job |    -.04188   .0155012    -2.70   0.007    -.0722618   -.0114981
         tot_chores_hrs |   .0240148   .0160213     1.50   0.134    -.0073863    .0554159
                  urban |  -.0921652    .029667    -3.11   0.002    -.1503115   -.0340188
            overtime_40 |   .1327526   .0218464     6.08   0.000     .0899344    .1755708
                  _cons |   .2283417   .1221668     1.87   0.062    -.0111007    .4677842
------------------------+----------------------------------------------------------------
unexplained             |
                  total |   .3270171   .0210332    15.55   0.000     .2857927    .3682416
              rwg_error |   .1102881   .0141163     7.81   0.000     .0826207    .1379555
          p_unexplained |    .216729   .0190546    11.37   0.000     .1793828    .2540753
------------------------+----------------------------------------------------------------
p_unexplained           |
             experience |   .4103548   .1047481     3.92   0.000     .2050524    .6156573
          experience_sq |  -.1851047     .05425    -3.41   0.001    -.2914327   -.0787767
education_Below_primary |   .0212718   .0105848     2.01   0.044     .0005261    .0420176
      education_Primary |   .0653119    .016166     4.04   0.000     .0336271    .0969968
  education_Tenth_grade |   .0280994    .011787     2.38   0.017     .0049973    .0512015
    education_Secondary |   .0106488   .0068577     1.55   0.120    -.0027921    .0240896
     education_Bachelor |   .0115216   .0053437     2.16   0.031     .0010482     .021995
education_Masters_above |   .0043399   .0028427     1.53   0.127    -.0012316    .0099114
 caste_group_6_Janajati |  -.0477037   .0180626    -2.64   0.008    -.0831057   -.0123017
 caste_group_6_Adhibasi |  -.0238227   .0062076    -3.84   0.000    -.0359895    -.011656
  caste_group_6_Madhesi |  -.0197247   .0080056    -2.46   0.014    -.0354155   -.0040339
    caste_group_6_Dalit |   -.027417   .0079911    -3.43   0.001    -.0430793   -.0117548
   caste_group_6_Others |  -.0079307   .0057252    -1.39   0.166     -.019152    .0032905
                hh_size |    .079359   .0557016     1.42   0.154    -.0298142    .1885322
                 female |   .0292339   .0123478     2.37   0.018     .0050326    .0534351
                married |   .0085833   .0363455     0.24   0.813    -.0626526    .0798192
               child_12 |  -.0732568   .0252433    -2.90   0.004    -.1227328   -.0237808
              voc_train |   .0118852   .0076335     1.56   0.119    -.0030761    .0268465
        migrated_fr_job |   .0251251   .0126477     1.99   0.047      .000336    .0499141
         tot_chores_hrs |   .0173913   .0149416     1.16   0.244    -.0118937    .0466762
                  urban |   .0865022   .0294875     2.93   0.003     .0287077    .1442968
            overtime_40 |  -.2052525   .0285049    -7.20   0.000    -.2611211    -.149384
                  _cons |  -.0026862   .1039851    -0.03   0.979    -.2064932    .2011208
------------------------+----------------------------------------------------------------
rwg_error               |
             experience |  -.0202298   .0145934    -1.39   0.166    -.0488324    .0083728
          experience_sq |   .0139731   .0102767     1.36   0.174    -.0061688     .034115
education_Below_primary |  -.0056845    .002856    -1.99   0.047    -.0112822   -.0000869
      education_Primary |   .0053197   .0049731     1.07   0.285    -.0044274    .0150668
  education_Tenth_grade |   .0042024   .0046921     0.90   0.370     -.004994    .0133989
    education_Secondary |   .0013152   .0051332     0.26   0.798    -.0087456     .011376
     education_Bachelor |   .0010061   .0057842     0.17   0.862    -.0103307     .012343
education_Masters_above |   .0006995    .003707     0.19   0.850     -.006566    .0079651
 caste_group_6_Janajati |   6.40e-06    .000386     0.02   0.987    -.0007501    .0007629
 caste_group_6_Adhibasi |  -.0028613   .0028491    -1.00   0.315    -.0084455     .002723
  caste_group_6_Madhesi |   .0038441   .0021937     1.75   0.080    -.0004555    .0081438
    caste_group_6_Dalit |   .0012878    .001904     0.68   0.499     -.002444    .0050195
   caste_group_6_Others |   -.000594   .0009644    -0.62   0.538    -.0024841    .0012961
                hh_size |     .00311   .0035977     0.86   0.387    -.0039415    .0101614
                 female |   .0011923   .0013175     0.90   0.365      -.00139    .0037745
                married |   .0011001   .0013141     0.84   0.402    -.0014754    .0036756
               child_12 |   .0034726   .0019327     1.80   0.072    -.0003155    .0072606
              voc_train |   .0035757   .0017349     2.06   0.039     .0001754    .0069761
        migrated_fr_job |   .0121562   .0032889     3.70   0.000     .0057101    .0186023
         tot_chores_hrs |  -.0005328   .0007064    -0.75   0.451    -.0019174    .0008518
                  urban |  -.0053948   .0023002    -2.35   0.019    -.0099032   -.0008864
            overtime_40 |   .0893241   .0083123    10.75   0.000     .0730322     .105616
-----------------------------------------------------------------------------------------
file test2.xlsx saved
file test2.xlsx saved
Estimating Reweighted RIF-OAXACA using RIF:q(99)
Model  : Blinder-Oaxaca RIF-decomposition
Type   : Reweighted
RIF    : q(99)
Scale  : 1
Group 1: formal_employment = 1 x1*b1             N of obs 1      = 2379
Group c: X1~>rw~>X2 or x2*b1                     N of obs C      = 2379
Group 2: formal_employment = 0 x2*b2             N of obs 2      = 4339

-----------------------------------------------------------------------------------------
                ln_wage |      Coef.   Std. Err.      z    P>|z|     [95% Conf. Interval]
------------------------+----------------------------------------------------------------
Overall                 |
                group_1 |   5.710972   .1676648    34.06   0.000     5.382355    6.039589
                group_c |   5.251636    .191071    27.49   0.000     4.877143    5.626128
                group_2 |   4.949139   .0690196    71.71   0.000     4.813863    5.084415
            tdifference |    .761833   .1813152     4.20   0.000     .4064618    1.117204
            t_explained |    .459336   .2542038     1.81   0.071    -.0388944    .9575663
          t_unexplained |    .302497   .2031547     1.49   0.136    -.0956788    .7006728
------------------------+----------------------------------------------------------------
explained               |
                  total |    .459336   .2542038     1.81   0.071    -.0388944    .9575663
            p_explained |   .3078769   .2387857     1.29   0.197    -.1601346    .7758883
             specif_err |   .1514591   .3452398     0.44   0.661    -.5251984    .8281166
------------------------+----------------------------------------------------------------
p_explained             |
             experience |   .0108578   .0454939     0.24   0.811    -.0783087    .1000243
          experience_sq |   .0077163   .0177564     0.43   0.664    -.0270856    .0425183
education_Below_primary |   .1023106   .0843487     1.21   0.225    -.0630097    .2676309
      education_Primary |   .2018792    .148746     1.36   0.175    -.0896576     .493416
  education_Tenth_grade |  -.0904436   .0772058    -1.17   0.241    -.2417642     .060877
    education_Secondary |  -.1294201   .1396054    -0.93   0.354    -.4030416    .1442014
     education_Bachelor |  -.0903287   .1386737    -0.65   0.515    -.3621242    .1814668
education_Masters_above |   .0781252   .0948188     0.82   0.410    -.1077162    .2639666
 caste_group_6_Janajati |  -.0208942   .0294501    -0.71   0.478    -.0786154     .036827
 caste_group_6_Adhibasi |    .026396   .0490183     0.54   0.590    -.0696781      .12247
  caste_group_6_Madhesi |   .0051231   .0085992     0.60   0.551    -.0117311    .0219773
    caste_group_6_Dalit |   .0167858   .0826468     0.20   0.839    -.1451991    .1787706
   caste_group_6_Others |  -.0525002   .0603868    -0.87   0.385    -.1708561    .0658557
                hh_size |   .0040822   .0116555     0.35   0.726    -.0187621    .0269265
                 female |  -.0054954   .0099482    -0.55   0.581    -.0249936    .0140028
                married |    .111104   .0680224     1.63   0.102    -.0222176    .2444255
               child_12 |   .0396107   .0430614     0.92   0.358    -.0447881    .1240095
              voc_train |   -.005916   .0321831    -0.18   0.854    -.0689937    .0571616
        migrated_fr_job |    .018336   .0172521     1.06   0.288    -.0154775    .0521495
         tot_chores_hrs |   .0000925   .0076682     0.01   0.990    -.0149369    .0151219
                  urban |   .0229843   .0309478     0.74   0.458    -.0376722    .0836408
            overtime_40 |   .0574715   .0424347     1.35   0.176     -.025699     .140642
------------------------+----------------------------------------------------------------
specif_err              |
             experience |   .1526927   1.466564     0.10   0.917     -2.72172    3.027106
          experience_sq |   .2766096   .8143095     0.34   0.734    -1.319408    1.872627
education_Below_primary |   .1773544   .1962085     0.90   0.366    -.2072072    .5619159
      education_Primary |   .5112284    .342834     1.49   0.136    -.1607139    1.183171
  education_Tenth_grade |   .3325548    .224985     1.48   0.139    -.1084076    .7735172
    education_Secondary |    .113508   .1114849     1.02   0.309    -.1049983    .3320143
     education_Bachelor |  -.0050353   .0811952    -0.06   0.951    -.1641751    .1541044
education_Masters_above |  -.0367387   .0391263    -0.94   0.348    -.1134249    .0399475
 caste_group_6_Janajati |  -.5064148   .2419941    -2.09   0.036    -.9807145   -.0321151
 caste_group_6_Adhibasi |  -.0264018   .1087659    -0.24   0.808     -.239579    .1867755
  caste_group_6_Madhesi |  -.0538115   .0974518    -0.55   0.581    -.2448135    .1371905
    caste_group_6_Dalit |  -.0053399   .1390711    -0.04   0.969    -.2779142    .2672344
   caste_group_6_Others |   .0468992   .1074851     0.44   0.663    -.1637677    .2575661
                hh_size |  -.1174798   .7509922    -0.16   0.876    -1.589398    1.354438
                 female |  -.0076574   .1673454    -0.05   0.964    -.3356484    .3203335
                married |  -.1575149   .5650849    -0.28   0.780    -1.265061    .9500313
               child_12 |   .3043802   .3487919     0.87   0.383    -.3792395    .9879998
              voc_train |  -.0332369   .1139141    -0.29   0.770    -.2565045    .1900307
        migrated_fr_job |   -.335498   .2096187    -1.60   0.109    -.7463431     .075347
         tot_chores_hrs |    .131169   .2168086     0.60   0.545    -.2937681     .556106
                  urban |  -.0892794     .40411    -0.22   0.825    -.8813204    .7027616
            overtime_40 |    .764209   .2949626     2.59   0.010      .186093    1.342325
                  _cons |  -1.284738   1.690193    -0.76   0.447    -4.597455     2.02798
------------------------+----------------------------------------------------------------
unexplained             |
                  total |    .302497   .2031547     1.49   0.136    -.0956788    .7006728
              rwg_error |   .4472109    .096651     4.63   0.000     .2577783    .6366434
          p_unexplained |  -.1447139   .2158333    -0.67   0.503    -.5677394    .2783117
------------------------+----------------------------------------------------------------
p_unexplained           |
             experience |  -.7680298   1.171216    -0.66   0.512    -3.063571    1.527512
          experience_sq |  -.3923566   .6097597    -0.64   0.520    -1.587464    .8027505
education_Below_primary |  -.4242188   .1203067    -3.53   0.000    -.6600156    -.188422
      education_Primary |  -.9201908   .1822271    -5.05   0.000    -1.277349   -.5630323
  education_Tenth_grade |  -.6014731   .1342066    -4.48   0.000    -.8645131   -.3384331
    education_Secondary |   -.268665   .0778008    -3.45   0.001    -.4211518   -.1161783
     education_Bachelor |  -.1321794   .0600805    -2.20   0.028     -.249935   -.0144238
education_Masters_above |   -.008653   .0315191    -0.27   0.784    -.0704294    .0531234
 caste_group_6_Janajati |   .4514235   .2027847     2.23   0.026     .0539727    .8488742
 caste_group_6_Adhibasi |   -.036973   .0684848    -0.54   0.589    -.1712006    .0972547
  caste_group_6_Madhesi |  -.0291121   .0900658    -0.32   0.747    -.2056378    .1474137
    caste_group_6_Dalit |  -.0413865   .0892361    -0.46   0.643    -.2162859     .133513
   caste_group_6_Others |   .0269603   .0645041     0.42   0.676    -.0994655    .1533861
                hh_size |   .1021822   .6473093     0.16   0.875    -1.166521    1.370885
                 female |  -.1360951   .1399236    -0.97   0.331    -.4103403    .1381501
                married |   .8320884   .4082349     2.04   0.042     .0319627    1.632214
               child_12 |  -.5819415   .2885358    -2.02   0.044    -1.147461   -.0164217
              voc_train |   .0025805   .0844272     0.03   0.976    -.1628939    .1680548
        migrated_fr_job |   .3713226   .1430112     2.60   0.009     .0910257    .6516194
         tot_chores_hrs |  -.0576587   .1694276    -0.34   0.734    -.3897307    .2744133
                  urban |   .2518324   .3291386     0.77   0.444    -.3932675    .8969323
            overtime_40 |   -1.07546   .3136085    -3.43   0.001    -1.690121   -.4607984
                  _cons |   3.291289   1.159266     2.84   0.005      1.01917    5.563409
------------------------+----------------------------------------------------------------
rwg_error               |
             experience |   -.002316   .0280059    -0.08   0.934    -.0572065    .0525745
          experience_sq |    .030084   .0332415     0.91   0.365    -.0350681    .0952362
education_Below_primary |   .0487854   .0262798     1.86   0.063    -.0027221    .1002928
      education_Primary |   -.039812   .0377503    -1.05   0.292    -.1138012    .0341772
  education_Tenth_grade |  -.0270418   .0307075    -0.88   0.379    -.0872275    .0331439
    education_Secondary |  -.0042495   .0166603    -0.26   0.799     -.036903     .028404
     education_Bachelor |  -.0006124   .0036771    -0.17   0.868    -.0078194    .0065946
education_Masters_above |   .0018687   .0099516     0.19   0.851    -.0176362    .0213735
 caste_group_6_Janajati |  -.0003326   .0200672    -0.02   0.987    -.0396636    .0389983
 caste_group_6_Adhibasi |  -.0015142    .005898    -0.26   0.797     -.013074    .0100456
  caste_group_6_Madhesi |  -.0018547   .0107292    -0.17   0.863    -.0228836    .0191741
    caste_group_6_Dalit |   .0008974    .004236     0.21   0.832     -.007405    .0091999
   caste_group_6_Others |   .0016328   .0044977     0.36   0.717    -.0071825    .0104481
                hh_size |   .0045681   .0460462     0.10   0.921    -.0856808    .0948169
                 female |   .0075141   .0097751     0.77   0.442    -.0116448     .026673
                married |   .0115913   .0141908     0.82   0.414    -.0162222    .0394048
               child_12 |    .037185    .023029     1.61   0.106    -.0079511     .082321
              voc_train |   .0027299   .0120919     0.23   0.821    -.0209697    .0264295
        migrated_fr_job |   .0782427    .030636     2.55   0.011     .0181971    .1382882
         tot_chores_hrs |  -.0048085    .007752    -0.62   0.535    -.0200022    .0103851
                  urban |  -.0136913   .0145224    -0.94   0.346    -.0421547    .0147722
            overtime_40 |   .3183447    .072332     4.40   0.000     .1765765    .4601128
-----------------------------------------------------------------------------------------
file test2.xlsx saved
file test2.xlsx saved

. 
end of do-file

. do "/var/folders/14/04v4h4t52rq0_5mkppfg4bp40000gn/T//SD05543.000000"

. clear

. * Load the dataset
. use Pooled.dta, clear

. 
. * Generate the log of hourly wage
. gen ln_wage = ln(hourly_wage)

. 
. * Define the label for formal employment
. label define formal_employment 0 "Informal Employment" 1 "Formal Employment"

. 
. * Sort the data by psu, hhid, and year
. sort psu hhid year

. 
. * Create a total count of formal employment within household and year
. by psu hhid year: egen total_formal = total(formal_employment)

. gen HH_formal = total_formal - formal_employment

. 
. * Define global macros
. global exp "experience experience_sq"

. global education "education_Below_primary education_Primary education_Tenth_grade education_Secondary education_Bachelor education_Masters_above" 

. global caste "caste_group_6_Janajati caste_group_6_Adhibasi caste_group_6_Madhesi caste_group_6_Dalit caste_group_6_Others"

. 
. * Initialize an empty local macro
. local quantiles ""

. 
. * Loop through the specific quantiles and add them to the local macro
. forvalues i = 1(49)100 {
  2.     local quantiles "`quantiles' `i'"
  3. }

. 
. * Display the local macro to verify (optional)
. di "`quantiles'"
 1 50 99

. 
. * Initialize Excel sheet
. putexcel set test2.xlsx, sheet(xyz) replace

. 
. * Loop through quantiles and perform Oaxaca-RIF decomposition
. local row = 1

. foreach q of local quantiles {
  2.     * Perform Oaxaca-RIF decomposition and save results using putexcel
.     oaxaca_rif ln_wage $exp $education $caste hh_size female ///
>     married child_12 voc_train migrated_fr_job tot_chores_hrs urban overtime_40 ///
>     if year == 2008 , by(formal_employment) wgt(1) rif(q(`q')) rwlogit(HH_formal dep_ratio $exp $education $caste) swap
  3.     
.     * Save the results to the Excel sheet
.     matrix results = r(table)
  4.         matrix nresult = results[1..6,1..6]
  5.     * Save the quantile label
.     putexcel A`col' = ("Quantile `q'")
  6.     
.     * Save the matrix results starting from the next row
.     local next_row = `col' + 1
  7.     putexcel A`next_row' = matrix(nresult', names)
  8.     
.     * Update row counter for the next quantile block
.     local row = `col' + colsof(nresult) + 2
  9. }
Estimating Reweighted RIF-OAXACA using RIF:q(1)
Model  : Blinder-Oaxaca RIF-decomposition
Type   : Reweighted
RIF    : q(1)
Scale  : 1
Group 1: formal_employment = 1 x1*b1             N of obs 1      = 2379
Group c: X1~>rw~>X2 or x2*b1                     N of obs C      = 2379
Group 2: formal_employment = 0 x2*b2             N of obs 2      = 4339

-----------------------------------------------------------------------------------------
                ln_wage |      Coef.   Std. Err.      z    P>|z|     [95% Conf. Interval]
------------------------+----------------------------------------------------------------
Overall                 |
                group_1 |   1.849282   .1013713    18.24   0.000     1.650598    2.047966
                group_c |   1.655726   .0764928    21.65   0.000     1.505803     1.80565
                group_2 |   1.025067   .0573041    17.89   0.000     .9127535    1.137381
            tdifference |    .824215    .116447     7.08   0.000     .5959832    1.052447
            t_explained |   .1935559   .1269933     1.52   0.127    -.0553463    .4424582
          t_unexplained |   .6306591   .0955767     6.60   0.000     .4433321     .817986
------------------------+----------------------------------------------------------------
explained               |
                  total |   .1935559   .1269933     1.52   0.127    -.0553463    .4424582
            p_explained |   .5253431   .1450467     3.62   0.000     .2410569    .8096293
             specif_err |  -.3317872   .1899212    -1.75   0.081    -.7040258    .0404515
------------------------+----------------------------------------------------------------
p_explained             |
             experience |    .073749   .0423658     1.74   0.082    -.0092866    .1567845
          experience_sq |   .0180383   .0308327     0.59   0.559    -.0423928    .0784693
education_Below_primary |   .0150407   .0501839     0.30   0.764    -.0833179    .1133994
      education_Primary |   .1891904   .0901673     2.10   0.036     .0124657    .3659151
  education_Tenth_grade |  -.0287273   .0457965    -0.63   0.530    -.1184868    .0610323
    education_Secondary |  -.0158584   .0836869    -0.19   0.850    -.1798818    .1481649
     education_Bachelor |  -.0036383   .0832365    -0.04   0.965    -.1667788    .1595022
education_Masters_above |   .0031098   .0568386     0.05   0.956    -.1082919    .1145114
 caste_group_6_Janajati |   .0073944   .0175959     0.42   0.674    -.0270928    .0418817
 caste_group_6_Adhibasi |   .1459621   .0352505     4.14   0.000     .0768723    .2150518
  caste_group_6_Madhesi |   .0050283   .0057924     0.87   0.385    -.0063247    .0163813
    caste_group_6_Dalit |   .0096503   .0496608     0.19   0.846    -.0876832    .1069837
   caste_group_6_Others |   .0247423   .0362104     0.68   0.494    -.0462289    .0957135
                hh_size |    .006136   .0077686     0.79   0.430    -.0090901    .0213621
                 female |   .0016874   .0035767     0.47   0.637    -.0053229    .0086976
                married |  -.0080836   .0403453    -0.20   0.841    -.0871588    .0709917
               child_12 |   .0158642   .0257143     0.62   0.537    -.0345348    .0662633
              voc_train |   .0224995   .0196078     1.15   0.251    -.0159311    .0609301
        migrated_fr_job |   .0103312   .0102847     1.00   0.315    -.0098265    .0304889
         tot_chores_hrs |  -.0007918   .0046463    -0.17   0.865    -.0098983    .0083147
                  urban |   .0058722   .0184676     0.32   0.751    -.0303236    .0420679
            overtime_40 |   .0281466   .0253848     1.11   0.268    -.0216067    .0778998
------------------------+----------------------------------------------------------------
specif_err              |
             experience |   1.487974    .742129     2.01   0.045     .0334284     2.94252
          experience_sq |  -.7069589   .4245989    -1.67   0.096    -1.539157    .1252396
education_Below_primary |   .0756631   .1091322     0.69   0.488     -.138232    .2895582
      education_Primary |  -.0919865   .1900201    -0.48   0.628    -.4644191     .280446
  education_Tenth_grade |    .100643   .1216634     0.83   0.408    -.1378128    .3390988
    education_Secondary |   .0372746   .0583723     0.64   0.523     -.077133    .1516822
     education_Bachelor |   .0293855   .0417815     0.70   0.482    -.0525047    .1112758
education_Masters_above |   .0136075    .019011     0.72   0.474    -.0236534    .0508684
 caste_group_6_Janajati |  -.0620969   .1180293    -0.53   0.599    -.2934301    .1692363
 caste_group_6_Adhibasi |   -.070933   .0576317    -1.23   0.218    -.1838891    .0420231
  caste_group_6_Madhesi |  -.0293565   .0483685    -0.61   0.544    -.1241571    .0654441
    caste_group_6_Dalit |   -.010692   .0756218    -0.14   0.888     -.158908    .1375241
   caste_group_6_Others |  -.0345583   .0578888    -0.60   0.551    -.1480182    .0789016
                hh_size |  -.4606625   .3724613    -1.24   0.216    -1.190673    .2693482
                 female |   .1313812    .083584     1.57   0.116    -.0324404    .2952029
                married |   .1418264   .2922645     0.49   0.627    -.4310014    .7146542
               child_12 |  -.0825914   .1760876    -0.47   0.639    -.4277168    .2625339
              voc_train |   .0258989   .0552989     0.47   0.640    -.0824849    .1342827
        migrated_fr_job |   .0164357   .1037546     0.16   0.874    -.1869197     .219791
         tot_chores_hrs |  -.1172243   .1073231    -1.09   0.275    -.3275737    .0931251
                  urban |  -.0623977   .2044736    -0.31   0.760    -.4631587    .3383633
            overtime_40 |   .0221054    .146823     0.15   0.880    -.2656625    .3098732
                  _cons |  -.6845249   .8938689    -0.77   0.444    -2.436476    1.067426
------------------------+----------------------------------------------------------------
unexplained             |
                  total |   .6306591   .0955767     6.60   0.000     .4433321     .817986
              rwg_error |   .0273598   .0371283     0.74   0.461    -.0454104      .10013
          p_unexplained |   .6032993   .1004994     6.00   0.000     .4063241    .8002745
------------------------+----------------------------------------------------------------
p_unexplained           |
             experience |  -.0104342   .5604759    -0.02   0.985    -1.108947    1.088078
          experience_sq |  -.1979259   .2896397    -0.68   0.494    -.7656094    .3697575
education_Below_primary |  -.1081101   .0565762    -1.91   0.056    -.2189975    .0027772
      education_Primary |  -.2912985   .0863848    -3.37   0.001    -.4606097   -.1219874
  education_Tenth_grade |  -.1365435   .0630009    -2.17   0.030    -.2600229   -.0130641
    education_Secondary |  -.0586884   .0367326    -1.60   0.110     -.130683    .0133061
     education_Bachelor |  -.0307385    .028389    -1.08   0.279    -.0863799    .0249029
education_Masters_above |  -.0161393   .0151101    -1.07   0.285    -.0457546    .0134761
 caste_group_6_Janajati |   .0999056   .0965735     1.03   0.301    -.0893751    .2891862
 caste_group_6_Adhibasi |   -.160317   .0335848    -4.77   0.000    -.2261421    -.094492
  caste_group_6_Madhesi |   .0378229   .0426119     0.89   0.375     -.045695    .1213408
    caste_group_6_Dalit |   .0469741   .0423357     1.11   0.267    -.0360023    .1299504
   caste_group_6_Others |  -.0054967   .0305268    -0.18   0.857    -.0653281    .0543347
                hh_size |   .1566481   .2964408     0.53   0.597    -.4243651    .7376614
                 female |  -.0552509   .0658517    -0.84   0.401    -.1843177     .073816
                married |  -.3404266   .1945724    -1.75   0.080    -.7217814    .0409282
               child_12 |   .1054711   .1345863     0.78   0.433    -.1583132    .3692554
              voc_train |   .0287819   .0408965     0.70   0.482    -.0513737    .1089375
        migrated_fr_job |   .0203723   .0675595     0.30   0.763     -.112042    .1527865
         tot_chores_hrs |   .1608824   .0799037     2.01   0.044      .004274    .3174908
                  urban |  -.1692001   .1579239    -1.07   0.284    -.4787253    .1403251
            overtime_40 |  -.1026947   .1526813    -0.67   0.501    -.4019446    .1965552
                  _cons |   1.629705   .5572429     2.92   0.003     .5375295    2.721881
------------------------+----------------------------------------------------------------
rwg_error               |
             experience |  -.0039308   .0116201    -0.34   0.735    -.0267058    .0188442
          experience_sq |    .008126   .0117229     0.69   0.488    -.0148504    .0311025
education_Below_primary |   .0134699    .008158     1.65   0.099    -.0025196    .0294593
      education_Primary |    -.01236   .0118885    -1.04   0.298    -.0356611    .0109411
  education_Tenth_grade |   -.008344   .0096223    -0.87   0.386    -.0272034    .0105154
    education_Secondary |  -.0010398     .00411    -0.25   0.800    -.0090953    .0070157
     education_Bachelor |  -.0005776   .0033481    -0.17   0.863    -.0071399    .0059846
education_Masters_above |  -.0004244   .0022853    -0.19   0.853    -.0049036    .0040547
 caste_group_6_Janajati |  -.0000132   .0007944    -0.02   0.987    -.0015702    .0015439
 caste_group_6_Adhibasi |  -.0144974   .0144461    -1.00   0.316    -.0428111    .0138164
  caste_group_6_Madhesi |   .0015626    .004388     0.36   0.722    -.0070377     .010163
    caste_group_6_Dalit |   .0001314   .0016363     0.08   0.936    -.0030756    .0033384
   caste_group_6_Others |  -.0000502   .0015019    -0.03   0.973    -.0029939    .0028935
                hh_size |  -.0159943    .018747    -0.85   0.394    -.0527377    .0207491
                 female |    .003742   .0045518     0.82   0.411    -.0051794    .0126635
                married |  -.0026481   .0037014    -0.72   0.474    -.0099028    .0046065
               child_12 |   .0004252   .0072808     0.06   0.953     -.013845    .0146953
              voc_train |   .0029759   .0050069     0.59   0.552    -.0068374    .0127892
        migrated_fr_job |   .0112541   .0105853     1.06   0.288    -.0094927    .0320009
         tot_chores_hrs |   .0038181   .0044868     0.85   0.395    -.0049758    .0126121
                  urban |  -.0053236   .0058311    -0.91   0.361    -.0167524    .0061053
            overtime_40 |   .0470579   .0278944     1.69   0.092    -.0076142      .10173
-----------------------------------------------------------------------------------------
A: invalid cell name
r(198);

end of do-file

r(198);

. do "/var/folders/14/04v4h4t52rq0_5mkppfg4bp40000gn/T//SD05543.000000"

. clear

. * Load the dataset
. use Pooled.dta, clear

. 
. * Generate the log of hourly wage
. gen ln_wage = ln(hourly_wage)

. 
. * Define the label for formal employment
. label define formal_employment 0 "Informal Employment" 1 "Formal Employment"

. 
. * Sort the data by psu, hhid, and year
. sort psu hhid year

. 
. * Create a total count of formal employment within household and year
. by psu hhid year: egen total_formal = total(formal_employment)

. gen HH_formal = total_formal - formal_employment

. 
. * Define global macros
. global exp "experience experience_sq"

. global education "education_Below_primary education_Primary education_Tenth_grade education_Secondary education_Bachelor education_Masters_above" 

. global caste "caste_group_6_Janajati caste_group_6_Adhibasi caste_group_6_Madhesi caste_group_6_Dalit caste_group_6_Others"

. 
. * Initialize an empty local macro
. local quantiles ""

. 
. * Loop through the specific quantiles and add them to the local macro
. forvalues i = 1(49)100 {
  2.     local quantiles "`quantiles' `i'"
  3. }

. 
. * Display the local macro to verify (optional)
. di "`quantiles'"
 1 50 99

. 
. * Initialize Excel sheet
. putexcel set test2.xlsx, sheet(xyz) replace

. 
. * Loop through quantiles and perform Oaxaca-RIF decomposition
. local row = 1

. foreach q of local quantiles {
  2.     * Perform Oaxaca-RIF decomposition and save results using putexcel
.     oaxaca_rif ln_wage $exp $education $caste hh_size female ///
>     married child_12 voc_train migrated_fr_job tot_chores_hrs urban overtime_40 ///
>     if year == 2008 , by(formal_employment) wgt(1) rif(q(`q')) rwlogit(HH_formal dep_ratio $exp $education $caste) swap
  3.     
.     * Save the results to the Excel sheet
.     matrix results = r(table)
  4.         matrix nresult = results[1..6,1..6]
  5.     * Save the quantile label
.     putexcel A`col' = ("Quantile `q'")
  6.     
.     * Save the matrix results starting from the next row
.     //local next_row = `row' + 1
.     putexcel B`row' = matrix(nresult', names)
  7.     
.     * Update row counter for the next quantile block
.     //local row = `row' + rowsof(nresult) + 2
. }
Estimating Reweighted RIF-OAXACA using RIF:q(1)
Model  : Blinder-Oaxaca RIF-decomposition
Type   : Reweighted
RIF    : q(1)
Scale  : 1
Group 1: formal_employment = 1 x1*b1             N of obs 1      = 2379
Group c: X1~>rw~>X2 or x2*b1                     N of obs C      = 2379
Group 2: formal_employment = 0 x2*b2             N of obs 2      = 4339

-----------------------------------------------------------------------------------------
                ln_wage |      Coef.   Std. Err.      z    P>|z|     [95% Conf. Interval]
------------------------+----------------------------------------------------------------
Overall                 |
                group_1 |   1.849282   .1013713    18.24   0.000     1.650598    2.047966
                group_c |   1.655726   .0764928    21.65   0.000     1.505803     1.80565
                group_2 |   1.025067   .0573041    17.89   0.000     .9127535    1.137381
            tdifference |    .824215    .116447     7.08   0.000     .5959832    1.052447
            t_explained |   .1935559   .1269933     1.52   0.127    -.0553463    .4424582
          t_unexplained |   .6306591   .0955767     6.60   0.000     .4433321     .817986
------------------------+----------------------------------------------------------------
explained               |
                  total |   .1935559   .1269933     1.52   0.127    -.0553463    .4424582
            p_explained |   .5253431   .1450467     3.62   0.000     .2410569    .8096293
             specif_err |  -.3317872   .1899212    -1.75   0.081    -.7040258    .0404515
------------------------+----------------------------------------------------------------
p_explained             |
             experience |    .073749   .0423658     1.74   0.082    -.0092866    .1567845
          experience_sq |   .0180383   .0308327     0.59   0.559    -.0423928    .0784693
education_Below_primary |   .0150407   .0501839     0.30   0.764    -.0833179    .1133994
      education_Primary |   .1891904   .0901673     2.10   0.036     .0124657    .3659151
  education_Tenth_grade |  -.0287273   .0457965    -0.63   0.530    -.1184868    .0610323
    education_Secondary |  -.0158584   .0836869    -0.19   0.850    -.1798818    .1481649
     education_Bachelor |  -.0036383   .0832365    -0.04   0.965    -.1667788    .1595022
education_Masters_above |   .0031098   .0568386     0.05   0.956    -.1082919    .1145114
 caste_group_6_Janajati |   .0073944   .0175959     0.42   0.674    -.0270928    .0418817
 caste_group_6_Adhibasi |   .1459621   .0352505     4.14   0.000     .0768723    .2150518
  caste_group_6_Madhesi |   .0050283   .0057924     0.87   0.385    -.0063247    .0163813
    caste_group_6_Dalit |   .0096503   .0496608     0.19   0.846    -.0876832    .1069837
   caste_group_6_Others |   .0247423   .0362104     0.68   0.494    -.0462289    .0957135
                hh_size |    .006136   .0077686     0.79   0.430    -.0090901    .0213621
                 female |   .0016874   .0035767     0.47   0.637    -.0053229    .0086976
                married |  -.0080836   .0403453    -0.20   0.841    -.0871588    .0709917
               child_12 |   .0158642   .0257143     0.62   0.537    -.0345348    .0662633
              voc_train |   .0224995   .0196078     1.15   0.251    -.0159311    .0609301
        migrated_fr_job |   .0103312   .0102847     1.00   0.315    -.0098265    .0304889
         tot_chores_hrs |  -.0007918   .0046463    -0.17   0.865    -.0098983    .0083147
                  urban |   .0058722   .0184676     0.32   0.751    -.0303236    .0420679
            overtime_40 |   .0281466   .0253848     1.11   0.268    -.0216067    .0778998
------------------------+----------------------------------------------------------------
specif_err              |
             experience |   1.487974    .742129     2.01   0.045     .0334284     2.94252
          experience_sq |  -.7069589   .4245989    -1.67   0.096    -1.539157    .1252396
education_Below_primary |   .0756631   .1091322     0.69   0.488     -.138232    .2895582
      education_Primary |  -.0919865   .1900201    -0.48   0.628    -.4644191     .280446
  education_Tenth_grade |    .100643   .1216634     0.83   0.408    -.1378128    .3390988
    education_Secondary |   .0372746   .0583723     0.64   0.523     -.077133    .1516822
     education_Bachelor |   .0293855   .0417815     0.70   0.482    -.0525047    .1112758
education_Masters_above |   .0136075    .019011     0.72   0.474    -.0236534    .0508684
 caste_group_6_Janajati |  -.0620969   .1180293    -0.53   0.599    -.2934301    .1692363
 caste_group_6_Adhibasi |   -.070933   .0576317    -1.23   0.218    -.1838891    .0420231
  caste_group_6_Madhesi |  -.0293565   .0483685    -0.61   0.544    -.1241571    .0654441
    caste_group_6_Dalit |   -.010692   .0756218    -0.14   0.888     -.158908    .1375241
   caste_group_6_Others |  -.0345583   .0578888    -0.60   0.551    -.1480182    .0789016
                hh_size |  -.4606625   .3724613    -1.24   0.216    -1.190673    .2693482
                 female |   .1313812    .083584     1.57   0.116    -.0324404    .2952029
                married |   .1418264   .2922645     0.49   0.627    -.4310014    .7146542
               child_12 |  -.0825914   .1760876    -0.47   0.639    -.4277168    .2625339
              voc_train |   .0258989   .0552989     0.47   0.640    -.0824849    .1342827
        migrated_fr_job |   .0164357   .1037546     0.16   0.874    -.1869197     .219791
         tot_chores_hrs |  -.1172243   .1073231    -1.09   0.275    -.3275737    .0931251
                  urban |  -.0623977   .2044736    -0.31   0.760    -.4631587    .3383633
            overtime_40 |   .0221054    .146823     0.15   0.880    -.2656625    .3098732
                  _cons |  -.6845249   .8938689    -0.77   0.444    -2.436476    1.067426
------------------------+----------------------------------------------------------------
unexplained             |
                  total |   .6306591   .0955767     6.60   0.000     .4433321     .817986
              rwg_error |   .0273598   .0371283     0.74   0.461    -.0454104      .10013
          p_unexplained |   .6032993   .1004994     6.00   0.000     .4063241    .8002745
------------------------+----------------------------------------------------------------
p_unexplained           |
             experience |  -.0104342   .5604759    -0.02   0.985    -1.108947    1.088078
          experience_sq |  -.1979259   .2896397    -0.68   0.494    -.7656094    .3697575
education_Below_primary |  -.1081101   .0565762    -1.91   0.056    -.2189975    .0027772
      education_Primary |  -.2912985   .0863848    -3.37   0.001    -.4606097   -.1219874
  education_Tenth_grade |  -.1365435   .0630009    -2.17   0.030    -.2600229   -.0130641
    education_Secondary |  -.0586884   .0367326    -1.60   0.110     -.130683    .0133061
     education_Bachelor |  -.0307385    .028389    -1.08   0.279    -.0863799    .0249029
education_Masters_above |  -.0161393   .0151101    -1.07   0.285    -.0457546    .0134761
 caste_group_6_Janajati |   .0999056   .0965735     1.03   0.301    -.0893751    .2891862
 caste_group_6_Adhibasi |   -.160317   .0335848    -4.77   0.000    -.2261421    -.094492
  caste_group_6_Madhesi |   .0378229   .0426119     0.89   0.375     -.045695    .1213408
    caste_group_6_Dalit |   .0469741   .0423357     1.11   0.267    -.0360023    .1299504
   caste_group_6_Others |  -.0054967   .0305268    -0.18   0.857    -.0653281    .0543347
                hh_size |   .1566481   .2964408     0.53   0.597    -.4243651    .7376614
                 female |  -.0552509   .0658517    -0.84   0.401    -.1843177     .073816
                married |  -.3404266   .1945724    -1.75   0.080    -.7217814    .0409282
               child_12 |   .1054711   .1345863     0.78   0.433    -.1583132    .3692554
              voc_train |   .0287819   .0408965     0.70   0.482    -.0513737    .1089375
        migrated_fr_job |   .0203723   .0675595     0.30   0.763     -.112042    .1527865
         tot_chores_hrs |   .1608824   .0799037     2.01   0.044      .004274    .3174908
                  urban |  -.1692001   .1579239    -1.07   0.284    -.4787253    .1403251
            overtime_40 |  -.1026947   .1526813    -0.67   0.501    -.4019446    .1965552
                  _cons |   1.629705   .5572429     2.92   0.003     .5375295    2.721881
------------------------+----------------------------------------------------------------
rwg_error               |
             experience |  -.0039308   .0116201    -0.34   0.735    -.0267058    .0188442
          experience_sq |    .008126   .0117229     0.69   0.488    -.0148504    .0311025
education_Below_primary |   .0134699    .008158     1.65   0.099    -.0025196    .0294593
      education_Primary |    -.01236   .0118885    -1.04   0.298    -.0356611    .0109411
  education_Tenth_grade |   -.008344   .0096223    -0.87   0.386    -.0272034    .0105154
    education_Secondary |  -.0010398     .00411    -0.25   0.800    -.0090953    .0070157
     education_Bachelor |  -.0005776   .0033481    -0.17   0.863    -.0071399    .0059846
education_Masters_above |  -.0004244   .0022853    -0.19   0.853    -.0049036    .0040547
 caste_group_6_Janajati |  -.0000132   .0007944    -0.02   0.987    -.0015702    .0015439
 caste_group_6_Adhibasi |  -.0144974   .0144461    -1.00   0.316    -.0428111    .0138164
  caste_group_6_Madhesi |   .0015626    .004388     0.36   0.722    -.0070377     .010163
    caste_group_6_Dalit |   .0001314   .0016363     0.08   0.936    -.0030756    .0033384
   caste_group_6_Others |  -.0000502   .0015019    -0.03   0.973    -.0029939    .0028935
                hh_size |  -.0159943    .018747    -0.85   0.394    -.0527377    .0207491
                 female |    .003742   .0045518     0.82   0.411    -.0051794    .0126635
                married |  -.0026481   .0037014    -0.72   0.474    -.0099028    .0046065
               child_12 |   .0004252   .0072808     0.06   0.953     -.013845    .0146953
              voc_train |   .0029759   .0050069     0.59   0.552    -.0068374    .0127892
        migrated_fr_job |   .0112541   .0105853     1.06   0.288    -.0094927    .0320009
         tot_chores_hrs |   .0038181   .0044868     0.85   0.395    -.0049758    .0126121
                  urban |  -.0053236   .0058311    -0.91   0.361    -.0167524    .0061053
            overtime_40 |   .0470579   .0278944     1.69   0.092    -.0076142      .10173
-----------------------------------------------------------------------------------------
A: invalid cell name
r(198);

end of do-file

r(198);

. do "/var/folders/14/04v4h4t52rq0_5mkppfg4bp40000gn/T//SD05543.000000"

. clear

. * Load the dataset
. use Pooled.dta, clear

. 
. * Generate the log of hourly wage
. gen ln_wage = ln(hourly_wage)

. 
. * Define the label for formal employment
. label define formal_employment 0 "Informal Employment" 1 "Formal Employment"

. 
. * Sort the data by psu, hhid, and year
. sort psu hhid year

. 
. * Create a total count of formal employment within household and year
. by psu hhid year: egen total_formal = total(formal_employment)

. gen HH_formal = total_formal - formal_employment

. 
. * Define global macros
. global exp "experience experience_sq"

. global education "education_Below_primary education_Primary education_Tenth_grade education_Secondary education_Bachelor education_Masters_above" 

. global caste "caste_group_6_Janajati caste_group_6_Adhibasi caste_group_6_Madhesi caste_group_6_Dalit caste_group_6_Others"

. 
. * Initialize an empty local macro
. local quantiles ""

. 
. * Loop through the specific quantiles and add them to the local macro
. forvalues i = 1(49)100 {
  2.     local quantiles "`quantiles' `i'"
  3. }

. 
. * Display the local macro to verify (optional)
. di "`quantiles'"
 1 50 99

. 
. * Initialize Excel sheet
. putexcel set test2.xlsx, sheet(xyz) replace

. 
. * Loop through quantiles and perform Oaxaca-RIF decomposition
. local row = 1

. foreach q of local quantiles {
  2.     * Perform Oaxaca-RIF decomposition and save results using putexcel
.     oaxaca_rif ln_wage $exp $education $caste hh_size female ///
>     married child_12 voc_train migrated_fr_job tot_chores_hrs urban overtime_40 ///
>     if year == 2008 , by(formal_employment) wgt(1) rif(q(`q')) rwlogit(HH_formal dep_ratio $exp $education $caste) swap
  3.     
.     * Save the results to the Excel sheet
.     matrix results = r(table)
  4.         matrix nresult = results[1..6,1..6]
  5.     * Save the quantile label
.     putexcel A`col' = ("Quantile `q'")
  6.     
.     * Save the matrix results starting from the next row
.     //local next_row = `row' + 1
.     putexcel B`row' = matrix(nresult', names)
  7.     
.     * Update row counter for the next quantile block
.     local row = `row' + rowsof(nresult) + 2
  8. }
Estimating Reweighted RIF-OAXACA using RIF:q(1)
Model  : Blinder-Oaxaca RIF-decomposition
Type   : Reweighted
RIF    : q(1)
Scale  : 1
Group 1: formal_employment = 1 x1*b1             N of obs 1      = 2379
Group c: X1~>rw~>X2 or x2*b1                     N of obs C      = 2379
Group 2: formal_employment = 0 x2*b2             N of obs 2      = 4339

-----------------------------------------------------------------------------------------
                ln_wage |      Coef.   Std. Err.      z    P>|z|     [95% Conf. Interval]
------------------------+----------------------------------------------------------------
Overall                 |
                group_1 |   1.849282   .1013713    18.24   0.000     1.650598    2.047966
                group_c |   1.655726   .0764928    21.65   0.000     1.505803     1.80565
                group_2 |   1.025067   .0573041    17.89   0.000     .9127535    1.137381
            tdifference |    .824215    .116447     7.08   0.000     .5959832    1.052447
            t_explained |   .1935559   .1269933     1.52   0.127    -.0553463    .4424582
          t_unexplained |   .6306591   .0955767     6.60   0.000     .4433321     .817986
------------------------+----------------------------------------------------------------
explained               |
                  total |   .1935559   .1269933     1.52   0.127    -.0553463    .4424582
            p_explained |   .5253431   .1450467     3.62   0.000     .2410569    .8096293
             specif_err |  -.3317872   .1899212    -1.75   0.081    -.7040258    .0404515
------------------------+----------------------------------------------------------------
p_explained             |
             experience |    .073749   .0423658     1.74   0.082    -.0092866    .1567845
          experience_sq |   .0180383   .0308327     0.59   0.559    -.0423928    .0784693
education_Below_primary |   .0150407   .0501839     0.30   0.764    -.0833179    .1133994
      education_Primary |   .1891904   .0901673     2.10   0.036     .0124657    .3659151
  education_Tenth_grade |  -.0287273   .0457965    -0.63   0.530    -.1184868    .0610323
    education_Secondary |  -.0158584   .0836869    -0.19   0.850    -.1798818    .1481649
     education_Bachelor |  -.0036383   .0832365    -0.04   0.965    -.1667788    .1595022
education_Masters_above |   .0031098   .0568386     0.05   0.956    -.1082919    .1145114
 caste_group_6_Janajati |   .0073944   .0175959     0.42   0.674    -.0270928    .0418817
 caste_group_6_Adhibasi |   .1459621   .0352505     4.14   0.000     .0768723    .2150518
  caste_group_6_Madhesi |   .0050283   .0057924     0.87   0.385    -.0063247    .0163813
    caste_group_6_Dalit |   .0096503   .0496608     0.19   0.846    -.0876832    .1069837
   caste_group_6_Others |   .0247423   .0362104     0.68   0.494    -.0462289    .0957135
                hh_size |    .006136   .0077686     0.79   0.430    -.0090901    .0213621
                 female |   .0016874   .0035767     0.47   0.637    -.0053229    .0086976
                married |  -.0080836   .0403453    -0.20   0.841    -.0871588    .0709917
               child_12 |   .0158642   .0257143     0.62   0.537    -.0345348    .0662633
              voc_train |   .0224995   .0196078     1.15   0.251    -.0159311    .0609301
        migrated_fr_job |   .0103312   .0102847     1.00   0.315    -.0098265    .0304889
         tot_chores_hrs |  -.0007918   .0046463    -0.17   0.865    -.0098983    .0083147
                  urban |   .0058722   .0184676     0.32   0.751    -.0303236    .0420679
            overtime_40 |   .0281466   .0253848     1.11   0.268    -.0216067    .0778998
------------------------+----------------------------------------------------------------
specif_err              |
             experience |   1.487974    .742129     2.01   0.045     .0334284     2.94252
          experience_sq |  -.7069589   .4245989    -1.67   0.096    -1.539157    .1252396
education_Below_primary |   .0756631   .1091322     0.69   0.488     -.138232    .2895582
      education_Primary |  -.0919865   .1900201    -0.48   0.628    -.4644191     .280446
  education_Tenth_grade |    .100643   .1216634     0.83   0.408    -.1378128    .3390988
    education_Secondary |   .0372746   .0583723     0.64   0.523     -.077133    .1516822
     education_Bachelor |   .0293855   .0417815     0.70   0.482    -.0525047    .1112758
education_Masters_above |   .0136075    .019011     0.72   0.474    -.0236534    .0508684
 caste_group_6_Janajati |  -.0620969   .1180293    -0.53   0.599    -.2934301    .1692363
 caste_group_6_Adhibasi |   -.070933   .0576317    -1.23   0.218    -.1838891    .0420231
  caste_group_6_Madhesi |  -.0293565   .0483685    -0.61   0.544    -.1241571    .0654441
    caste_group_6_Dalit |   -.010692   .0756218    -0.14   0.888     -.158908    .1375241
   caste_group_6_Others |  -.0345583   .0578888    -0.60   0.551    -.1480182    .0789016
                hh_size |  -.4606625   .3724613    -1.24   0.216    -1.190673    .2693482
                 female |   .1313812    .083584     1.57   0.116    -.0324404    .2952029
                married |   .1418264   .2922645     0.49   0.627    -.4310014    .7146542
               child_12 |  -.0825914   .1760876    -0.47   0.639    -.4277168    .2625339
              voc_train |   .0258989   .0552989     0.47   0.640    -.0824849    .1342827
        migrated_fr_job |   .0164357   .1037546     0.16   0.874    -.1869197     .219791
         tot_chores_hrs |  -.1172243   .1073231    -1.09   0.275    -.3275737    .0931251
                  urban |  -.0623977   .2044736    -0.31   0.760    -.4631587    .3383633
            overtime_40 |   .0221054    .146823     0.15   0.880    -.2656625    .3098732
                  _cons |  -.6845249   .8938689    -0.77   0.444    -2.436476    1.067426
------------------------+----------------------------------------------------------------
unexplained             |
                  total |   .6306591   .0955767     6.60   0.000     .4433321     .817986
              rwg_error |   .0273598   .0371283     0.74   0.461    -.0454104      .10013
          p_unexplained |   .6032993   .1004994     6.00   0.000     .4063241    .8002745
------------------------+----------------------------------------------------------------
p_unexplained           |
             experience |  -.0104342   .5604759    -0.02   0.985    -1.108947    1.088078
          experience_sq |  -.1979259   .2896397    -0.68   0.494    -.7656094    .3697575
education_Below_primary |  -.1081101   .0565762    -1.91   0.056    -.2189975    .0027772
      education_Primary |  -.2912985   .0863848    -3.37   0.001    -.4606097   -.1219874
  education_Tenth_grade |  -.1365435   .0630009    -2.17   0.030    -.2600229   -.0130641
    education_Secondary |  -.0586884   .0367326    -1.60   0.110     -.130683    .0133061
     education_Bachelor |  -.0307385    .028389    -1.08   0.279    -.0863799    .0249029
education_Masters_above |  -.0161393   .0151101    -1.07   0.285    -.0457546    .0134761
 caste_group_6_Janajati |   .0999056   .0965735     1.03   0.301    -.0893751    .2891862
 caste_group_6_Adhibasi |   -.160317   .0335848    -4.77   0.000    -.2261421    -.094492
  caste_group_6_Madhesi |   .0378229   .0426119     0.89   0.375     -.045695    .1213408
    caste_group_6_Dalit |   .0469741   .0423357     1.11   0.267    -.0360023    .1299504
   caste_group_6_Others |  -.0054967   .0305268    -0.18   0.857    -.0653281    .0543347
                hh_size |   .1566481   .2964408     0.53   0.597    -.4243651    .7376614
                 female |  -.0552509   .0658517    -0.84   0.401    -.1843177     .073816
                married |  -.3404266   .1945724    -1.75   0.080    -.7217814    .0409282
               child_12 |   .1054711   .1345863     0.78   0.433    -.1583132    .3692554
              voc_train |   .0287819   .0408965     0.70   0.482    -.0513737    .1089375
        migrated_fr_job |   .0203723   .0675595     0.30   0.763     -.112042    .1527865
         tot_chores_hrs |   .1608824   .0799037     2.01   0.044      .004274    .3174908
                  urban |  -.1692001   .1579239    -1.07   0.284    -.4787253    .1403251
            overtime_40 |  -.1026947   .1526813    -0.67   0.501    -.4019446    .1965552
                  _cons |   1.629705   .5572429     2.92   0.003     .5375295    2.721881
------------------------+----------------------------------------------------------------
rwg_error               |
             experience |  -.0039308   .0116201    -0.34   0.735    -.0267058    .0188442
          experience_sq |    .008126   .0117229     0.69   0.488    -.0148504    .0311025
education_Below_primary |   .0134699    .008158     1.65   0.099    -.0025196    .0294593
      education_Primary |    -.01236   .0118885    -1.04   0.298    -.0356611    .0109411
  education_Tenth_grade |   -.008344   .0096223    -0.87   0.386    -.0272034    .0105154
    education_Secondary |  -.0010398     .00411    -0.25   0.800    -.0090953    .0070157
     education_Bachelor |  -.0005776   .0033481    -0.17   0.863    -.0071399    .0059846
education_Masters_above |  -.0004244   .0022853    -0.19   0.853    -.0049036    .0040547
 caste_group_6_Janajati |  -.0000132   .0007944    -0.02   0.987    -.0015702    .0015439
 caste_group_6_Adhibasi |  -.0144974   .0144461    -1.00   0.316    -.0428111    .0138164
  caste_group_6_Madhesi |   .0015626    .004388     0.36   0.722    -.0070377     .010163
    caste_group_6_Dalit |   .0001314   .0016363     0.08   0.936    -.0030756    .0033384
   caste_group_6_Others |  -.0000502   .0015019    -0.03   0.973    -.0029939    .0028935
                hh_size |  -.0159943    .018747    -0.85   0.394    -.0527377    .0207491
                 female |    .003742   .0045518     0.82   0.411    -.0051794    .0126635
                married |  -.0026481   .0037014    -0.72   0.474    -.0099028    .0046065
               child_12 |   .0004252   .0072808     0.06   0.953     -.013845    .0146953
              voc_train |   .0029759   .0050069     0.59   0.552    -.0068374    .0127892
        migrated_fr_job |   .0112541   .0105853     1.06   0.288    -.0094927    .0320009
         tot_chores_hrs |   .0038181   .0044868     0.85   0.395    -.0049758    .0126121
                  urban |  -.0053236   .0058311    -0.91   0.361    -.0167524    .0061053
            overtime_40 |   .0470579   .0278944     1.69   0.092    -.0076142      .10173
-----------------------------------------------------------------------------------------
A: invalid cell name
r(198);

end of do-file

r(198);

. do "/var/folders/14/04v4h4t52rq0_5mkppfg4bp40000gn/T//SD05543.000000"

. clear

. * Load the dataset
. use Pooled.dta, clear

. 
. * Generate the log of hourly wage
. gen ln_wage = ln(hourly_wage)

. 
. * Define the label for formal employment
. label define formal_employment 0 "Informal Employment" 1 "Formal Employment"

. 
. * Sort the data by psu, hhid, and year
. sort psu hhid year

. 
. * Create a total count of formal employment within household and year
. by psu hhid year: egen total_formal = total(formal_employment)

. gen HH_formal = total_formal - formal_employment

. 
. * Define global macros
. global exp "experience experience_sq"

. global education "education_Below_primary education_Primary education_Tenth_grade education_Secondary education_Bachelor education_Masters_above" 

. global caste "caste_group_6_Janajati caste_group_6_Adhibasi caste_group_6_Madhesi caste_group_6_Dalit caste_group_6_Others"

. 
. * Initialize an empty local macro
. local quantiles ""

. 
. * Loop through the specific quantiles and add them to the local macro
. forvalues i = 1(49)100 {
  2.     local quantiles "`quantiles' `i'"
  3. }

. 
. * Display the local macro to verify (optional)
. di "`quantiles'"
 1 50 99

. 
. * Initialize Excel sheet
. putexcel set test2.xlsx, sheet(xyz) replace

. 
. * Loop through quantiles and perform Oaxaca-RIF decomposition
. local row = 1

. foreach q of local quantiles {
  2.     * Perform Oaxaca-RIF decomposition and save results using putexcel
.     oaxaca_rif ln_wage $exp $education $caste hh_size female ///
>     married child_12 voc_train migrated_fr_job tot_chores_hrs urban overtime_40 ///
>     if year == 2008 , by(formal_employment) wgt(1) rif(q(`q')) rwlogit(HH_formal dep_ratio $exp $education $caste) swap
  3.     
.     * Save the results to the Excel sheet
.     matrix results = r(table)
  4.         matrix nresult = results[1..6,1..6]
  5.     * Save the quantile label
.     putexcel A`row' = ("Quantile `q'")
  6.     
.     * Save the matrix results starting from the next row
.     local next_row = `row' + 1
  7.     putexcel B`row' = matrix(nresult', names)
  8.     
.     * Update row counter for the next quantile block
.     local row = `row' + rowsof(nresult) + 2
  9. }
Estimating Reweighted RIF-OAXACA using RIF:q(1)
Model  : Blinder-Oaxaca RIF-decomposition
Type   : Reweighted
RIF    : q(1)
Scale  : 1
Group 1: formal_employment = 1 x1*b1             N of obs 1      = 2379
Group c: X1~>rw~>X2 or x2*b1                     N of obs C      = 2379
Group 2: formal_employment = 0 x2*b2             N of obs 2      = 4339

-----------------------------------------------------------------------------------------
                ln_wage |      Coef.   Std. Err.      z    P>|z|     [95% Conf. Interval]
------------------------+----------------------------------------------------------------
Overall                 |
                group_1 |   1.849282   .1013713    18.24   0.000     1.650598    2.047966
                group_c |   1.655726   .0764928    21.65   0.000     1.505803     1.80565
                group_2 |   1.025067   .0573041    17.89   0.000     .9127535    1.137381
            tdifference |    .824215    .116447     7.08   0.000     .5959832    1.052447
            t_explained |   .1935559   .1269933     1.52   0.127    -.0553463    .4424582
          t_unexplained |   .6306591   .0955767     6.60   0.000     .4433321     .817986
------------------------+----------------------------------------------------------------
explained               |
                  total |   .1935559   .1269933     1.52   0.127    -.0553463    .4424582
            p_explained |   .5253431   .1450467     3.62   0.000     .2410569    .8096293
             specif_err |  -.3317872   .1899212    -1.75   0.081    -.7040258    .0404515
------------------------+----------------------------------------------------------------
p_explained             |
             experience |    .073749   .0423658     1.74   0.082    -.0092866    .1567845
          experience_sq |   .0180383   .0308327     0.59   0.559    -.0423928    .0784693
education_Below_primary |   .0150407   .0501839     0.30   0.764    -.0833179    .1133994
      education_Primary |   .1891904   .0901673     2.10   0.036     .0124657    .3659151
  education_Tenth_grade |  -.0287273   .0457965    -0.63   0.530    -.1184868    .0610323
    education_Secondary |  -.0158584   .0836869    -0.19   0.850    -.1798818    .1481649
     education_Bachelor |  -.0036383   .0832365    -0.04   0.965    -.1667788    .1595022
education_Masters_above |   .0031098   .0568386     0.05   0.956    -.1082919    .1145114
 caste_group_6_Janajati |   .0073944   .0175959     0.42   0.674    -.0270928    .0418817
 caste_group_6_Adhibasi |   .1459621   .0352505     4.14   0.000     .0768723    .2150518
  caste_group_6_Madhesi |   .0050283   .0057924     0.87   0.385    -.0063247    .0163813
    caste_group_6_Dalit |   .0096503   .0496608     0.19   0.846    -.0876832    .1069837
   caste_group_6_Others |   .0247423   .0362104     0.68   0.494    -.0462289    .0957135
                hh_size |    .006136   .0077686     0.79   0.430    -.0090901    .0213621
                 female |   .0016874   .0035767     0.47   0.637    -.0053229    .0086976
                married |  -.0080836   .0403453    -0.20   0.841    -.0871588    .0709917
               child_12 |   .0158642   .0257143     0.62   0.537    -.0345348    .0662633
              voc_train |   .0224995   .0196078     1.15   0.251    -.0159311    .0609301
        migrated_fr_job |   .0103312   .0102847     1.00   0.315    -.0098265    .0304889
         tot_chores_hrs |  -.0007918   .0046463    -0.17   0.865    -.0098983    .0083147
                  urban |   .0058722   .0184676     0.32   0.751    -.0303236    .0420679
            overtime_40 |   .0281466   .0253848     1.11   0.268    -.0216067    .0778998
------------------------+----------------------------------------------------------------
specif_err              |
             experience |   1.487974    .742129     2.01   0.045     .0334284     2.94252
          experience_sq |  -.7069589   .4245989    -1.67   0.096    -1.539157    .1252396
education_Below_primary |   .0756631   .1091322     0.69   0.488     -.138232    .2895582
      education_Primary |  -.0919865   .1900201    -0.48   0.628    -.4644191     .280446
  education_Tenth_grade |    .100643   .1216634     0.83   0.408    -.1378128    .3390988
    education_Secondary |   .0372746   .0583723     0.64   0.523     -.077133    .1516822
     education_Bachelor |   .0293855   .0417815     0.70   0.482    -.0525047    .1112758
education_Masters_above |   .0136075    .019011     0.72   0.474    -.0236534    .0508684
 caste_group_6_Janajati |  -.0620969   .1180293    -0.53   0.599    -.2934301    .1692363
 caste_group_6_Adhibasi |   -.070933   .0576317    -1.23   0.218    -.1838891    .0420231
  caste_group_6_Madhesi |  -.0293565   .0483685    -0.61   0.544    -.1241571    .0654441
    caste_group_6_Dalit |   -.010692   .0756218    -0.14   0.888     -.158908    .1375241
   caste_group_6_Others |  -.0345583   .0578888    -0.60   0.551    -.1480182    .0789016
                hh_size |  -.4606625   .3724613    -1.24   0.216    -1.190673    .2693482
                 female |   .1313812    .083584     1.57   0.116    -.0324404    .2952029
                married |   .1418264   .2922645     0.49   0.627    -.4310014    .7146542
               child_12 |  -.0825914   .1760876    -0.47   0.639    -.4277168    .2625339
              voc_train |   .0258989   .0552989     0.47   0.640    -.0824849    .1342827
        migrated_fr_job |   .0164357   .1037546     0.16   0.874    -.1869197     .219791
         tot_chores_hrs |  -.1172243   .1073231    -1.09   0.275    -.3275737    .0931251
                  urban |  -.0623977   .2044736    -0.31   0.760    -.4631587    .3383633
            overtime_40 |   .0221054    .146823     0.15   0.880    -.2656625    .3098732
                  _cons |  -.6845249   .8938689    -0.77   0.444    -2.436476    1.067426
------------------------+----------------------------------------------------------------
unexplained             |
                  total |   .6306591   .0955767     6.60   0.000     .4433321     .817986
              rwg_error |   .0273598   .0371283     0.74   0.461    -.0454104      .10013
          p_unexplained |   .6032993   .1004994     6.00   0.000     .4063241    .8002745
------------------------+----------------------------------------------------------------
p_unexplained           |
             experience |  -.0104342   .5604759    -0.02   0.985    -1.108947    1.088078
          experience_sq |  -.1979259   .2896397    -0.68   0.494    -.7656094    .3697575
education_Below_primary |  -.1081101   .0565762    -1.91   0.056    -.2189975    .0027772
      education_Primary |  -.2912985   .0863848    -3.37   0.001    -.4606097   -.1219874
  education_Tenth_grade |  -.1365435   .0630009    -2.17   0.030    -.2600229   -.0130641
    education_Secondary |  -.0586884   .0367326    -1.60   0.110     -.130683    .0133061
     education_Bachelor |  -.0307385    .028389    -1.08   0.279    -.0863799    .0249029
education_Masters_above |  -.0161393   .0151101    -1.07   0.285    -.0457546    .0134761
 caste_group_6_Janajati |   .0999056   .0965735     1.03   0.301    -.0893751    .2891862
 caste_group_6_Adhibasi |   -.160317   .0335848    -4.77   0.000    -.2261421    -.094492
  caste_group_6_Madhesi |   .0378229   .0426119     0.89   0.375     -.045695    .1213408
    caste_group_6_Dalit |   .0469741   .0423357     1.11   0.267    -.0360023    .1299504
   caste_group_6_Others |  -.0054967   .0305268    -0.18   0.857    -.0653281    .0543347
                hh_size |   .1566481   .2964408     0.53   0.597    -.4243651    .7376614
                 female |  -.0552509   .0658517    -0.84   0.401    -.1843177     .073816
                married |  -.3404266   .1945724    -1.75   0.080    -.7217814    .0409282
               child_12 |   .1054711   .1345863     0.78   0.433    -.1583132    .3692554
              voc_train |   .0287819   .0408965     0.70   0.482    -.0513737    .1089375
        migrated_fr_job |   .0203723   .0675595     0.30   0.763     -.112042    .1527865
         tot_chores_hrs |   .1608824   .0799037     2.01   0.044      .004274    .3174908
                  urban |  -.1692001   .1579239    -1.07   0.284    -.4787253    .1403251
            overtime_40 |  -.1026947   .1526813    -0.67   0.501    -.4019446    .1965552
                  _cons |   1.629705   .5572429     2.92   0.003     .5375295    2.721881
------------------------+----------------------------------------------------------------
rwg_error               |
             experience |  -.0039308   .0116201    -0.34   0.735    -.0267058    .0188442
          experience_sq |    .008126   .0117229     0.69   0.488    -.0148504    .0311025
education_Below_primary |   .0134699    .008158     1.65   0.099    -.0025196    .0294593
      education_Primary |    -.01236   .0118885    -1.04   0.298    -.0356611    .0109411
  education_Tenth_grade |   -.008344   .0096223    -0.87   0.386    -.0272034    .0105154
    education_Secondary |  -.0010398     .00411    -0.25   0.800    -.0090953    .0070157
     education_Bachelor |  -.0005776   .0033481    -0.17   0.863    -.0071399    .0059846
education_Masters_above |  -.0004244   .0022853    -0.19   0.853    -.0049036    .0040547
 caste_group_6_Janajati |  -.0000132   .0007944    -0.02   0.987    -.0015702    .0015439
 caste_group_6_Adhibasi |  -.0144974   .0144461    -1.00   0.316    -.0428111    .0138164
  caste_group_6_Madhesi |   .0015626    .004388     0.36   0.722    -.0070377     .010163
    caste_group_6_Dalit |   .0001314   .0016363     0.08   0.936    -.0030756    .0033384
   caste_group_6_Others |  -.0000502   .0015019    -0.03   0.973    -.0029939    .0028935
                hh_size |  -.0159943    .018747    -0.85   0.394    -.0527377    .0207491
                 female |    .003742   .0045518     0.82   0.411    -.0051794    .0126635
                married |  -.0026481   .0037014    -0.72   0.474    -.0099028    .0046065
               child_12 |   .0004252   .0072808     0.06   0.953     -.013845    .0146953
              voc_train |   .0029759   .0050069     0.59   0.552    -.0068374    .0127892
        migrated_fr_job |   .0112541   .0105853     1.06   0.288    -.0094927    .0320009
         tot_chores_hrs |   .0038181   .0044868     0.85   0.395    -.0049758    .0126121
                  urban |  -.0053236   .0058311    -0.91   0.361    -.0167524    .0061053
            overtime_40 |   .0470579   .0278944     1.69   0.092    -.0076142      .10173
-----------------------------------------------------------------------------------------
file test2.xlsx saved
file test2.xlsx saved
Estimating Reweighted RIF-OAXACA using RIF:q(50)
Model  : Blinder-Oaxaca RIF-decomposition
Type   : Reweighted
RIF    : q(50)
Scale  : 1
Group 1: formal_employment = 1 x1*b1             N of obs 1      = 2379
Group c: X1~>rw~>X2 or x2*b1                     N of obs C      = 2379
Group 2: formal_employment = 0 x2*b2             N of obs 2      = 4339

-----------------------------------------------------------------------------------------
                ln_wage |      Coef.   Std. Err.      z    P>|z|     [95% Conf. Interval]
------------------------+----------------------------------------------------------------
Overall                 |
                group_1 |   3.751492   .0138971   269.95   0.000     3.724254     3.77873
                group_c |    3.27065   .0178437   183.29   0.000     3.235677    3.305623
                group_2 |   2.943632   .0111356   264.34   0.000     2.921807    2.965458
            tdifference |   .8078595   .0178082    45.36   0.000     .7729561    .8427629
            t_explained |   .4808423   .0226169    21.26   0.000     .4365139    .5251707
          t_unexplained |   .3270171   .0210332    15.55   0.000     .2857927    .3682416
------------------------+----------------------------------------------------------------
explained               |
                  total |   .4808423   .0226169    21.26   0.000     .4365139    .5251707
            p_explained |   .3912942   .0193789    20.19   0.000     .3533122    .4292761
             specif_err |   .0895481   .0250922     3.57   0.000     .0403684    .1387279
------------------------+----------------------------------------------------------------
p_explained             |
             experience |   .0242411   .0111211     2.18   0.029     .0024442     .046038
          experience_sq |   .0033237   .0055796     0.60   0.551     -.007612    .0142595
education_Below_primary |  -.0023617   .0057243    -0.41   0.680    -.0135811    .0088576
      education_Primary |   -.023752   .0103114    -2.30   0.021    -.0439619   -.0035421
  education_Tenth_grade |    .036038   .0077773     4.63   0.000     .0207948    .0512811
    education_Secondary |   .0846044   .0115097     7.35   0.000     .0620458    .1071631
     education_Bachelor |   .1136377   .0125226     9.07   0.000     .0890938    .1381816
education_Masters_above |   .0883255   .0098695     8.95   0.000     .0689817    .1076693
 caste_group_6_Janajati |  -.0005502   .0020024    -0.27   0.783    -.0044749    .0033745
 caste_group_6_Adhibasi |   .0041972   .0033957     1.24   0.216    -.0024582    .0108526
  caste_group_6_Madhesi |   .0011103   .0009099     1.22   0.222    -.0006732    .0028937
    caste_group_6_Dalit |   .0110044   .0057506     1.91   0.056    -.0002665    .0222753
   caste_group_6_Others |   .0024416   .0041246     0.59   0.554    -.0056424    .0105256
                hh_size |  -.0010532   .0010029    -1.05   0.294    -.0030188    .0009124
                 female |  -.0013106   .0022252    -0.59   0.556     -.005672    .0030508
                married |  -.0016517   .0046014    -0.36   0.720    -.0106702    .0073669
               child_12 |   .0059342   .0030717     1.93   0.053    -.0000862    .0119546
              voc_train |   .0059786   .0023699     2.52   0.012     .0013337    .0106236
        migrated_fr_job |   .0040672    .001767     2.30   0.021     .0006039    .0075305
         tot_chores_hrs |   .0005313   .0006613     0.80   0.422    -.0007647    .0018274
                  urban |   .0027476   .0021561     1.27   0.203    -.0014784    .0069735
            overtime_40 |   .0337906   .0049735     6.79   0.000     .0240428    .0435385
------------------------+----------------------------------------------------------------
specif_err              |
             experience |  -.2344452   .1076294    -2.18   0.029    -.4453949   -.0234955
          experience_sq |   .1412275   .0592777     2.38   0.017     .0250453    .2574098
education_Below_primary |  -.0399872   .0140295    -2.85   0.004    -.0674846   -.0124899
      education_Primary |  -.0746978    .024433    -3.06   0.002    -.1225856     -.02681
  education_Tenth_grade |   .0011269   .0160886     0.07   0.944    -.0304063      .03266
    education_Secondary |  -.0083643   .0080824    -1.03   0.301    -.0242055    .0074769
     education_Bachelor |  -.0062772   .0059515    -1.05   0.292     -.017942    .0053876
education_Masters_above |   .0011565   .0028799     0.40   0.688    -.0044881     .006801
 caste_group_6_Janajati |   .0146108   .0179125     0.82   0.415    -.0204971    .0497188
 caste_group_6_Adhibasi |   .0279192   .0080729     3.46   0.001     .0120965    .0437418
  caste_group_6_Madhesi |   .0177812   .0072642     2.45   0.014     .0035437    .0320187
    caste_group_6_Dalit |   .0103631   .0099696     1.04   0.299     -.009177    .0299032
   caste_group_6_Others |   .0067895   .0077315     0.88   0.380     -.008364     .021943
                hh_size |   .0836001   .0554221     1.51   0.131    -.0250253    .1922255
                 female |  -.0146185   .0123421    -1.18   0.236    -.0388086    .0095716
                married |  -.0895704   .0411697    -2.18   0.030    -.1702615   -.0088792
               child_12 |   .0159419   .0255958     0.62   0.533    -.0342249    .0661088
              voc_train |  -.0140719   .0084803    -1.66   0.097     -.030693    .0025491
        migrated_fr_job |    -.04188   .0155012    -2.70   0.007    -.0722618   -.0114981
         tot_chores_hrs |   .0240148   .0160213     1.50   0.134    -.0073863    .0554159
                  urban |  -.0921652    .029667    -3.11   0.002    -.1503115   -.0340188
            overtime_40 |   .1327526   .0218464     6.08   0.000     .0899344    .1755708
                  _cons |   .2283417   .1221668     1.87   0.062    -.0111007    .4677842
------------------------+----------------------------------------------------------------
unexplained             |
                  total |   .3270171   .0210332    15.55   0.000     .2857927    .3682416
              rwg_error |   .1102881   .0141163     7.81   0.000     .0826207    .1379555
          p_unexplained |    .216729   .0190546    11.37   0.000     .1793828    .2540753
------------------------+----------------------------------------------------------------
p_unexplained           |
             experience |   .4103548   .1047481     3.92   0.000     .2050524    .6156573
          experience_sq |  -.1851047     .05425    -3.41   0.001    -.2914327   -.0787767
education_Below_primary |   .0212718   .0105848     2.01   0.044     .0005261    .0420176
      education_Primary |   .0653119    .016166     4.04   0.000     .0336271    .0969968
  education_Tenth_grade |   .0280994    .011787     2.38   0.017     .0049973    .0512015
    education_Secondary |   .0106488   .0068577     1.55   0.120    -.0027921    .0240896
     education_Bachelor |   .0115216   .0053437     2.16   0.031     .0010482     .021995
education_Masters_above |   .0043399   .0028427     1.53   0.127    -.0012316    .0099114
 caste_group_6_Janajati |  -.0477037   .0180626    -2.64   0.008    -.0831057   -.0123017
 caste_group_6_Adhibasi |  -.0238227   .0062076    -3.84   0.000    -.0359895    -.011656
  caste_group_6_Madhesi |  -.0197247   .0080056    -2.46   0.014    -.0354155   -.0040339
    caste_group_6_Dalit |   -.027417   .0079911    -3.43   0.001    -.0430793   -.0117548
   caste_group_6_Others |  -.0079307   .0057252    -1.39   0.166     -.019152    .0032905
                hh_size |    .079359   .0557016     1.42   0.154    -.0298142    .1885322
                 female |   .0292339   .0123478     2.37   0.018     .0050326    .0534351
                married |   .0085833   .0363455     0.24   0.813    -.0626526    .0798192
               child_12 |  -.0732568   .0252433    -2.90   0.004    -.1227328   -.0237808
              voc_train |   .0118852   .0076335     1.56   0.119    -.0030761    .0268465
        migrated_fr_job |   .0251251   .0126477     1.99   0.047      .000336    .0499141
         tot_chores_hrs |   .0173913   .0149416     1.16   0.244    -.0118937    .0466762
                  urban |   .0865022   .0294875     2.93   0.003     .0287077    .1442968
            overtime_40 |  -.2052525   .0285049    -7.20   0.000    -.2611211    -.149384
                  _cons |  -.0026862   .1039851    -0.03   0.979    -.2064932    .2011208
------------------------+----------------------------------------------------------------
rwg_error               |
             experience |  -.0202298   .0145934    -1.39   0.166    -.0488324    .0083728
          experience_sq |   .0139731   .0102767     1.36   0.174    -.0061688     .034115
education_Below_primary |  -.0056845    .002856    -1.99   0.047    -.0112822   -.0000869
      education_Primary |   .0053197   .0049731     1.07   0.285    -.0044274    .0150668
  education_Tenth_grade |   .0042024   .0046921     0.90   0.370     -.004994    .0133989
    education_Secondary |   .0013152   .0051332     0.26   0.798    -.0087456     .011376
     education_Bachelor |   .0010061   .0057842     0.17   0.862    -.0103307     .012343
education_Masters_above |   .0006995    .003707     0.19   0.850     -.006566    .0079651
 caste_group_6_Janajati |   6.40e-06    .000386     0.02   0.987    -.0007501    .0007629
 caste_group_6_Adhibasi |  -.0028613   .0028491    -1.00   0.315    -.0084455     .002723
  caste_group_6_Madhesi |   .0038441   .0021937     1.75   0.080    -.0004555    .0081438
    caste_group_6_Dalit |   .0012878    .001904     0.68   0.499     -.002444    .0050195
   caste_group_6_Others |   -.000594   .0009644    -0.62   0.538    -.0024841    .0012961
                hh_size |     .00311   .0035977     0.86   0.387    -.0039415    .0101614
                 female |   .0011923   .0013175     0.90   0.365      -.00139    .0037745
                married |   .0011001   .0013141     0.84   0.402    -.0014754    .0036756
               child_12 |   .0034726   .0019327     1.80   0.072    -.0003155    .0072606
              voc_train |   .0035757   .0017349     2.06   0.039     .0001754    .0069761
        migrated_fr_job |   .0121562   .0032889     3.70   0.000     .0057101    .0186023
         tot_chores_hrs |  -.0005328   .0007064    -0.75   0.451    -.0019174    .0008518
                  urban |  -.0053948   .0023002    -2.35   0.019    -.0099032   -.0008864
            overtime_40 |   .0893241   .0083123    10.75   0.000     .0730322     .105616
-----------------------------------------------------------------------------------------
file test2.xlsx saved
file test2.xlsx saved
Estimating Reweighted RIF-OAXACA using RIF:q(99)
Model  : Blinder-Oaxaca RIF-decomposition
Type   : Reweighted
RIF    : q(99)
Scale  : 1
Group 1: formal_employment = 1 x1*b1             N of obs 1      = 2379
Group c: X1~>rw~>X2 or x2*b1                     N of obs C      = 2379
Group 2: formal_employment = 0 x2*b2             N of obs 2      = 4339

-----------------------------------------------------------------------------------------
                ln_wage |      Coef.   Std. Err.      z    P>|z|     [95% Conf. Interval]
------------------------+----------------------------------------------------------------
Overall                 |
                group_1 |   5.710972   .1676648    34.06   0.000     5.382355    6.039589
                group_c |   5.251636    .191071    27.49   0.000     4.877143    5.626128
                group_2 |   4.949139   .0690196    71.71   0.000     4.813863    5.084415
            tdifference |    .761833   .1813152     4.20   0.000     .4064618    1.117204
            t_explained |    .459336   .2542038     1.81   0.071    -.0388944    .9575663
          t_unexplained |    .302497   .2031547     1.49   0.136    -.0956788    .7006728
------------------------+----------------------------------------------------------------
explained               |
                  total |    .459336   .2542038     1.81   0.071    -.0388944    .9575663
            p_explained |   .3078769   .2387857     1.29   0.197    -.1601346    .7758883
             specif_err |   .1514591   .3452398     0.44   0.661    -.5251984    .8281166
------------------------+----------------------------------------------------------------
p_explained             |
             experience |   .0108578   .0454939     0.24   0.811    -.0783087    .1000243
          experience_sq |   .0077163   .0177564     0.43   0.664    -.0270856    .0425183
education_Below_primary |   .1023106   .0843487     1.21   0.225    -.0630097    .2676309
      education_Primary |   .2018792    .148746     1.36   0.175    -.0896576     .493416
  education_Tenth_grade |  -.0904436   .0772058    -1.17   0.241    -.2417642     .060877
    education_Secondary |  -.1294201   .1396054    -0.93   0.354    -.4030416    .1442014
     education_Bachelor |  -.0903287   .1386737    -0.65   0.515    -.3621242    .1814668
education_Masters_above |   .0781252   .0948188     0.82   0.410    -.1077162    .2639666
 caste_group_6_Janajati |  -.0208942   .0294501    -0.71   0.478    -.0786154     .036827
 caste_group_6_Adhibasi |    .026396   .0490183     0.54   0.590    -.0696781      .12247
  caste_group_6_Madhesi |   .0051231   .0085992     0.60   0.551    -.0117311    .0219773
    caste_group_6_Dalit |   .0167858   .0826468     0.20   0.839    -.1451991    .1787706
   caste_group_6_Others |  -.0525002   .0603868    -0.87   0.385    -.1708561    .0658557
                hh_size |   .0040822   .0116555     0.35   0.726    -.0187621    .0269265
                 female |  -.0054954   .0099482    -0.55   0.581    -.0249936    .0140028
                married |    .111104   .0680224     1.63   0.102    -.0222176    .2444255
               child_12 |   .0396107   .0430614     0.92   0.358    -.0447881    .1240095
              voc_train |   -.005916   .0321831    -0.18   0.854    -.0689937    .0571616
        migrated_fr_job |    .018336   .0172521     1.06   0.288    -.0154775    .0521495
         tot_chores_hrs |   .0000925   .0076682     0.01   0.990    -.0149369    .0151219
                  urban |   .0229843   .0309478     0.74   0.458    -.0376722    .0836408
            overtime_40 |   .0574715   .0424347     1.35   0.176     -.025699     .140642
------------------------+----------------------------------------------------------------
specif_err              |
             experience |   .1526927   1.466564     0.10   0.917     -2.72172    3.027106
          experience_sq |   .2766096   .8143095     0.34   0.734    -1.319408    1.872627
education_Below_primary |   .1773544   .1962085     0.90   0.366    -.2072072    .5619159
      education_Primary |   .5112284    .342834     1.49   0.136    -.1607139    1.183171
  education_Tenth_grade |   .3325548    .224985     1.48   0.139    -.1084076    .7735172
    education_Secondary |    .113508   .1114849     1.02   0.309    -.1049983    .3320143
     education_Bachelor |  -.0050353   .0811952    -0.06   0.951    -.1641751    .1541044
education_Masters_above |  -.0367387   .0391263    -0.94   0.348    -.1134249    .0399475
 caste_group_6_Janajati |  -.5064148   .2419941    -2.09   0.036    -.9807145   -.0321151
 caste_group_6_Adhibasi |  -.0264018   .1087659    -0.24   0.808     -.239579    .1867755
  caste_group_6_Madhesi |  -.0538115   .0974518    -0.55   0.581    -.2448135    .1371905
    caste_group_6_Dalit |  -.0053399   .1390711    -0.04   0.969    -.2779142    .2672344
   caste_group_6_Others |   .0468992   .1074851     0.44   0.663    -.1637677    .2575661
                hh_size |  -.1174798   .7509922    -0.16   0.876    -1.589398    1.354438
                 female |  -.0076574   .1673454    -0.05   0.964    -.3356484    .3203335
                married |  -.1575149   .5650849    -0.28   0.780    -1.265061    .9500313
               child_12 |   .3043802   .3487919     0.87   0.383    -.3792395    .9879998
              voc_train |  -.0332369   .1139141    -0.29   0.770    -.2565045    .1900307
        migrated_fr_job |   -.335498   .2096187    -1.60   0.109    -.7463431     .075347
         tot_chores_hrs |    .131169   .2168086     0.60   0.545    -.2937681     .556106
                  urban |  -.0892794     .40411    -0.22   0.825    -.8813204    .7027616
            overtime_40 |    .764209   .2949626     2.59   0.010      .186093    1.342325
                  _cons |  -1.284738   1.690193    -0.76   0.447    -4.597455     2.02798
------------------------+----------------------------------------------------------------
unexplained             |
                  total |    .302497   .2031547     1.49   0.136    -.0956788    .7006728
              rwg_error |   .4472109    .096651     4.63   0.000     .2577783    .6366434
          p_unexplained |  -.1447139   .2158333    -0.67   0.503    -.5677394    .2783117
------------------------+----------------------------------------------------------------
p_unexplained           |
             experience |  -.7680298   1.171216    -0.66   0.512    -3.063571    1.527512
          experience_sq |  -.3923566   .6097597    -0.64   0.520    -1.587464    .8027505
education_Below_primary |  -.4242188   .1203067    -3.53   0.000    -.6600156    -.188422
      education_Primary |  -.9201908   .1822271    -5.05   0.000    -1.277349   -.5630323
  education_Tenth_grade |  -.6014731   .1342066    -4.48   0.000    -.8645131   -.3384331
    education_Secondary |   -.268665   .0778008    -3.45   0.001    -.4211518   -.1161783
     education_Bachelor |  -.1321794   .0600805    -2.20   0.028     -.249935   -.0144238
education_Masters_above |   -.008653   .0315191    -0.27   0.784    -.0704294    .0531234
 caste_group_6_Janajati |   .4514235   .2027847     2.23   0.026     .0539727    .8488742
 caste_group_6_Adhibasi |   -.036973   .0684848    -0.54   0.589    -.1712006    .0972547
  caste_group_6_Madhesi |  -.0291121   .0900658    -0.32   0.747    -.2056378    .1474137
    caste_group_6_Dalit |  -.0413865   .0892361    -0.46   0.643    -.2162859     .133513
   caste_group_6_Others |   .0269603   .0645041     0.42   0.676    -.0994655    .1533861
                hh_size |   .1021822   .6473093     0.16   0.875    -1.166521    1.370885
                 female |  -.1360951   .1399236    -0.97   0.331    -.4103403    .1381501
                married |   .8320884   .4082349     2.04   0.042     .0319627    1.632214
               child_12 |  -.5819415   .2885358    -2.02   0.044    -1.147461   -.0164217
              voc_train |   .0025805   .0844272     0.03   0.976    -.1628939    .1680548
        migrated_fr_job |   .3713226   .1430112     2.60   0.009     .0910257    .6516194
         tot_chores_hrs |  -.0576587   .1694276    -0.34   0.734    -.3897307    .2744133
                  urban |   .2518324   .3291386     0.77   0.444    -.3932675    .8969323
            overtime_40 |   -1.07546   .3136085    -3.43   0.001    -1.690121   -.4607984
                  _cons |   3.291289   1.159266     2.84   0.005      1.01917    5.563409
------------------------+----------------------------------------------------------------
rwg_error               |
             experience |   -.002316   .0280059    -0.08   0.934    -.0572065    .0525745
          experience_sq |    .030084   .0332415     0.91   0.365    -.0350681    .0952362
education_Below_primary |   .0487854   .0262798     1.86   0.063    -.0027221    .1002928
      education_Primary |   -.039812   .0377503    -1.05   0.292    -.1138012    .0341772
  education_Tenth_grade |  -.0270418   .0307075    -0.88   0.379    -.0872275    .0331439
    education_Secondary |  -.0042495   .0166603    -0.26   0.799     -.036903     .028404
     education_Bachelor |  -.0006124   .0036771    -0.17   0.868    -.0078194    .0065946
education_Masters_above |   .0018687   .0099516     0.19   0.851    -.0176362    .0213735
 caste_group_6_Janajati |  -.0003326   .0200672    -0.02   0.987    -.0396636    .0389983
 caste_group_6_Adhibasi |  -.0015142    .005898    -0.26   0.797     -.013074    .0100456
  caste_group_6_Madhesi |  -.0018547   .0107292    -0.17   0.863    -.0228836    .0191741
    caste_group_6_Dalit |   .0008974    .004236     0.21   0.832     -.007405    .0091999
   caste_group_6_Others |   .0016328   .0044977     0.36   0.717    -.0071825    .0104481
                hh_size |   .0045681   .0460462     0.10   0.921    -.0856808    .0948169
                 female |   .0075141   .0097751     0.77   0.442    -.0116448     .026673
                married |   .0115913   .0141908     0.82   0.414    -.0162222    .0394048
               child_12 |    .037185    .023029     1.61   0.106    -.0079511     .082321
              voc_train |   .0027299   .0120919     0.23   0.821    -.0209697    .0264295
        migrated_fr_job |   .0782427    .030636     2.55   0.011     .0181971    .1382882
         tot_chores_hrs |  -.0048085    .007752    -0.62   0.535    -.0200022    .0103851
                  urban |  -.0136913   .0145224    -0.94   0.346    -.0421547    .0147722
            overtime_40 |   .3183447    .072332     4.40   0.000     .1765765    .4601128
-----------------------------------------------------------------------------------------
file test2.xlsx saved
file test2.xlsx saved

. 
end of do-file

. do "/var/folders/14/04v4h4t52rq0_5mkppfg4bp40000gn/T//SD05543.000000"

. clear

. * Load the dataset
. use Pooled.dta, clear

. 
. * Generate the log of hourly wage
. gen ln_wage = ln(hourly_wage)

. 
. * Define the label for formal employment
. label define formal_employment 0 "Informal Employment" 1 "Formal Employment"

. 
. * Sort the data by psu, hhid, and year
. sort psu hhid year

. 
. * Create a total count of formal employment within household and year
. by psu hhid year: egen total_formal = total(formal_employment)

. gen HH_formal = total_formal - formal_employment

. 
. * Define global macros
. global exp "experience experience_sq"

. global education "education_Below_primary education_Primary education_Tenth_grade education_Secondary education_Bachelor education_Masters_above" 

. global caste "caste_group_6_Janajati caste_group_6_Adhibasi caste_group_6_Madhesi caste_group_6_Dalit caste_group_6_Others"

. 
. * Initialize an empty local macro
. local quantiles ""

. 
. * Loop through the specific quantiles and add them to the local macro
. forvalues i = 1(49)100 {
  2.     local quantiles "`quantiles' `i'"
  3. }

. 
. * Display the local macro to verify (optional)
. di "`quantiles'"
 1 50 99

. 
. * Initialize Excel sheet
. putexcel set test2.xlsx, sheet(xyz) replace

. 
. * Loop through quantiles and perform Oaxaca-RIF decomposition
. local row = 1

. foreach q of local quantiles {
  2.     * Perform Oaxaca-RIF decomposition and save results using putexcel
.     oaxaca_rif ln_wage $exp $education $caste hh_size female ///
>     married child_12 voc_train migrated_fr_job tot_chores_hrs urban overtime_40 ///
>     if year == 2008 , by(formal_employment) wgt(1) rif(q(`q')) rwlogit(HH_formal dep_ratio $exp $education $caste) swap
  3.     
.     * Save the results to the Excel sheet
.     matrix results = r(table)
  4.         matrix nresult = results[1..6,1..6]
  5.     * Save the quantile label
.     forvalues i = 0/6 {
  6.         putexcel A`=`row'+`i'' = ("Quantile `q'")
  7.     }
  8.     
.     * Save the matrix results starting from the next row
.     local next_row = `row' + 1
  9.     putexcel B`row' = matrix(nresult', names)
 10.     
.     * Update row counter for the next quantile block
.     local row = `row' + rowsof(nresult) + 1
 11. }
Estimating Reweighted RIF-OAXACA using RIF:q(1)
Model  : Blinder-Oaxaca RIF-decomposition
Type   : Reweighted
RIF    : q(1)
Scale  : 1
Group 1: formal_employment = 1 x1*b1             N of obs 1      = 2379
Group c: X1~>rw~>X2 or x2*b1                     N of obs C      = 2379
Group 2: formal_employment = 0 x2*b2             N of obs 2      = 4339

-----------------------------------------------------------------------------------------
                ln_wage |      Coef.   Std. Err.      z    P>|z|     [95% Conf. Interval]
------------------------+----------------------------------------------------------------
Overall                 |
                group_1 |   1.849282   .1013713    18.24   0.000     1.650598    2.047966
                group_c |   1.655726   .0764928    21.65   0.000     1.505803     1.80565
                group_2 |   1.025067   .0573041    17.89   0.000     .9127535    1.137381
            tdifference |    .824215    .116447     7.08   0.000     .5959832    1.052447
            t_explained |   .1935559   .1269933     1.52   0.127    -.0553463    .4424582
          t_unexplained |   .6306591   .0955767     6.60   0.000     .4433321     .817986
------------------------+----------------------------------------------------------------
explained               |
                  total |   .1935559   .1269933     1.52   0.127    -.0553463    .4424582
            p_explained |   .5253431   .1450467     3.62   0.000     .2410569    .8096293
             specif_err |  -.3317872   .1899212    -1.75   0.081    -.7040258    .0404515
------------------------+----------------------------------------------------------------
p_explained             |
             experience |    .073749   .0423658     1.74   0.082    -.0092866    .1567845
          experience_sq |   .0180383   .0308327     0.59   0.559    -.0423928    .0784693
education_Below_primary |   .0150407   .0501839     0.30   0.764    -.0833179    .1133994
      education_Primary |   .1891904   .0901673     2.10   0.036     .0124657    .3659151
  education_Tenth_grade |  -.0287273   .0457965    -0.63   0.530    -.1184868    .0610323
    education_Secondary |  -.0158584   .0836869    -0.19   0.850    -.1798818    .1481649
     education_Bachelor |  -.0036383   .0832365    -0.04   0.965    -.1667788    .1595022
education_Masters_above |   .0031098   .0568386     0.05   0.956    -.1082919    .1145114
 caste_group_6_Janajati |   .0073944   .0175959     0.42   0.674    -.0270928    .0418817
 caste_group_6_Adhibasi |   .1459621   .0352505     4.14   0.000     .0768723    .2150518
  caste_group_6_Madhesi |   .0050283   .0057924     0.87   0.385    -.0063247    .0163813
    caste_group_6_Dalit |   .0096503   .0496608     0.19   0.846    -.0876832    .1069837
   caste_group_6_Others |   .0247423   .0362104     0.68   0.494    -.0462289    .0957135
                hh_size |    .006136   .0077686     0.79   0.430    -.0090901    .0213621
                 female |   .0016874   .0035767     0.47   0.637    -.0053229    .0086976
                married |  -.0080836   .0403453    -0.20   0.841    -.0871588    .0709917
               child_12 |   .0158642   .0257143     0.62   0.537    -.0345348    .0662633
              voc_train |   .0224995   .0196078     1.15   0.251    -.0159311    .0609301
        migrated_fr_job |   .0103312   .0102847     1.00   0.315    -.0098265    .0304889
         tot_chores_hrs |  -.0007918   .0046463    -0.17   0.865    -.0098983    .0083147
                  urban |   .0058722   .0184676     0.32   0.751    -.0303236    .0420679
            overtime_40 |   .0281466   .0253848     1.11   0.268    -.0216067    .0778998
------------------------+----------------------------------------------------------------
specif_err              |
             experience |   1.487974    .742129     2.01   0.045     .0334284     2.94252
          experience_sq |  -.7069589   .4245989    -1.67   0.096    -1.539157    .1252396
education_Below_primary |   .0756631   .1091322     0.69   0.488     -.138232    .2895582
      education_Primary |  -.0919865   .1900201    -0.48   0.628    -.4644191     .280446
  education_Tenth_grade |    .100643   .1216634     0.83   0.408    -.1378128    .3390988
    education_Secondary |   .0372746   .0583723     0.64   0.523     -.077133    .1516822
     education_Bachelor |   .0293855   .0417815     0.70   0.482    -.0525047    .1112758
education_Masters_above |   .0136075    .019011     0.72   0.474    -.0236534    .0508684
 caste_group_6_Janajati |  -.0620969   .1180293    -0.53   0.599    -.2934301    .1692363
 caste_group_6_Adhibasi |   -.070933   .0576317    -1.23   0.218    -.1838891    .0420231
  caste_group_6_Madhesi |  -.0293565   .0483685    -0.61   0.544    -.1241571    .0654441
    caste_group_6_Dalit |   -.010692   .0756218    -0.14   0.888     -.158908    .1375241
   caste_group_6_Others |  -.0345583   .0578888    -0.60   0.551    -.1480182    .0789016
                hh_size |  -.4606625   .3724613    -1.24   0.216    -1.190673    .2693482
                 female |   .1313812    .083584     1.57   0.116    -.0324404    .2952029
                married |   .1418264   .2922645     0.49   0.627    -.4310014    .7146542
               child_12 |  -.0825914   .1760876    -0.47   0.639    -.4277168    .2625339
              voc_train |   .0258989   .0552989     0.47   0.640    -.0824849    .1342827
        migrated_fr_job |   .0164357   .1037546     0.16   0.874    -.1869197     .219791
         tot_chores_hrs |  -.1172243   .1073231    -1.09   0.275    -.3275737    .0931251
                  urban |  -.0623977   .2044736    -0.31   0.760    -.4631587    .3383633
            overtime_40 |   .0221054    .146823     0.15   0.880    -.2656625    .3098732
                  _cons |  -.6845249   .8938689    -0.77   0.444    -2.436476    1.067426
------------------------+----------------------------------------------------------------
unexplained             |
                  total |   .6306591   .0955767     6.60   0.000     .4433321     .817986
              rwg_error |   .0273598   .0371283     0.74   0.461    -.0454104      .10013
          p_unexplained |   .6032993   .1004994     6.00   0.000     .4063241    .8002745
------------------------+----------------------------------------------------------------
p_unexplained           |
             experience |  -.0104342   .5604759    -0.02   0.985    -1.108947    1.088078
          experience_sq |  -.1979259   .2896397    -0.68   0.494    -.7656094    .3697575
education_Below_primary |  -.1081101   .0565762    -1.91   0.056    -.2189975    .0027772
      education_Primary |  -.2912985   .0863848    -3.37   0.001    -.4606097   -.1219874
  education_Tenth_grade |  -.1365435   .0630009    -2.17   0.030    -.2600229   -.0130641
    education_Secondary |  -.0586884   .0367326    -1.60   0.110     -.130683    .0133061
     education_Bachelor |  -.0307385    .028389    -1.08   0.279    -.0863799    .0249029
education_Masters_above |  -.0161393   .0151101    -1.07   0.285    -.0457546    .0134761
 caste_group_6_Janajati |   .0999056   .0965735     1.03   0.301    -.0893751    .2891862
 caste_group_6_Adhibasi |   -.160317   .0335848    -4.77   0.000    -.2261421    -.094492
  caste_group_6_Madhesi |   .0378229   .0426119     0.89   0.375     -.045695    .1213408
    caste_group_6_Dalit |   .0469741   .0423357     1.11   0.267    -.0360023    .1299504
   caste_group_6_Others |  -.0054967   .0305268    -0.18   0.857    -.0653281    .0543347
                hh_size |   .1566481   .2964408     0.53   0.597    -.4243651    .7376614
                 female |  -.0552509   .0658517    -0.84   0.401    -.1843177     .073816
                married |  -.3404266   .1945724    -1.75   0.080    -.7217814    .0409282
               child_12 |   .1054711   .1345863     0.78   0.433    -.1583132    .3692554
              voc_train |   .0287819   .0408965     0.70   0.482    -.0513737    .1089375
        migrated_fr_job |   .0203723   .0675595     0.30   0.763     -.112042    .1527865
         tot_chores_hrs |   .1608824   .0799037     2.01   0.044      .004274    .3174908
                  urban |  -.1692001   .1579239    -1.07   0.284    -.4787253    .1403251
            overtime_40 |  -.1026947   .1526813    -0.67   0.501    -.4019446    .1965552
                  _cons |   1.629705   .5572429     2.92   0.003     .5375295    2.721881
------------------------+----------------------------------------------------------------
rwg_error               |
             experience |  -.0039308   .0116201    -0.34   0.735    -.0267058    .0188442
          experience_sq |    .008126   .0117229     0.69   0.488    -.0148504    .0311025
education_Below_primary |   .0134699    .008158     1.65   0.099    -.0025196    .0294593
      education_Primary |    -.01236   .0118885    -1.04   0.298    -.0356611    .0109411
  education_Tenth_grade |   -.008344   .0096223    -0.87   0.386    -.0272034    .0105154
    education_Secondary |  -.0010398     .00411    -0.25   0.800    -.0090953    .0070157
     education_Bachelor |  -.0005776   .0033481    -0.17   0.863    -.0071399    .0059846
education_Masters_above |  -.0004244   .0022853    -0.19   0.853    -.0049036    .0040547
 caste_group_6_Janajati |  -.0000132   .0007944    -0.02   0.987    -.0015702    .0015439
 caste_group_6_Adhibasi |  -.0144974   .0144461    -1.00   0.316    -.0428111    .0138164
  caste_group_6_Madhesi |   .0015626    .004388     0.36   0.722    -.0070377     .010163
    caste_group_6_Dalit |   .0001314   .0016363     0.08   0.936    -.0030756    .0033384
   caste_group_6_Others |  -.0000502   .0015019    -0.03   0.973    -.0029939    .0028935
                hh_size |  -.0159943    .018747    -0.85   0.394    -.0527377    .0207491
                 female |    .003742   .0045518     0.82   0.411    -.0051794    .0126635
                married |  -.0026481   .0037014    -0.72   0.474    -.0099028    .0046065
               child_12 |   .0004252   .0072808     0.06   0.953     -.013845    .0146953
              voc_train |   .0029759   .0050069     0.59   0.552    -.0068374    .0127892
        migrated_fr_job |   .0112541   .0105853     1.06   0.288    -.0094927    .0320009
         tot_chores_hrs |   .0038181   .0044868     0.85   0.395    -.0049758    .0126121
                  urban |  -.0053236   .0058311    -0.91   0.361    -.0167524    .0061053
            overtime_40 |   .0470579   .0278944     1.69   0.092    -.0076142      .10173
-----------------------------------------------------------------------------------------
file test2.xlsx saved
file test2.xlsx saved
file test2.xlsx saved
file test2.xlsx saved
file test2.xlsx saved
file test2.xlsx saved
file test2.xlsx saved
file test2.xlsx saved
Estimating Reweighted RIF-OAXACA using RIF:q(50)
Model  : Blinder-Oaxaca RIF-decomposition
Type   : Reweighted
RIF    : q(50)
Scale  : 1
Group 1: formal_employment = 1 x1*b1             N of obs 1      = 2379
Group c: X1~>rw~>X2 or x2*b1                     N of obs C      = 2379
Group 2: formal_employment = 0 x2*b2             N of obs 2      = 4339

-----------------------------------------------------------------------------------------
                ln_wage |      Coef.   Std. Err.      z    P>|z|     [95% Conf. Interval]
------------------------+----------------------------------------------------------------
Overall                 |
                group_1 |   3.751492   .0138971   269.95   0.000     3.724254     3.77873
                group_c |    3.27065   .0178437   183.29   0.000     3.235677    3.305623
                group_2 |   2.943632   .0111356   264.34   0.000     2.921807    2.965458
            tdifference |   .8078595   .0178082    45.36   0.000     .7729561    .8427629
            t_explained |   .4808423   .0226169    21.26   0.000     .4365139    .5251707
          t_unexplained |   .3270171   .0210332    15.55   0.000     .2857927    .3682416
------------------------+----------------------------------------------------------------
explained               |
                  total |   .4808423   .0226169    21.26   0.000     .4365139    .5251707
            p_explained |   .3912942   .0193789    20.19   0.000     .3533122    .4292761
             specif_err |   .0895481   .0250922     3.57   0.000     .0403684    .1387279
------------------------+----------------------------------------------------------------
p_explained             |
             experience |   .0242411   .0111211     2.18   0.029     .0024442     .046038
          experience_sq |   .0033237   .0055796     0.60   0.551     -.007612    .0142595
education_Below_primary |  -.0023617   .0057243    -0.41   0.680    -.0135811    .0088576
      education_Primary |   -.023752   .0103114    -2.30   0.021    -.0439619   -.0035421
  education_Tenth_grade |    .036038   .0077773     4.63   0.000     .0207948    .0512811
    education_Secondary |   .0846044   .0115097     7.35   0.000     .0620458    .1071631
     education_Bachelor |   .1136377   .0125226     9.07   0.000     .0890938    .1381816
education_Masters_above |   .0883255   .0098695     8.95   0.000     .0689817    .1076693
 caste_group_6_Janajati |  -.0005502   .0020024    -0.27   0.783    -.0044749    .0033745
 caste_group_6_Adhibasi |   .0041972   .0033957     1.24   0.216    -.0024582    .0108526
  caste_group_6_Madhesi |   .0011103   .0009099     1.22   0.222    -.0006732    .0028937
    caste_group_6_Dalit |   .0110044   .0057506     1.91   0.056    -.0002665    .0222753
   caste_group_6_Others |   .0024416   .0041246     0.59   0.554    -.0056424    .0105256
                hh_size |  -.0010532   .0010029    -1.05   0.294    -.0030188    .0009124
                 female |  -.0013106   .0022252    -0.59   0.556     -.005672    .0030508
                married |  -.0016517   .0046014    -0.36   0.720    -.0106702    .0073669
               child_12 |   .0059342   .0030717     1.93   0.053    -.0000862    .0119546
              voc_train |   .0059786   .0023699     2.52   0.012     .0013337    .0106236
        migrated_fr_job |   .0040672    .001767     2.30   0.021     .0006039    .0075305
         tot_chores_hrs |   .0005313   .0006613     0.80   0.422    -.0007647    .0018274
                  urban |   .0027476   .0021561     1.27   0.203    -.0014784    .0069735
            overtime_40 |   .0337906   .0049735     6.79   0.000     .0240428    .0435385
------------------------+----------------------------------------------------------------
specif_err              |
             experience |  -.2344452   .1076294    -2.18   0.029    -.4453949   -.0234955
          experience_sq |   .1412275   .0592777     2.38   0.017     .0250453    .2574098
education_Below_primary |  -.0399872   .0140295    -2.85   0.004    -.0674846   -.0124899
      education_Primary |  -.0746978    .024433    -3.06   0.002    -.1225856     -.02681
  education_Tenth_grade |   .0011269   .0160886     0.07   0.944    -.0304063      .03266
    education_Secondary |  -.0083643   .0080824    -1.03   0.301    -.0242055    .0074769
     education_Bachelor |  -.0062772   .0059515    -1.05   0.292     -.017942    .0053876
education_Masters_above |   .0011565   .0028799     0.40   0.688    -.0044881     .006801
 caste_group_6_Janajati |   .0146108   .0179125     0.82   0.415    -.0204971    .0497188
 caste_group_6_Adhibasi |   .0279192   .0080729     3.46   0.001     .0120965    .0437418
  caste_group_6_Madhesi |   .0177812   .0072642     2.45   0.014     .0035437    .0320187
    caste_group_6_Dalit |   .0103631   .0099696     1.04   0.299     -.009177    .0299032
   caste_group_6_Others |   .0067895   .0077315     0.88   0.380     -.008364     .021943
                hh_size |   .0836001   .0554221     1.51   0.131    -.0250253    .1922255
                 female |  -.0146185   .0123421    -1.18   0.236    -.0388086    .0095716
                married |  -.0895704   .0411697    -2.18   0.030    -.1702615   -.0088792
               child_12 |   .0159419   .0255958     0.62   0.533    -.0342249    .0661088
              voc_train |  -.0140719   .0084803    -1.66   0.097     -.030693    .0025491
        migrated_fr_job |    -.04188   .0155012    -2.70   0.007    -.0722618   -.0114981
         tot_chores_hrs |   .0240148   .0160213     1.50   0.134    -.0073863    .0554159
                  urban |  -.0921652    .029667    -3.11   0.002    -.1503115   -.0340188
            overtime_40 |   .1327526   .0218464     6.08   0.000     .0899344    .1755708
                  _cons |   .2283417   .1221668     1.87   0.062    -.0111007    .4677842
------------------------+----------------------------------------------------------------
unexplained             |
                  total |   .3270171   .0210332    15.55   0.000     .2857927    .3682416
              rwg_error |   .1102881   .0141163     7.81   0.000     .0826207    .1379555
          p_unexplained |    .216729   .0190546    11.37   0.000     .1793828    .2540753
------------------------+----------------------------------------------------------------
p_unexplained           |
             experience |   .4103548   .1047481     3.92   0.000     .2050524    .6156573
          experience_sq |  -.1851047     .05425    -3.41   0.001    -.2914327   -.0787767
education_Below_primary |   .0212718   .0105848     2.01   0.044     .0005261    .0420176
      education_Primary |   .0653119    .016166     4.04   0.000     .0336271    .0969968
  education_Tenth_grade |   .0280994    .011787     2.38   0.017     .0049973    .0512015
    education_Secondary |   .0106488   .0068577     1.55   0.120    -.0027921    .0240896
     education_Bachelor |   .0115216   .0053437     2.16   0.031     .0010482     .021995
education_Masters_above |   .0043399   .0028427     1.53   0.127    -.0012316    .0099114
 caste_group_6_Janajati |  -.0477037   .0180626    -2.64   0.008    -.0831057   -.0123017
 caste_group_6_Adhibasi |  -.0238227   .0062076    -3.84   0.000    -.0359895    -.011656
  caste_group_6_Madhesi |  -.0197247   .0080056    -2.46   0.014    -.0354155   -.0040339
    caste_group_6_Dalit |   -.027417   .0079911    -3.43   0.001    -.0430793   -.0117548
   caste_group_6_Others |  -.0079307   .0057252    -1.39   0.166     -.019152    .0032905
                hh_size |    .079359   .0557016     1.42   0.154    -.0298142    .1885322
                 female |   .0292339   .0123478     2.37   0.018     .0050326    .0534351
                married |   .0085833   .0363455     0.24   0.813    -.0626526    .0798192
               child_12 |  -.0732568   .0252433    -2.90   0.004    -.1227328   -.0237808
              voc_train |   .0118852   .0076335     1.56   0.119    -.0030761    .0268465
        migrated_fr_job |   .0251251   .0126477     1.99   0.047      .000336    .0499141
         tot_chores_hrs |   .0173913   .0149416     1.16   0.244    -.0118937    .0466762
                  urban |   .0865022   .0294875     2.93   0.003     .0287077    .1442968
            overtime_40 |  -.2052525   .0285049    -7.20   0.000    -.2611211    -.149384
                  _cons |  -.0026862   .1039851    -0.03   0.979    -.2064932    .2011208
------------------------+----------------------------------------------------------------
rwg_error               |
             experience |  -.0202298   .0145934    -1.39   0.166    -.0488324    .0083728
          experience_sq |   .0139731   .0102767     1.36   0.174    -.0061688     .034115
education_Below_primary |  -.0056845    .002856    -1.99   0.047    -.0112822   -.0000869
      education_Primary |   .0053197   .0049731     1.07   0.285    -.0044274    .0150668
  education_Tenth_grade |   .0042024   .0046921     0.90   0.370     -.004994    .0133989
    education_Secondary |   .0013152   .0051332     0.26   0.798    -.0087456     .011376
     education_Bachelor |   .0010061   .0057842     0.17   0.862    -.0103307     .012343
education_Masters_above |   .0006995    .003707     0.19   0.850     -.006566    .0079651
 caste_group_6_Janajati |   6.40e-06    .000386     0.02   0.987    -.0007501    .0007629
 caste_group_6_Adhibasi |  -.0028613   .0028491    -1.00   0.315    -.0084455     .002723
  caste_group_6_Madhesi |   .0038441   .0021937     1.75   0.080    -.0004555    .0081438
    caste_group_6_Dalit |   .0012878    .001904     0.68   0.499     -.002444    .0050195
   caste_group_6_Others |   -.000594   .0009644    -0.62   0.538    -.0024841    .0012961
                hh_size |     .00311   .0035977     0.86   0.387    -.0039415    .0101614
                 female |   .0011923   .0013175     0.90   0.365      -.00139    .0037745
                married |   .0011001   .0013141     0.84   0.402    -.0014754    .0036756
               child_12 |   .0034726   .0019327     1.80   0.072    -.0003155    .0072606
              voc_train |   .0035757   .0017349     2.06   0.039     .0001754    .0069761
        migrated_fr_job |   .0121562   .0032889     3.70   0.000     .0057101    .0186023
         tot_chores_hrs |  -.0005328   .0007064    -0.75   0.451    -.0019174    .0008518
                  urban |  -.0053948   .0023002    -2.35   0.019    -.0099032   -.0008864
            overtime_40 |   .0893241   .0083123    10.75   0.000     .0730322     .105616
-----------------------------------------------------------------------------------------
file test2.xlsx saved
file test2.xlsx saved
file test2.xlsx saved
file test2.xlsx saved
file test2.xlsx saved
file test2.xlsx saved
file test2.xlsx saved
file test2.xlsx saved
Estimating Reweighted RIF-OAXACA using RIF:q(99)
Model  : Blinder-Oaxaca RIF-decomposition
Type   : Reweighted
RIF    : q(99)
Scale  : 1
Group 1: formal_employment = 1 x1*b1             N of obs 1      = 2379
Group c: X1~>rw~>X2 or x2*b1                     N of obs C      = 2379
Group 2: formal_employment = 0 x2*b2             N of obs 2      = 4339

-----------------------------------------------------------------------------------------
                ln_wage |      Coef.   Std. Err.      z    P>|z|     [95% Conf. Interval]
------------------------+----------------------------------------------------------------
Overall                 |
                group_1 |   5.710972   .1676648    34.06   0.000     5.382355    6.039589
                group_c |   5.251636    .191071    27.49   0.000     4.877143    5.626128
                group_2 |   4.949139   .0690196    71.71   0.000     4.813863    5.084415
            tdifference |    .761833   .1813152     4.20   0.000     .4064618    1.117204
            t_explained |    .459336   .2542038     1.81   0.071    -.0388944    .9575663
          t_unexplained |    .302497   .2031547     1.49   0.136    -.0956788    .7006728
------------------------+----------------------------------------------------------------
explained               |
                  total |    .459336   .2542038     1.81   0.071    -.0388944    .9575663
            p_explained |   .3078769   .2387857     1.29   0.197    -.1601346    .7758883
             specif_err |   .1514591   .3452398     0.44   0.661    -.5251984    .8281166
------------------------+----------------------------------------------------------------
p_explained             |
             experience |   .0108578   .0454939     0.24   0.811    -.0783087    .1000243
          experience_sq |   .0077163   .0177564     0.43   0.664    -.0270856    .0425183
education_Below_primary |   .1023106   .0843487     1.21   0.225    -.0630097    .2676309
      education_Primary |   .2018792    .148746     1.36   0.175    -.0896576     .493416
  education_Tenth_grade |  -.0904436   .0772058    -1.17   0.241    -.2417642     .060877
    education_Secondary |  -.1294201   .1396054    -0.93   0.354    -.4030416    .1442014
     education_Bachelor |  -.0903287   .1386737    -0.65   0.515    -.3621242    .1814668
education_Masters_above |   .0781252   .0948188     0.82   0.410    -.1077162    .2639666
 caste_group_6_Janajati |  -.0208942   .0294501    -0.71   0.478    -.0786154     .036827
 caste_group_6_Adhibasi |    .026396   .0490183     0.54   0.590    -.0696781      .12247
  caste_group_6_Madhesi |   .0051231   .0085992     0.60   0.551    -.0117311    .0219773
    caste_group_6_Dalit |   .0167858   .0826468     0.20   0.839    -.1451991    .1787706
   caste_group_6_Others |  -.0525002   .0603868    -0.87   0.385    -.1708561    .0658557
                hh_size |   .0040822   .0116555     0.35   0.726    -.0187621    .0269265
                 female |  -.0054954   .0099482    -0.55   0.581    -.0249936    .0140028
                married |    .111104   .0680224     1.63   0.102    -.0222176    .2444255
               child_12 |   .0396107   .0430614     0.92   0.358    -.0447881    .1240095
              voc_train |   -.005916   .0321831    -0.18   0.854    -.0689937    .0571616
        migrated_fr_job |    .018336   .0172521     1.06   0.288    -.0154775    .0521495
         tot_chores_hrs |   .0000925   .0076682     0.01   0.990    -.0149369    .0151219
                  urban |   .0229843   .0309478     0.74   0.458    -.0376722    .0836408
            overtime_40 |   .0574715   .0424347     1.35   0.176     -.025699     .140642
------------------------+----------------------------------------------------------------
specif_err              |
             experience |   .1526927   1.466564     0.10   0.917     -2.72172    3.027106
          experience_sq |   .2766096   .8143095     0.34   0.734    -1.319408    1.872627
education_Below_primary |   .1773544   .1962085     0.90   0.366    -.2072072    .5619159
      education_Primary |   .5112284    .342834     1.49   0.136    -.1607139    1.183171
  education_Tenth_grade |   .3325548    .224985     1.48   0.139    -.1084076    .7735172
    education_Secondary |    .113508   .1114849     1.02   0.309    -.1049983    .3320143
     education_Bachelor |  -.0050353   .0811952    -0.06   0.951    -.1641751    .1541044
education_Masters_above |  -.0367387   .0391263    -0.94   0.348    -.1134249    .0399475
 caste_group_6_Janajati |  -.5064148   .2419941    -2.09   0.036    -.9807145   -.0321151
 caste_group_6_Adhibasi |  -.0264018   .1087659    -0.24   0.808     -.239579    .1867755
  caste_group_6_Madhesi |  -.0538115   .0974518    -0.55   0.581    -.2448135    .1371905
    caste_group_6_Dalit |  -.0053399   .1390711    -0.04   0.969    -.2779142    .2672344
   caste_group_6_Others |   .0468992   .1074851     0.44   0.663    -.1637677    .2575661
                hh_size |  -.1174798   .7509922    -0.16   0.876    -1.589398    1.354438
                 female |  -.0076574   .1673454    -0.05   0.964    -.3356484    .3203335
                married |  -.1575149   .5650849    -0.28   0.780    -1.265061    .9500313
               child_12 |   .3043802   .3487919     0.87   0.383    -.3792395    .9879998
              voc_train |  -.0332369   .1139141    -0.29   0.770    -.2565045    .1900307
        migrated_fr_job |   -.335498   .2096187    -1.60   0.109    -.7463431     .075347
         tot_chores_hrs |    .131169   .2168086     0.60   0.545    -.2937681     .556106
                  urban |  -.0892794     .40411    -0.22   0.825    -.8813204    .7027616
            overtime_40 |    .764209   .2949626     2.59   0.010      .186093    1.342325
                  _cons |  -1.284738   1.690193    -0.76   0.447    -4.597455     2.02798
------------------------+----------------------------------------------------------------
unexplained             |
                  total |    .302497   .2031547     1.49   0.136    -.0956788    .7006728
              rwg_error |   .4472109    .096651     4.63   0.000     .2577783    .6366434
          p_unexplained |  -.1447139   .2158333    -0.67   0.503    -.5677394    .2783117
------------------------+----------------------------------------------------------------
p_unexplained           |
             experience |  -.7680298   1.171216    -0.66   0.512    -3.063571    1.527512
          experience_sq |  -.3923566   .6097597    -0.64   0.520    -1.587464    .8027505
education_Below_primary |  -.4242188   .1203067    -3.53   0.000    -.6600156    -.188422
      education_Primary |  -.9201908   .1822271    -5.05   0.000    -1.277349   -.5630323
  education_Tenth_grade |  -.6014731   .1342066    -4.48   0.000    -.8645131   -.3384331
    education_Secondary |   -.268665   .0778008    -3.45   0.001    -.4211518   -.1161783
     education_Bachelor |  -.1321794   .0600805    -2.20   0.028     -.249935   -.0144238
education_Masters_above |   -.008653   .0315191    -0.27   0.784    -.0704294    .0531234
 caste_group_6_Janajati |   .4514235   .2027847     2.23   0.026     .0539727    .8488742
 caste_group_6_Adhibasi |   -.036973   .0684848    -0.54   0.589    -.1712006    .0972547
  caste_group_6_Madhesi |  -.0291121   .0900658    -0.32   0.747    -.2056378    .1474137
    caste_group_6_Dalit |  -.0413865   .0892361    -0.46   0.643    -.2162859     .133513
   caste_group_6_Others |   .0269603   .0645041     0.42   0.676    -.0994655    .1533861
                hh_size |   .1021822   .6473093     0.16   0.875    -1.166521    1.370885
                 female |  -.1360951   .1399236    -0.97   0.331    -.4103403    .1381501
                married |   .8320884   .4082349     2.04   0.042     .0319627    1.632214
               child_12 |  -.5819415   .2885358    -2.02   0.044    -1.147461   -.0164217
              voc_train |   .0025805   .0844272     0.03   0.976    -.1628939    .1680548
        migrated_fr_job |   .3713226   .1430112     2.60   0.009     .0910257    .6516194
         tot_chores_hrs |  -.0576587   .1694276    -0.34   0.734    -.3897307    .2744133
                  urban |   .2518324   .3291386     0.77   0.444    -.3932675    .8969323
            overtime_40 |   -1.07546   .3136085    -3.43   0.001    -1.690121   -.4607984
                  _cons |   3.291289   1.159266     2.84   0.005      1.01917    5.563409
------------------------+----------------------------------------------------------------
rwg_error               |
             experience |   -.002316   .0280059    -0.08   0.934    -.0572065    .0525745
          experience_sq |    .030084   .0332415     0.91   0.365    -.0350681    .0952362
education_Below_primary |   .0487854   .0262798     1.86   0.063    -.0027221    .1002928
      education_Primary |   -.039812   .0377503    -1.05   0.292    -.1138012    .0341772
  education_Tenth_grade |  -.0270418   .0307075    -0.88   0.379    -.0872275    .0331439
    education_Secondary |  -.0042495   .0166603    -0.26   0.799     -.036903     .028404
     education_Bachelor |  -.0006124   .0036771    -0.17   0.868    -.0078194    .0065946
education_Masters_above |   .0018687   .0099516     0.19   0.851    -.0176362    .0213735
 caste_group_6_Janajati |  -.0003326   .0200672    -0.02   0.987    -.0396636    .0389983
 caste_group_6_Adhibasi |  -.0015142    .005898    -0.26   0.797     -.013074    .0100456
  caste_group_6_Madhesi |  -.0018547   .0107292    -0.17   0.863    -.0228836    .0191741
    caste_group_6_Dalit |   .0008974    .004236     0.21   0.832     -.007405    .0091999
   caste_group_6_Others |   .0016328   .0044977     0.36   0.717    -.0071825    .0104481
                hh_size |   .0045681   .0460462     0.10   0.921    -.0856808    .0948169
                 female |   .0075141   .0097751     0.77   0.442    -.0116448     .026673
                married |   .0115913   .0141908     0.82   0.414    -.0162222    .0394048
               child_12 |    .037185    .023029     1.61   0.106    -.0079511     .082321
              voc_train |   .0027299   .0120919     0.23   0.821    -.0209697    .0264295
        migrated_fr_job |   .0782427    .030636     2.55   0.011     .0181971    .1382882
         tot_chores_hrs |  -.0048085    .007752    -0.62   0.535    -.0200022    .0103851
                  urban |  -.0136913   .0145224    -0.94   0.346    -.0421547    .0147722
            overtime_40 |   .3183447    .072332     4.40   0.000     .1765765    .4601128
-----------------------------------------------------------------------------------------
file test2.xlsx saved
file test2.xlsx saved
file test2.xlsx saved
file test2.xlsx saved
file test2.xlsx saved
file test2.xlsx saved
file test2.xlsx saved
file test2.xlsx saved

. 
end of do-file

. do "/var/folders/14/04v4h4t52rq0_5mkppfg4bp40000gn/T//SD05543.000000"

. * Clear any existing data and load the new dataset
. clear

. use Pooled.dta, clear

. 
. * Generate the log of hourly wage
. gen ln_wage = ln(hourly_wage)

. 
. * Define the label for formal employment
. label define formal_employment 0 "Informal Employment" 1 "Formal Employment"

. 
. * Sort the data by psu, hhid, and year
. sort psu hhid year

. 
. * Create a total count of formal employment within household and year
. by psu hhid year: egen total_formal = total(formal_employment)

. gen HH_formal = total_formal - formal_employment

. 
. * Define global macros
. global exp "experience experience_sq"

. global education "education_Below_primary education_Primary education_Tenth_grade education_Secondary education_Bachelor education_Masters_above" 

. global caste "caste_group_6_Janajati caste_group_6_Adhibasi caste_group_6_Madhesi caste_group_6_Dalit caste_group_6_Others"

. 
. * Initialize an empty local macro
. local quantiles ""

. 
. * Loop through the specific quantiles and add them to the local macro
. forvalues i = 1(49)100 {
  2.     local quantiles "`quantiles' `i'"
  3. }

. 
. * Display the local macro to verify (optional)
. di "`quantiles'"
 1 50 99

. 
. * Initialize Excel sheet
. putexcel set test2.xlsx, sheet(xyz) replace

. 
. * Loop through quantiles and perform Oaxaca-RIF decomposition
. local row = 1

. local first_quantile = 1

. 
. foreach q of local quantiles {
  2.     * Perform Oaxaca-RIF decomposition and save results using putexcel
.     oaxaca_rif ln_wage $exp $education $caste hh_size female ///
>     married child_12 voc_train migrated_fr_job tot_chores_hrs urban overtime_40 ///
>     if year == 2008 , by(formal_employment) wgt(1) rif(q(`q')) rwlogit(HH_formal dep_ratio $exp $education $caste) swap
  3.     
.     * Save the results to the Excel sheet
.     matrix results = r(table)
  4.     matrix nresult = results[1..6,1..6]
  5.     
.     * Save the quantile label for 7 rows
.     forvalues i = 0/6 {
  6.         putexcel A`=`row'+`i'' = ("Quantile `q'")
  7.     }
  8.     
.     * Save the matrix results starting from the next row
.     local next_row = `row' + 1
  9.     if `first_quantile' {
 10.         putexcel B`row' = matrix(nresult', names)
 11.         local first_quantile = 0
 12.     } else {
 13.         putexcel B`row' = matrix(nresult')
 14.     }
 15.     
.     * Update row counter for the next quantile block
.     local row = `row' + rowsof(nresult) + 1
 16. }
Estimating Reweighted RIF-OAXACA using RIF:q(1)
Model  : Blinder-Oaxaca RIF-decomposition
Type   : Reweighted
RIF    : q(1)
Scale  : 1
Group 1: formal_employment = 1 x1*b1             N of obs 1      = 2379
Group c: X1~>rw~>X2 or x2*b1                     N of obs C      = 2379
Group 2: formal_employment = 0 x2*b2             N of obs 2      = 4339

-----------------------------------------------------------------------------------------
                ln_wage |      Coef.   Std. Err.      z    P>|z|     [95% Conf. Interval]
------------------------+----------------------------------------------------------------
Overall                 |
                group_1 |   1.849282   .1013713    18.24   0.000     1.650598    2.047966
                group_c |   1.655726   .0764928    21.65   0.000     1.505803     1.80565
                group_2 |   1.025067   .0573041    17.89   0.000     .9127535    1.137381
            tdifference |    .824215    .116447     7.08   0.000     .5959832    1.052447
            t_explained |   .1935559   .1269933     1.52   0.127    -.0553463    .4424582
          t_unexplained |   .6306591   .0955767     6.60   0.000     .4433321     .817986
------------------------+----------------------------------------------------------------
explained               |
                  total |   .1935559   .1269933     1.52   0.127    -.0553463    .4424582
            p_explained |   .5253431   .1450467     3.62   0.000     .2410569    .8096293
             specif_err |  -.3317872   .1899212    -1.75   0.081    -.7040258    .0404515
------------------------+----------------------------------------------------------------
p_explained             |
             experience |    .073749   .0423658     1.74   0.082    -.0092866    .1567845
          experience_sq |   .0180383   .0308327     0.59   0.559    -.0423928    .0784693
education_Below_primary |   .0150407   .0501839     0.30   0.764    -.0833179    .1133994
      education_Primary |   .1891904   .0901673     2.10   0.036     .0124657    .3659151
  education_Tenth_grade |  -.0287273   .0457965    -0.63   0.530    -.1184868    .0610323
    education_Secondary |  -.0158584   .0836869    -0.19   0.850    -.1798818    .1481649
     education_Bachelor |  -.0036383   .0832365    -0.04   0.965    -.1667788    .1595022
education_Masters_above |   .0031098   .0568386     0.05   0.956    -.1082919    .1145114
 caste_group_6_Janajati |   .0073944   .0175959     0.42   0.674    -.0270928    .0418817
 caste_group_6_Adhibasi |   .1459621   .0352505     4.14   0.000     .0768723    .2150518
  caste_group_6_Madhesi |   .0050283   .0057924     0.87   0.385    -.0063247    .0163813
    caste_group_6_Dalit |   .0096503   .0496608     0.19   0.846    -.0876832    .1069837
   caste_group_6_Others |   .0247423   .0362104     0.68   0.494    -.0462289    .0957135
                hh_size |    .006136   .0077686     0.79   0.430    -.0090901    .0213621
                 female |   .0016874   .0035767     0.47   0.637    -.0053229    .0086976
                married |  -.0080836   .0403453    -0.20   0.841    -.0871588    .0709917
               child_12 |   .0158642   .0257143     0.62   0.537    -.0345348    .0662633
              voc_train |   .0224995   .0196078     1.15   0.251    -.0159311    .0609301
        migrated_fr_job |   .0103312   .0102847     1.00   0.315    -.0098265    .0304889
         tot_chores_hrs |  -.0007918   .0046463    -0.17   0.865    -.0098983    .0083147
                  urban |   .0058722   .0184676     0.32   0.751    -.0303236    .0420679
            overtime_40 |   .0281466   .0253848     1.11   0.268    -.0216067    .0778998
------------------------+----------------------------------------------------------------
specif_err              |
             experience |   1.487974    .742129     2.01   0.045     .0334284     2.94252
          experience_sq |  -.7069589   .4245989    -1.67   0.096    -1.539157    .1252396
education_Below_primary |   .0756631   .1091322     0.69   0.488     -.138232    .2895582
      education_Primary |  -.0919865   .1900201    -0.48   0.628    -.4644191     .280446
  education_Tenth_grade |    .100643   .1216634     0.83   0.408    -.1378128    .3390988
    education_Secondary |   .0372746   .0583723     0.64   0.523     -.077133    .1516822
     education_Bachelor |   .0293855   .0417815     0.70   0.482    -.0525047    .1112758
education_Masters_above |   .0136075    .019011     0.72   0.474    -.0236534    .0508684
 caste_group_6_Janajati |  -.0620969   .1180293    -0.53   0.599    -.2934301    .1692363
 caste_group_6_Adhibasi |   -.070933   .0576317    -1.23   0.218    -.1838891    .0420231
  caste_group_6_Madhesi |  -.0293565   .0483685    -0.61   0.544    -.1241571    .0654441
    caste_group_6_Dalit |   -.010692   .0756218    -0.14   0.888     -.158908    .1375241
   caste_group_6_Others |  -.0345583   .0578888    -0.60   0.551    -.1480182    .0789016
                hh_size |  -.4606625   .3724613    -1.24   0.216    -1.190673    .2693482
                 female |   .1313812    .083584     1.57   0.116    -.0324404    .2952029
                married |   .1418264   .2922645     0.49   0.627    -.4310014    .7146542
               child_12 |  -.0825914   .1760876    -0.47   0.639    -.4277168    .2625339
              voc_train |   .0258989   .0552989     0.47   0.640    -.0824849    .1342827
        migrated_fr_job |   .0164357   .1037546     0.16   0.874    -.1869197     .219791
         tot_chores_hrs |  -.1172243   .1073231    -1.09   0.275    -.3275737    .0931251
                  urban |  -.0623977   .2044736    -0.31   0.760    -.4631587    .3383633
            overtime_40 |   .0221054    .146823     0.15   0.880    -.2656625    .3098732
                  _cons |  -.6845249   .8938689    -0.77   0.444    -2.436476    1.067426
------------------------+----------------------------------------------------------------
unexplained             |
                  total |   .6306591   .0955767     6.60   0.000     .4433321     .817986
              rwg_error |   .0273598   .0371283     0.74   0.461    -.0454104      .10013
          p_unexplained |   .6032993   .1004994     6.00   0.000     .4063241    .8002745
------------------------+----------------------------------------------------------------
p_unexplained           |
             experience |  -.0104342   .5604759    -0.02   0.985    -1.108947    1.088078
          experience_sq |  -.1979259   .2896397    -0.68   0.494    -.7656094    .3697575
education_Below_primary |  -.1081101   .0565762    -1.91   0.056    -.2189975    .0027772
      education_Primary |  -.2912985   .0863848    -3.37   0.001    -.4606097   -.1219874
  education_Tenth_grade |  -.1365435   .0630009    -2.17   0.030    -.2600229   -.0130641
    education_Secondary |  -.0586884   .0367326    -1.60   0.110     -.130683    .0133061
     education_Bachelor |  -.0307385    .028389    -1.08   0.279    -.0863799    .0249029
education_Masters_above |  -.0161393   .0151101    -1.07   0.285    -.0457546    .0134761
 caste_group_6_Janajati |   .0999056   .0965735     1.03   0.301    -.0893751    .2891862
 caste_group_6_Adhibasi |   -.160317   .0335848    -4.77   0.000    -.2261421    -.094492
  caste_group_6_Madhesi |   .0378229   .0426119     0.89   0.375     -.045695    .1213408
    caste_group_6_Dalit |   .0469741   .0423357     1.11   0.267    -.0360023    .1299504
   caste_group_6_Others |  -.0054967   .0305268    -0.18   0.857    -.0653281    .0543347
                hh_size |   .1566481   .2964408     0.53   0.597    -.4243651    .7376614
                 female |  -.0552509   .0658517    -0.84   0.401    -.1843177     .073816
                married |  -.3404266   .1945724    -1.75   0.080    -.7217814    .0409282
               child_12 |   .1054711   .1345863     0.78   0.433    -.1583132    .3692554
              voc_train |   .0287819   .0408965     0.70   0.482    -.0513737    .1089375
        migrated_fr_job |   .0203723   .0675595     0.30   0.763     -.112042    .1527865
         tot_chores_hrs |   .1608824   .0799037     2.01   0.044      .004274    .3174908
                  urban |  -.1692001   .1579239    -1.07   0.284    -.4787253    .1403251
            overtime_40 |  -.1026947   .1526813    -0.67   0.501    -.4019446    .1965552
                  _cons |   1.629705   .5572429     2.92   0.003     .5375295    2.721881
------------------------+----------------------------------------------------------------
rwg_error               |
             experience |  -.0039308   .0116201    -0.34   0.735    -.0267058    .0188442
          experience_sq |    .008126   .0117229     0.69   0.488    -.0148504    .0311025
education_Below_primary |   .0134699    .008158     1.65   0.099    -.0025196    .0294593
      education_Primary |    -.01236   .0118885    -1.04   0.298    -.0356611    .0109411
  education_Tenth_grade |   -.008344   .0096223    -0.87   0.386    -.0272034    .0105154
    education_Secondary |  -.0010398     .00411    -0.25   0.800    -.0090953    .0070157
     education_Bachelor |  -.0005776   .0033481    -0.17   0.863    -.0071399    .0059846
education_Masters_above |  -.0004244   .0022853    -0.19   0.853    -.0049036    .0040547
 caste_group_6_Janajati |  -.0000132   .0007944    -0.02   0.987    -.0015702    .0015439
 caste_group_6_Adhibasi |  -.0144974   .0144461    -1.00   0.316    -.0428111    .0138164
  caste_group_6_Madhesi |   .0015626    .004388     0.36   0.722    -.0070377     .010163
    caste_group_6_Dalit |   .0001314   .0016363     0.08   0.936    -.0030756    .0033384
   caste_group_6_Others |  -.0000502   .0015019    -0.03   0.973    -.0029939    .0028935
                hh_size |  -.0159943    .018747    -0.85   0.394    -.0527377    .0207491
                 female |    .003742   .0045518     0.82   0.411    -.0051794    .0126635
                married |  -.0026481   .0037014    -0.72   0.474    -.0099028    .0046065
               child_12 |   .0004252   .0072808     0.06   0.953     -.013845    .0146953
              voc_train |   .0029759   .0050069     0.59   0.552    -.0068374    .0127892
        migrated_fr_job |   .0112541   .0105853     1.06   0.288    -.0094927    .0320009
         tot_chores_hrs |   .0038181   .0044868     0.85   0.395    -.0049758    .0126121
                  urban |  -.0053236   .0058311    -0.91   0.361    -.0167524    .0061053
            overtime_40 |   .0470579   .0278944     1.69   0.092    -.0076142      .10173
-----------------------------------------------------------------------------------------
file test2.xlsx saved
file test2.xlsx saved
file test2.xlsx saved
file test2.xlsx saved
file test2.xlsx saved
file test2.xlsx saved
file test2.xlsx saved
file test2.xlsx saved
